DATE,TIME,STREET1,STREET2,ROAD_CLASS,DISTRICT,LATITUDE,LONGITUDE,ACCLOC,TRAFFCTL,VISIBILITY,LIGHT,RDSFCOND,ACCLASS,IMPACTYPE,INVTYPE,INVAGE,INITDIR,MANOEUVER,DRIVACT,DRIVCOND,PEDTYPE,PEDACT,PEDCOND,CYCLISTYPE,PEDESTRIAN,SPEEDING,NEIGHBOURHOOD_158,DIVISION
7/13/2013 8:00:00 AM,1845,FINCH AVE E,MIDLAND AVE,Major Arterial,Scarborough,43.803745,-79.28629,At Intersection,Traffic Signal,Clear,Daylight,Dry,0,Pedestrian Collisions,Driver,60 to 64,North,Turning Left,Failed to Yield Right of Way,Inattentive,Unknown,Unknown,Unknown,Unknown,Yes,No,Agincourt South-Malvern West,D42
1/31/2023 10:00:00 AM,810,RENFORTH DR,SILVER DART DR,Major Arterial,Etobicoke York,43.676428,-79.593204,Intersection Related,Traffic Signal,Clear,Daylight,Dry,0,Angle,Driver,25 to 29,West,Going Ahead,Disobeyed Traffic Control,Normal,Unknown,Unknown,Unknown,Unknown,No,No,West Humber-Clairville,D23
9/15/2018 8:00:00 AM,2130,JARVIS ST,QUEEN ST E,Major Arterial,Scarborough,43.65462,-79.373607,Non Intersection,No Control,Clear,"Dark, artificial",Dry,0,Turning Movement,Driver,55 to 59,North,Making U Turn,Improper Turn,Normal,Unknown,Unknown,Unknown,Unknown,No,No,Moss Park,D51
6/21/2012 8:00:00 AM,2016,LANSDOWNE AVE,SEAFORTH AVE,Minor Arterial,Toronto and East York,43.643445,-79.43779,Unknown,No Control,Rain,"Dusk, artificial",Wet,0,Pedestrian Collisions,Driver,30 to 34,South,Pulling Away from Shoulder or Curb,Failed to Yield Right of Way,Unknown,Unknown,Unknown,Unknown,Unknown,Yes,No,Roncesvalles,D11
4/7/2009 8:00:00 AM,1608,BROADVIEW AVE,GAMBLE AVE,Minor Arterial,Toronto and East York,43.689345,-79.35499,Unknown,No Control,Clear,Daylight,Dry,0,SMV Other,Vehicle Owner,unknown,Unknown,Unknown,Unknown,Unknown,Unknown,Unknown,Unknown,Unknown,No,Yes,Broadview North,D55
2/15/2019 10:00:00 AM,2049,WESTON RD,ROGERS RD,Major Arterial,Etobicoke York,43.681536,-79.476711,At Intersection,Yield Sign,Clear,"Dark, artificial",Wet,0,Pedestrian Collisions,Truck Driver,60 to 64,North,Turning Right,Failed to Yield Right of Way,Normal,Unknown,Unknown,Unknown,Unknown,Yes,No,Rockcliffe-Smythe,D12
4/16/2010 8:00:00 AM,1643,LAKE SHORE BLVD W,BUDAPEST LANE,Major Arterial,Toronto and East York,43.637045,-79.44769,Unknown,Traffic Signal,Clear,Daylight,Dry,0,Pedestrian Collisions,Vehicle Owner,unknown,Unknown,Unknown,Unknown,Unknown,Unknown,Unknown,Unknown,Unknown,Yes,No,South Parkdale,D11
12/3/2007 10:00:00 AM,1250,DON MILLS RD,CLIFFWOOD RD,Major Arterial,North York,43.807645,-79.35749,Unknown,No Control,Clear,Daylight,Wet,0,Rear End,Driver,45 to 49,South,Stopped,Driving Properly,Normal,Unknown,Unknown,Unknown,Unknown,No,No,Hillcrest Village,D33
4/24/2013 8:00:00 AM,1624,MORNINGSIDE Ave,BEATH St,Major Arterial,Scarborough,43.774745,-79.18869,Unknown,No Control,Rain,Daylight,Wet,0,Sideswipe,Driver,15 to 19,North,Changing Lanes,Following too Close,Inattentive,Unknown,Unknown,Unknown,Unknown,No,No,West Hill,D43
9/25/2011 8:00:00 AM,1958,LAWRENCE Ave E,VALPARAISO Ave,Major Arterial,Scarborough,43.755245,-79.24679,Unknown,No Control,Clear,Dark,Dry,0,Pedestrian Collisions,Pedestrian,50 to 54,South,Unknown,Unknown,Unknown,Vehicle is going straight thru inter.while ped cross without ROW,"Crossing, no Traffic Control",Unknown,Unknown,Yes,No,Bendale South,D43
12/3/2012 10:00:00 AM,650,VICTORIA PARK AVE,LAWRENCE AVE E,Major Arterial,North York,43.742145,-79.30979,At Intersection,Traffic Signal,Clear,"Dawn, artificial",Dry,0,Pedestrian Collisions,Driver,40 to 44,North,Turning Left,Improper Turn,Unknown,Unknown,Unknown,Unknown,Unknown,Yes,No,Wexford/Maryvale,D41
9/7/2021 8:00:00 AM,630,HORNER AV,ALDERCREST RD,Minor Arterial,Etobicoke York,43.602839,-79.539798,Non Intersection,No Control,Clear,"Dark, artificial",Dry,0,Rear End,Truck Driver,70 to 74,West,Going Ahead,Driving Properly,Normal,Unknown,Unknown,Unknown,Unknown,No,No,Alderwood,D22
7/25/2022 8:00:00 AM,2000,YORK ST,LAKESHORE W GARDINER,Major Arterial,Toronto and East York,43.641688,-79.380946,At Intersection,Traffic Signal,Clear,Daylight,Dry,0,Turning Movement,Driver,50 to 54,West,Going Ahead,Driving Properly,Normal,Unknown,Unknown,Unknown,Unknown,No,No,St Lawrence-East Bayfront-The Islands,D52
5/8/2013 8:00:00 AM,1423,EGLINTON AVE W,BRAEMAR AVE,Major Arterial,North York,43.704345,-79.40959,At Intersection,No Control,Clear,Daylight,Dry,0,Turning Movement,Driver,20 to 24,West,Turning Left,Driving Properly,Normal,Unknown,Unknown,Unknown,Unknown,No,No,Yonge-Eglinton,D53
11/22/2007 10:00:00 AM,2209,KIPLING AVE,MOUNT OLIVE DR,Major Arterial,Etobicoke York,43.746845,-79.58379,At Intersection,Traffic Controller,Clear,Dark,Other,0,Turning Movement,Truck Driver,20 to 24,South,Going Ahead,Other,Normal,Unknown,Unknown,Unknown,Unknown,No,No,Mount Olive-Silverstone-Jamestown,D23
7/20/2007 8:00:00 AM,818,BLOOR ST E,PARLIAMENT ST,Major Arterial,Toronto and East York,43.672045,-79.37069,At Intersection,Traffic Signal,Clear,Daylight,Dry,0,Rear End,Passenger,35 to 39,Unknown,Unknown,Unknown,Unknown,Unknown,Unknown,Unknown,Unknown,No,No,Rosedale-Moore Park,D53
8/15/2006 8:00:00 AM,1519,MCCOWAN RD,SANDHURST CRCL,Major Arterial,Scarborough,43.811645,-79.26919,At Intersection,Traffic Signal,Clear,Daylight,Dry,0,Turning Movement,Driver,65 to 69,North,Turning Left,Improper Turn,Normal,Unknown,Unknown,Unknown,Unknown,No,No,Agincourt North,D42
12/31/2011 10:00:00 AM,915,F G GARDINER XY  E,KIPLING Ave,Unknown,Etobicoke York,43.618445,-79.52249,Unknown,No Control,Rain,Daylight,Wet,0,SMV Other,Passenger,30 to 34,Unknown,Unknown,Unknown,Unknown,Unknown,Unknown,Unknown,Unknown,No,Yes,Mimico-Queensway,D22
12/2/2014 10:00:00 AM,1450,HIGHWAY 27  N,DIXON RD,Major Arterial,Etobicoke York,43.689719,-79.582462,Non Intersection,No Control,Rain,Daylight,Wet,0,Turning Movement,Truck Driver,40 to 44,South,Going Ahead,Driving Properly,Normal,Unknown,Unknown,Unknown,Unknown,No,No,West Humber-Clairville,D23
7/21/2007 8:00:00 AM,210,QUEEN ST E,KNOX AVE,Minor Arterial,Toronto and East York,43.664245,-79.32569,Unknown,No Control,Clear,Dark,Dry,0,Cyclist Collisions,Cyclist,20 to 24,East,Going Ahead,Unknown,Unknown,Unknown,Unknown,Unknown,Cyclist and Driver travelling in same direction. One vehicle rear-ended the other.,No,No,Greenwood-Coxwell,D55
7/12/2011 8:00:00 AM,700,F G GARDINER XY Expr E,KIPLING AVE,Unknown,Etobicoke York,43.618045,-79.52449,Unknown,No Control,Clear,Daylight,Dry,0,Rear End,Driver,45 to 49,East,Slowing or Stopping,Speed too Fast For Condition,Inattentive,Unknown,Unknown,Unknown,Unknown,No,Yes,Mimico-Queensway,D22
9/26/2006 8:00:00 AM,1443,EGLINTON AVE W,FAIRBANK AVE,Major Arterial,North York,43.695145,-79.45279,Unknown,No Control,Clear,Daylight,Dry,0,Pedestrian Collisions,Driver,50 to 54,East,Turning Left,Failed to Yield Right of Way,Inattentive,Unknown,Unknown,Unknown,Unknown,Yes,No,Caledonia-Fairbank,D13
7/29/2013 8:00:00 AM,1111,DANFORTH Ave,LINNSMORE Cres,Major Arterial,Toronto and East York,43.681845,-79.33059,Unknown,No Control,Clear,Daylight,Dry,0,Pedestrian Collisions,Pedestrian,70 to 74,South,Unknown,Unknown,Unknown,Pedestrian hit at mid-block,"Crossing, no Traffic Control",Unknown,Unknown,Yes,No,Greenwood-Coxwell,D55
7/7/2008 8:00:00 AM,437,DIXON Rd,ROYAL YORK Rd,Major Arterial,Etobicoke York,43.699845,-79.53429,At Intersection,Traffic Signal,Clear,Dark,Dry,0,SMV Other,Other Property Owner,unknown,Unknown,Unknown,Unknown,Unknown,Unknown,Unknown,Unknown,Unknown,No,No,Kingsview Village-The Westway,D23
8/21/2016 8:00:00 AM,1617,ALBION RD,HIGHWAY 27  N,Major Arterial,Etobicoke York,43.744208,-79.607509,At Intersection,Traffic Signal,Clear,Daylight,Dry,0,Turning Movement,Passenger,35 to 39,Unknown,Unknown,Unknown,Unknown,Unknown,Unknown,Unknown,Unknown,No,No,West Humber-Clairville,D23
6/21/2011 8:00:00 AM,145,YONGE Stre,HIGHWAY 401 C  E,Major Arterial,North York,43.754145,-79.40859,Unknown,No Control,Clear,Dark,Dry,0,SMV Other,Other Property Owner,unknown,Unknown,Unknown,Unknown,Unknown,Unknown,Unknown,Unknown,Unknown,No,No,Lansing-Westgate,D32
7/8/2006 8:00:00 AM,1650,REES ST,LAKE SHORE BLVD W,Major Arterial,Toronto and East York,43.639445,-79.38679,At Intersection,Traffic Signal,Clear,Daylight,Dry,0,Angle,Passenger,30 to 34,Unknown,Unknown,Unknown,Unknown,Unknown,Unknown,Unknown,Unknown,No,No,Harbourfront-CityPlace,D52
6/6/2006 8:00:00 AM,1530,YONGE ST,DAVENPORT RD,Major Arterial,Toronto and East York,43.673345,-79.38809,At Intersection,No Control,Clear,Daylight,Dry,0,Cyclist Collisions,Cyclist,40 to 44,North,Going Ahead,Unknown,Unknown,Unknown,Unknown,Unknown,"Motorist turns right at non-signal Inter.(stop, yield, no cont.,and dwy) and strikes cyclist.",No,No,Annex,D53
6/27/2019 8:00:00 AM,1850,LAKE SHORE BLVD W,TENTH ST,Major Arterial,Etobicoke York,43.599944,-79.508594,At Intersection,Traffic Signal,Clear,Daylight,Dry,0,Pedestrian Collisions,Driver,40 to 44,North,Turning Left,Failed to Yield Right of Way,Inattentive,Unknown,Unknown,Unknown,Unknown,Yes,No,New Toronto,D22
7/17/2011 8:00:00 AM,2000,TWYN RIVERS Driv,LITTLE ROUGE RIVER,Collector,Scarborough,43.814545,-79.15699,Unknown,No Control,Clear,Daylight,Dry,0,Approaching,Motorcycle Driver,25 to 29,East,Going Ahead,Other,Unknown,Unknown,Unknown,Unknown,Unknown,No,No,Morningside Heights,D42
10/28/2006 8:00:00 AM,2030,EGLINTON AVE E,BRENTCLIFFE RD,Major Arterial,North York,43.714745,-79.35889,Unknown,No Control,Rain,Dark,Wet,0,Pedestrian Collisions,Driver,30 to 34,West,Going Ahead,Driving Properly,Normal,Unknown,Unknown,Unknown,Unknown,Yes,No,Thorncliffe Park,D53
10/22/2014 8:00:00 AM,1803,PARKINGTON CRES,ELLESMERE RD,Major Arterial,Scarborough,43.773245,-79.246219,At Intersection,Traffic Signal,Clear,Dusk,Dry,0,Pedestrian Collisions,Driver,25 to 29,West,Going Ahead,Disobeyed Traffic Control,Inattentive,Unknown,Unknown,Unknown,Unknown,Yes,No,Woburn North,D43
12/21/2010 10:00:00 AM,1639,DANFORTH Ave,BROADVIEW Ave,Major Arterial,Toronto and East York,43.676145,-79.35889,Unknown,No Control,Clear,Daylight,Dry,0,Cyclist Collisions,Driver,30 to 34,East,Pulling Onto Shoulder or towardCurb,Improper Lane Change,Inattentive,Unknown,Unknown,Unknown,Unknown,No,No,North Riverdale,D55
9/3/2019 8:00:00 AM,1910,LANSDOWNE AVE,WALLACE AVE,Minor Arterial,Etobicoke York,43.662287,-79.444377,At/Near Private Drive,No Control,Clear,Daylight,Dry,0,Pedestrian Collisions,Driver,25 to 29,South,Going Ahead,Lost control,Inattentive,Unknown,Unknown,Unknown,Unknown,Yes,No,Junction-Wallace Emerson,D11
12/30/2015 10:00:00 AM,2115,250 MARLEE AVE,Unknown,Minor Arterial,North York,43.705504,-79.442401,At/Near Private Drive,No Control,Clear,"Dark, artificial",Wet,0,Angle,Passenger,65 to 69,Unknown,Unknown,Unknown,Unknown,Unknown,Unknown,Unknown,Unknown,No,No,Yorkdale-Glen Park,D13
6/8/2020 8:00:00 AM,1656,555 WILSON HEIGHTS BLVD,Unknown,Minor Arterial,North York,43.751074,-79.456256,At/Near Private Drive,No Control,Clear,Daylight,Dry,0,Cyclist Collisions,Cyclist,10 to 14,South,Going Ahead,Unknown,Unknown,Unknown,Unknown,Unknown,Motorist turned left across cyclists path.,No,No,Clanton Park,D32
6/21/2007 8:00:00 AM,2250,YONGE ST,SHEPPARD AVE W,Major Arterial,North York,43.761845,-79.41099,Unknown,No Control,Clear,Daylight,Dry,0,Pedestrian Collisions,Driver,20 to 24,South,Going Ahead,Speed too Fast For Condition,"Ability Impaired, Alcohol",Unknown,Unknown,Unknown,Unknown,Yes,Yes,Yonge-Doris,D32
9/30/2007 8:00:00 AM,310,MARKHAM RD,PASSMORE AVE,Major Arterial,Scarborough,43.831545,-79.25089,At Intersection,No Control,Clear,Dark,Dry,0,Rear End,Vehicle Owner,unknown,Unknown,Unknown,Unknown,Unknown,Unknown,Unknown,Unknown,Unknown,No,No,Morningside Heights,D42
12/10/2011 10:00:00 AM,2252,BROADVIEW AVE,GERRARD ST E,Minor Arterial,Toronto and East York,43.665444,-79.35259,At Intersection,Traffic Signal,Clear,Dark,Dry,0,Pedestrian Collisions,Pedestrian,20 to 24,East,Unknown,Unknown,Unknown,Vehicle is going straight thru inter.while ped cross with ROW,Crossing with right of way,Normal,Unknown,Yes,No,South Riverdale,D55
10/19/2015 8:00:00 AM,845,PELICAN GT,FINCH AVE W,Major Arterial,Etobicoke York,43.756339,-79.522502,At Intersection,No Control,Clear,Daylight,Dry,0,Pedestrian Collisions,Pedestrian,65 to 69,West,Unknown,Unknown,Unknown,Vehicle turns right while ped crosses with ROW at inter.,Crossing with right of way,Normal,Unknown,Yes,No,Glenfield-Jane Heights,D31
10/30/2020 8:00:00 AM,2331,THE QUEENSWAY,ISLINGTON AVE,Major Arterial,Etobicoke York,43.623519,-79.514743,At Intersection,Traffic Signal,Clear,Dark,Dry,0,SMV Other,Driver,35 to 39,South,Going Ahead,Lost control,"Ability Impaired, Alcohol Over .08",Unknown,Unknown,Unknown,Unknown,No,No,Stonegate-Queensway,D22
12/6/2006 10:00:00 AM,2248,VICTORIA PARK AVE,HUNTINGWOOD DR,Major Arterial,North York,43.780345,-79.32539,At Intersection,Traffic Signal,Drifting Snow,Dark,Wet,0,Pedestrian Collisions,Driver,unknown,South,Going Ahead,Disobeyed Traffic Control,Unknown,Unknown,Unknown,Unknown,Unknown,Yes,No,L'Amoreaux West,D42
11/3/2019 9:00:00 AM,618,DUFFERIN ST,MARTIN ST,Major Arterial,Toronto and East York,43.689547,-79.447711,Non Intersection,No Control,Clear,Daylight,Dry,0,SMV Unattended Vehicle,Driver,70 to 74,North,Going Ahead,Lost control,Normal,Unknown,Unknown,Unknown,Unknown,No,No,Oakwood Village,D13
9/20/2006 8:00:00 AM,1315,2440 DUNDAS ST W,Unknown,Minor Arterial,Toronto and East York,43.658545,-79.45309,Unknown,No Control,Clear,Daylight,Dry,0,Pedestrian Collisions,Driver,80 to 84,East,Reversing,Lost control,Normal,Unknown,Unknown,Unknown,Unknown,Yes,No,High Park North,D11
6/3/2010 8:00:00 AM,1302,MILVERTON BLVD,LINNSMORE CRES,Local,Toronto and East York,43.685345,-79.33049,Unknown,No Control,Clear,Daylight,Dry,0,Cyclist Collisions,Cyclist,20 to 24,West,Going Ahead,Unknown,Unknown,Unknown,Unknown,Unknown,Cyclist struck opened vehicle door,No,No,Danforth,D55
2/21/2013 10:00:00 AM,924,SHEPPARD AVE W,FAYWOOD BLVD,Major Arterial,North York,43.752645,-79.45189,At Intersection,Traffic Signal,Clear,Daylight,Dry,0,Pedestrian Collisions,Driver,60 to 64,South,Turning Left,Failed to Yield Right of Way,Normal,Unknown,Unknown,Unknown,Unknown,Yes,No,Clanton Park,D32
7/9/2015 8:00:00 AM,1407,BAYVIEW AVE,WYCLIFFE CRES,Major Arterial,North York,43.775233,-79.389972,Non Intersection,No Control,Clear,Daylight,Dry,0,Rear End,Driver,60 to 64,North,Slowing or Stopping,Driving Properly,Normal,Unknown,Unknown,Unknown,Unknown,No,No,Bayview Village,D33
1/29/2010 10:00:00 AM,1636,OLD KINGSTON RD,MANSE RD,Collector,Scarborough,43.776545,-79.18069,Unknown,No Control,Clear,Dusk,Dry,0,Rear End,Driver,80 to 84,South,Other,Lost control,Normal,Unknown,Unknown,Unknown,Unknown,No,No,West Hill,D43
10/19/2018 8:00:00 AM,1844,KING ST W,DUNN AVE,Major Arterial,Toronto and East York,43.637671,-79.433238,At Intersection,Traffic Signal,Clear,"Dark, artificial",Dry,0,Pedestrian Collisions,Passenger,55 to 59,Unknown,Unknown,Unknown,Unknown,Unknown,Unknown,Unknown,Unknown,Yes,No,South Parkdale,D14
10/10/2013 8:00:00 AM,2136,COLLEGE ST,DUFFERIN ST,Major Arterial,Toronto and East York,43.652556,-79.432552,Unknown,Traffic Signal,Clear,Dark,Dry,0,Pedestrian Collisions,Vehicle Owner,unknown,Unknown,Unknown,Unknown,Unknown,Unknown,Unknown,Unknown,Unknown,Yes,No,Little Portugal,D14
6/3/2012 8:00:00 AM,1915,KINGSTON RD,MEADOWVALE RD,Minor Arterial,Scarborough,43.788745,-79.16219,At Intersection,No Control,Clear,Daylight,Dry,0,Turning Movement,Motorcycle Driver,40 to 44,West,Going Ahead,Driving Properly,Normal,Unknown,Unknown,Unknown,Unknown,No,No,Highland Creek,D43
1/10/2007 10:00:00 AM,1515,HUMBER COLLEGE BLVD,WESTMORE DR,Minor Arterial,Etobicoke York,43.730945,-79.59939,Unknown,No Control,Clear,Daylight,Dry,0,Pedestrian Collisions,Vehicle Owner,unknown,Unknown,Unknown,Unknown,Unknown,Unknown,Unknown,Unknown,Unknown,Yes,No,West Humber-Clairville,D23
7/2/2019 8:00:00 AM,1015,BRIMLEY RD,KINGSTON RD,Major Arterial,Scarborough,43.718154,-79.240329,At Intersection,Traffic Signal,Clear,Daylight,Dry,0,Angle,Passenger,60 to 64,Unknown,Unknown,Unknown,Unknown,Unknown,Unknown,Unknown,Unknown,No,No,Cliffcrest,D43
8/21/2006 8:00:00 AM,1040,DVP S EGLINTON RAMP E,EGLINTON AVE E,Major Arterial,North York,43.722145,-79.33279,Unknown,No Control,Clear,Daylight,Other,0,Pedestrian Collisions,Pedestrian,25 to 29,North,Unknown,Unknown,Unknown,Pedestrian hit on sidewalk or shoulder,On Sidewalk or Shoulder,Inattentive,Unknown,Yes,No,Flemingdon Park,D55
10/10/2010 8:00:00 AM,220,YONGE ST,AVONDALE AVE,Major Arterial,North York,43.758045,-79.41009,Unknown,No Control,Clear,Daylight,Dry,0,Sideswipe,Driver,unknown,North,Going Ahead,Driving Properly,Unknown,Unknown,Unknown,Unknown,Unknown,No,Yes,Lansing-Westgate,D32
12/10/2007 10:00:00 AM,1657,JANE BLACK CR S RAMP ST,JANE ST,Major Arterial,Etobicoke York,43.711045,-79.50599,Unknown,Traffic Signal,Clear,Daylight,Dry,0,Rear End,Vehicle Owner,unknown,Unknown,Unknown,Unknown,Unknown,Unknown,Unknown,Unknown,Unknown,No,No,Pelmo Park-Humberlea,D12
9/13/2010 8:00:00 AM,639,MARKHAM RD,ELLESMERE RD,Major Arterial,Scarborough,43.776445,-79.23179,At Intersection,Traffic Signal,Rain,Dawn,Wet,0,Pedestrian Collisions,Driver,35 to 39,East,Turning Left,Driving Properly,Normal,Unknown,Unknown,Unknown,Unknown,Yes,No,Woburn North,D43
7/6/2017 8:00:00 AM,2300,HIGHWAY 27  N,QUEENS PLATE DR,Major Arterial,Etobicoke York,43.72275,-79.598026,At Intersection,Traffic Signal,Clear,Dark,Dry,0,Turning Movement,Motorcycle Driver,30 to 34,South,Going Ahead,Driving Properly,Normal,Unknown,Unknown,Unknown,Unknown,No,No,West Humber-Clairville,D23
4/7/2006 8:00:00 AM,1555,KINGSTON RD,EGLINTON AVE E,Major Arterial,Scarborough,43.745745,-79.20959,Unknown,No Control,Rain,Daylight,Wet,0,Rear End,Vehicle Owner,unknown,Unknown,Unknown,Unknown,Unknown,Unknown,Unknown,Unknown,Unknown,No,Yes,Scarborough Village,D43
1/12/2010 10:00:00 AM,1401,JANE Stre,HARDING Aven,Major Arterial,Etobicoke York,43.699545,-79.50289,At Intersection,Traffic Signal,Clear,Daylight,Dry,0,Pedestrian Collisions,Vehicle Owner,unknown,Unknown,Unknown,Unknown,Unknown,Unknown,Unknown,Unknown,Unknown,Yes,No,Brookhaven-Amesbury,D12
6/26/2016 8:00:00 AM,1300,MCCOWAN RD,MCNICOLL AVE,Major Arterial,Scarborough,43.81787,-79.271938,At Intersection,Traffic Signal,Clear,Daylight,Dry,0,Sideswipe,Driver,45 to 49,West,Slowing or Stopping,Driving Properly,Normal,Unknown,Unknown,Unknown,Unknown,No,No,Milliken,D42
9/13/2023 8:00:00 AM,1838,ISLINGTON AV,SPRINGBROOK GS,Unknown,Etobicoke York,43.640681,-79.521702,Intersection Related,Stop Sign,Clear,"Dark, artificial",Dry,0,Turning Movement,Driver,40 to 44,South,Going Ahead,Driving Properly,Normal,Unknown,Unknown,Unknown,Unknown,No,Yes,Stonegate-Queensway,D22
7/3/2007 8:00:00 AM,1101,BAYVIEW Ave,401 C E BAYVIEW RAMP E,Major Arterial,North York,43.761845,-79.38679,At Intersection,Traffic Signal,Clear,Daylight,Dry,0,Turning Movement,Other Property Owner,unknown,Unknown,Unknown,Unknown,Unknown,Unknown,Unknown,Unknown,Unknown,No,No,St.Andrew-Windfields,D33
5/2/2012 8:00:00 AM,1745,ADELAIDE St W,SPADINA Ave,Major Arterial,Toronto and East York,43.646745,-79.39559,Unknown,Traffic Signal,Clear,Daylight,Dry,0,Cyclist Collisions,Cyclist,25 to 29,East,Going Ahead,Unknown,Unknown,Unknown,Unknown,Unknown,Motorist turning right on green or amber at signalized intersection strikes cyclist.,No,No,Wellington Place,D14
10/14/2022 8:00:00 AM,2118,REXDALE BLVD,QUEENS PLATE DR,Major Arterial,Etobicoke York,43.716525,-79.592578,At Intersection,Traffic Signal,Clear,"Dark, artificial",Dry,0,Pedestrian Collisions,Driver,50 to 54,East,Going Ahead,Driving Properly,Normal,Unknown,Unknown,Unknown,Unknown,Yes,No,West Humber-Clairville,D23
11/2/2012 8:00:00 AM,1933,EGLINTON Ave E,RUMSEY Rd,Major Arterial,North York,43.712565,-79.369647,At Intersection,Traffic Signal,Clear,"Dusk, artificial",Dry,0,Angle,Driver,35 to 39,West,Going Ahead,Disobeyed Traffic Control,Normal,Unknown,Unknown,Unknown,Unknown,No,No,Leaside-Bennington,D53
6/22/2007 8:00:00 AM,2009,WARDEN AVE,SHEPPARD AVE E,Major Arterial,Scarborough,43.778745,-79.30789,At Intersection,Traffic Signal,Clear,Daylight,Dry,0,Pedestrian Collisions,Passenger,0 to 4,Unknown,Unknown,Unknown,Unknown,Unknown,Unknown,Unknown,Unknown,Yes,No,Tam O'Shanter-Sullivan,D42
10/11/2006 8:00:00 AM,1406,SPADINA AVE,BALDWIN ST,Major Arterial,Toronto and East York,43.655545,-79.39909,Unknown,No Control,Rain,Daylight,Wet,0,Pedestrian Collisions,Driver,30 to 34,North,Slowing or Stopping,Driving Properly,Normal,Unknown,Unknown,Unknown,Unknown,Yes,No,Kensington-Chinatown,D52
5/12/2021 8:00:00 AM,2058,QUEEN ST E,MACLEAN AVE,Minor Arterial,Toronto and East York,43.671855,-79.290973,Intersection Related,No Control,Clear,"Dark, artificial",Dry,0,Sideswipe,Driver,30 to 34,East,Going Ahead,Driving Properly,Normal,Unknown,Unknown,Unknown,Unknown,No,Yes,The Beaches,D55
5/5/2006 8:00:00 AM,1150,QUEEN ST W,YORK ST,Major Arterial,Toronto and East York,43.651245,-79.38499,At Intersection,Traffic Signal,Clear,Daylight,Dry,0,Pedestrian Collisions,In-Line Skater,30 to 34,West,Unknown,Unknown,Unknown,Vehicle is going straight thru inter.while ped cross without ROW,Crossing without right of way,Unknown,Unknown,Yes,No,Yonge-Bay Corridor,D52
12/5/2006 10:00:00 AM,1821,VICTORIA PARK Ave,MCNICOLL Ave,Major Arterial,North York,43.804745,-79.33659,Unknown,No Control,Clear,Dark,Dry,0,Pedestrian Collisions,Pedestrian,45 to 49,Unknown,Unknown,Unknown,Unknown,Pedestrian hit at mid-block,Crossing without right of way,Normal,Unknown,Yes,No,Steeles,D42
10/31/2014 8:00:00 AM,1845,REXDALE BLVD,HIGHWAY 27  S,Major Arterial,Etobicoke York,43.717257,-79.595607,At Intersection,Traffic Signal,Rain,"Dark, artificial",Wet,0,Cyclist Collisions,Passenger,5 to 9,Unknown,Unknown,Unknown,Unknown,Unknown,Unknown,Unknown,Unknown,No,No,West Humber-Clairville,D23
2/28/2006 10:00:00 AM,2334,DANFORTH RD,EGLINTON AVE E,Major Arterial,Scarborough,43.737045,-79.24619,Unknown,Traffic Signal,Clear,Dark,Dry,0,Pedestrian Collisions,Pedestrian,unknown,Unknown,Other,Unknown,Unknown,Unknown,Unknown,Unknown,Unknown,Yes,No,Eglinton East,D43
8/9/2012 8:00:00 AM,1523,285 RALEIGH AVE,Unknown,Collector,Scarborough,43.709445,-79.26099,Unknown,No Control,Rain,Daylight,Wet,0,Pedestrian Collisions,Vehicle Owner,unknown,Unknown,Unknown,Unknown,Unknown,Unknown,Unknown,Unknown,Unknown,Yes,No,Clairlea-Birchmount,D41
3/24/2008 8:00:00 AM,1,TAPSCOTT RD,FINCH AVE E,Minor Arterial,Scarborough,43.814245,-79.23709,At Intersection,Traffic Signal,Clear,Daylight,Dry,0,Angle,Driver,45 to 49,South,Stopped,Driving Properly,Normal,Unknown,Unknown,Unknown,Unknown,No,No,Morningside Heights,D42
8/3/2019 8:00:00 AM,2027,WINDERMERE AVE,THE QUEENSWAY,Major Arterial,Etobicoke York,43.637137,-79.469875,At Intersection,Traffic Signal,Clear,"Dark, artificial",Dry,0,Turning Movement,Motorcycle Driver,15 to 19,South,Going Ahead,Driving Properly,Normal,Unknown,Unknown,Unknown,Unknown,No,Yes,High Park-Swansea,D11
10/28/2009 8:00:00 AM,707,BIRMINGHAM ST,NINETEENTH ST,Collector,Etobicoke York,43.600444,-79.519092,Unknown,No Control,Rain,"Dawn, artificial",Wet,0,Pedestrian Collisions,Pedestrian,5 to 9,North,Unknown,Unknown,Unknown,Vehicle is going straight thru inter.while ped cross without ROW,"Crossing, no Traffic Control",Inattentive,Unknown,Yes,No,New Toronto,D22
10/2/2010 8:00:00 AM,2245,145 COURCELETTE RD,Unknown,Local,Scarborough,43.68035,-79.279674,Non Intersection,No Control,Clear,Dark,Dry,0,Cyclist Collisions,Cyclist,55 to 59,South,Going Ahead,Unknown,Unknown,Unknown,Unknown,Unknown,Cyclist falls off bike - no contact with motorist.,No,No,Birchcliffe-Cliffside,D41
8/30/2013 8:00:00 AM,1340,KING St W,SHAW St,Major Arterial,Toronto and East York,43.641425,-79.415004,Unknown,Traffic Signal,Clear,Daylight,Dry,0,Approaching,Driver,30 to 34,West,Going Ahead,Driving Properly,Normal,Unknown,Unknown,Unknown,Unknown,No,No,West Queen West,D14