DATE,TIME,STREET1,STREET2,ROAD_CLASS,DISTRICT,LATITUDE,LONGITUDE,ACCLOC,TRAFFCTL,VISIBILITY,LIGHT,RDSFCOND,ACCLASS,IMPACTYPE,INVTYPE,INVAGE,INITDIR,MANOEUVER,DRIVACT,DRIVCOND,PEDTYPE,PEDACT,PEDCOND,CYCLISTYPE,PEDESTRIAN,SPEEDING,NEIGHBOURHOOD_158,DIVISION
12/22/2009 10:00:00 AM,1525,DUNDAS ST W,ROYALAVON CRES,Major Arterial,Etobicoke York,43.645245,-79.53199,At Intersection,Traffic Signal,Clear,Daylight,Dry,0,Pedestrian Collisions,Vehicle Owner,unknown,Unknown,Unknown,Unknown,Unknown,Unknown,Unknown,Unknown,Unknown,Yes,No,Islington,D22
6/14/2012 8:00:00 AM,1508,F G GARDINER XY  W,LOWER SHERBOURNE ST,Major Arterial,Toronto and East York,43.646545,-79.36659,Unknown,No Control,Clear,Daylight,Dry,0,Sideswipe,Driver,40 to 44,West,Stopped,Driving Properly,Normal,Unknown,Unknown,Unknown,Unknown,No,No,St Lawrence-East Bayfront-The Islands,D51
6/12/2012 8:00:00 AM,2032,DAVENPORT RD,OSSINGTON AVE,Minor Arterial,Toronto and East York,43.674745,-79.43099,At Intersection,Traffic Signal,Clear,"Dark, artificial",Dry,0,Pedestrian Collisions,Pedestrian,80 to 84,North,Unknown,Unknown,Unknown,Pedestrian involved in a collision with transit vehicle anywhere along roadway,Crossing with right of way,Normal,Unknown,Yes,No,Wychwood,D13
5/20/2007 8:00:00 AM,1044,ALBION RD,WESTMORE DR,Major Arterial,Etobicoke York,43.743645,-79.60389,At Intersection,Traffic Controller,Clear,Daylight,Dry,0,Turning Movement,Vehicle Owner,unknown,Unknown,Unknown,Unknown,Unknown,Unknown,Unknown,Unknown,Unknown,No,No,West Humber-Clairville,D23
9/18/2009 8:00:00 AM,45,KINGSTON Rd,BIRCHCLIFF Ave,Major Arterial,Scarborough,43.691245,-79.26519,Unknown,No Control,Clear,Dark,Dry,0,Pedestrian Collisions,Pedestrian,15 to 19,South,Unknown,Unknown,Unknown,Pedestrian hit at mid-block,Running onto Roadway,"Ability Impaired, Alcohol",Unknown,Yes,No,Birchcliffe-Cliffside,D41
1/17/2007 10:00:00 AM,1559,EGLINTON AVE E,HOLLY ST,Major Arterial,Toronto and East York,43.707145,-79.39619,Unknown,No Control,Snow,Daylight,Packed Snow,0,Pedestrian Collisions,Vehicle Owner,unknown,Unknown,Unknown,Unknown,Unknown,Unknown,Unknown,Unknown,Unknown,Yes,No,South Eglinton-Davisville,D53
1/9/2016 10:00:00 AM,1750,OSSINGTON AVE,PENDRITH ST,Minor Arterial,Toronto and East York,43.664973,-79.426914,Non Intersection,No Control,Clear,"Dark, artificial",Wet,0,Other,Driver,30 to 34,South,Going Ahead,Driving Properly,Normal,Unknown,Unknown,Unknown,Unknown,No,No,Dovercourt Village,D14
2/9/2012 10:00:00 AM,1438,LAWRENCE Aven E,MILDENHALL Road,Major Arterial,North York,43.728245,-79.38709,Unknown,No Control,Clear,Daylight,Dry,0,Rear End,Driver,65 to 69,East,Slowing or Stopping,Driving Properly,Normal,Unknown,Unknown,Unknown,Unknown,No,No,Bridle Path-Sunnybrook-York Mills,D53
10/22/2009 8:00:00 AM,710,LANSDOWNE Aven,DUNDAS Stre W,Minor Arterial,Toronto and East York,43.650145,-79.43969,At Intersection,Traffic Signal,Clear,Daylight,Dry,0,Turning Movement,Driver,30 to 34,North,Turning Left,Improper Turn,Normal,Unknown,Unknown,Unknown,Unknown,No,No,Little Portugal,D11
8/26/2008 8:00:00 AM,235,CARLAW Aven,LAKE SHORE Boul E,Major Arterial,Toronto and East York,43.654945,-79.33739,At Intersection,Traffic Signal,Clear,Dark,Dry,0,Angle,Passenger,20 to 24,Unknown,Unknown,Unknown,Unknown,Unknown,Unknown,Unknown,Unknown,No,No,South Riverdale,D55
10/31/2015 8:00:00 AM,1710,HORNER AVE,THIRTIETH ST,Minor Arterial,Etobicoke York,43.604254,-79.533725,At Intersection,Traffic Signal,Clear,Daylight,Dry,0,Angle,Driver,40 to 44,East,Going Ahead,Disobeyed Traffic Control,Inattentive,Unknown,Unknown,Unknown,Unknown,No,No,Alderwood,D22
7/11/2014 8:00:00 AM,1918,VICTORIA PARK AVE,GLENCREST BLVD,Major Arterial,Toronto and East York,43.708121,-79.29568,At Intersection,No Control,Clear,Daylight,Dry,0,Cyclist Collisions,Driver,50 to 54,South,Going Ahead,Driving Properly,Normal,Unknown,Unknown,Unknown,Unknown,No,No,Clairlea-Birchmount,D41
10/2/2017 8:00:00 AM,1925,STEELES AVE E,LAURELEAF RD S,Major Arterial,North York,43.805499,-79.385745,At Intersection,Traffic Signal,Clear,"Dark, artificial",Dry,0,Pedestrian Collisions,Pedestrian,55 to 59,North,Unknown,Unknown,Unknown,Vehicle is going straight thru inter.while ped cross without ROW,Crossing without right of way,Inattentive,Unknown,Yes,No,Bayview Woods-Steeles,D33
9/15/2014 8:00:00 AM,2010,EGLINTON AVE E,EGLINTON SQ,Major Arterial,Scarborough,43.724959,-79.300533,At Intersection,Traffic Signal,Rain,"Dark, artificial",Wet,0,Angle,Passenger,15 to 19,Unknown,Unknown,Unknown,Unknown,Unknown,Unknown,Unknown,Unknown,No,No,Clairlea-Birchmount,D41
10/31/2016 8:00:00 AM,2035,LAWRENCE AVE E,DON MILLS RD,Major Arterial,North York,43.73693,-79.344211,Non Intersection,No Control,Clear,"Dark, artificial",Dry,0,Pedestrian Collisions,Pedestrian,10 to 14,Unknown,Unknown,Unknown,Unknown,Pedestrian hit on sidewalk or shoulder,On Sidewalk or Shoulder,Normal,Unknown,Yes,Yes,Banbury-Don Mills,D33
7/31/2019 8:00:00 AM,2147,QUEEN ST W,GLADSTONE AVE,Major Arterial,Toronto and East York,43.642573,-79.426486,Non Intersection,No Control,Clear,"Dark, artificial",Dry,0,Pedestrian Collisions,Passenger,30 to 34,Unknown,Unknown,Unknown,Unknown,Unknown,Unknown,Unknown,Unknown,Yes,No,Little Portugal,D14
2/21/2011 10:00:00 AM,2022,WESTON RD,MAPLE BUSH AVE,Major Arterial,Etobicoke York,43.710345,-79.53479,At Intersection,No Control,Clear,Dark,Dry,0,Pedestrian Collisions,Pedestrian,25 to 29,North,Unknown,Unknown,Unknown,Pedestrian hit at mid-block,Running onto Roadway,Other,Unknown,Yes,No,Pelmo Park-Humberlea,D12
3/18/2021 8:00:00 AM,1056,GREENWIN VILLAGE RD,BATHURST ST,Collector,North York,43.790755,-79.444835,At/Near Private Drive,No Control,Clear,Daylight,Dry,0,Pedestrian Collisions,Driver,55 to 59,South,Turning Left,Improper Turn,Normal,Unknown,Unknown,Unknown,Unknown,Yes,No,Newtonbrook West,D32
7/12/2012 8:00:00 AM,1146,MOORE AVE,POTTERY RD,Collector,North York,43.697045,-79.37009,Unknown,No Control,Clear,Daylight,Dry,0,Pedestrian Collisions,Driver,50 to 54,East,Going Ahead,Driving Properly,Normal,Unknown,Unknown,Unknown,Unknown,Yes,No,Leaside-Bennington,D53
6/17/2008 8:00:00 AM,1540,130 THE QUEENSWAY,Unknown,Major Arterial,Etobicoke York,43.630845,-79.48189,At Intersection,No Control,Clear,Daylight,Dry,0,Pedestrian Collisions,Vehicle Owner,unknown,Unknown,Unknown,Unknown,Unknown,Unknown,Unknown,Unknown,Unknown,Yes,No,Stonegate-Queensway,D22
1/17/2012 10:00:00 AM,1210,DIXON Road,MARTIN GROVE Road,Major Arterial,Etobicoke York,43.691545,-79.57079,At Intersection,Traffic Signal,Clear,Daylight,Dry,0,Angle,Passenger,75 to 79,Unknown,Unknown,Unknown,Unknown,Unknown,Unknown,Unknown,Unknown,No,No,West Humber-Clairville,D23
4/28/2007 8:00:00 AM,1905,EGLINTON AVE E,BRIMLEY RD,Major Arterial,Scarborough,43.736645,-79.24809,Unknown,Traffic Signal,Clear,Daylight,Dry,0,Angle,Passenger,10 to 14,Unknown,Unknown,Unknown,Unknown,Unknown,Unknown,Unknown,Unknown,No,No,Kennedy Park,D41
9/7/2014 8:00:00 AM,2313,2324 SHEPPARD AVE W,Unknown,Major Arterial,Etobicoke York,43.734236,-79.5358,Private Driveway,No Control,Clear,"Dark, artificial",Dry,0,SMV Other,Driver,40 to 44,East,Turning Left,Lost control,"Ability Impaired, Alcohol Over .08",Unknown,Unknown,Unknown,Unknown,No,No,Pelmo Park-Humberlea,D31
10/5/2020 8:00:00 AM,2312,UNIVERSITY AVE,COLLEGE ST,Major Arterial,Toronto and East York,43.659785,-79.390453,At Intersection,Traffic Signal,Clear,"Dusk, artificial",Dry,0,Pedestrian Collisions,Driver,55 to 59,West,Turning Right,Failed to Yield Right of Way,Normal,Unknown,Unknown,Unknown,Unknown,Yes,No,Yonge-Bay Corridor,D52
8/20/2008 8:00:00 AM,1913,BURNHAMTHORPE Road,RENFORTH Driv,Major Arterial,Etobicoke York,43.643345,-79.57249,At Intersection,Traffic Signal,Clear,Daylight,Dry,0,Turning Movement,Driver,60 to 64,South,Stopped,Driving Properly,Normal,Unknown,Unknown,Unknown,Unknown,No,No,Eringate-Centennial-West Deane,D22
5/19/2010 8:00:00 AM,1530,WANDLE AVE,KEELE ST,Major Arterial,North York,43.731145,-79.48319,At Intersection,No Control,Clear,Daylight,Dry,0,Pedestrian Collisions,Driver,55 to 59,North,Turning Left,Failed to Yield Right of Way,Normal,Unknown,Unknown,Unknown,Unknown,Yes,No,Downsview,D31
11/24/2018 10:00:00 AM,1731,WARDEN AVE,HUNTINGWOOD DR,Major Arterial,Scarborough,43.785407,-79.310916,At Intersection,Traffic Signal,Rain,"Dark, artificial",Wet,0,Pedestrian Collisions,Passenger,45 to 49,Unknown,Unknown,Unknown,Unknown,Unknown,Unknown,Unknown,Unknown,Yes,No,Tam O'Shanter-Sullivan,D42
6/25/2006 8:00:00 AM,1729,LAKE SHORE BLVD E,CHERRY ST,Major Arterial,Toronto and East York,43.648146,-79.354793,At Intersection,Traffic Signal,Clear,Daylight,Dry,0,SMV Other,Motorcycle Driver,40 to 44,East,Going Ahead,Speed too Fast For Condition,Unknown,Unknown,Unknown,Unknown,Unknown,No,Yes,St Lawrence-East Bayfront-The Islands,D51
2/4/2021 10:00:00 AM,1535,DOWNSVIEW PARK  BLVD,KEELE ST,Major Arterial,North York,43.736876,-79.484515,At Intersection,Traffic Signal,Clear,"Daylight, artificial",Dry,0,Pedestrian Collisions,Pedestrian,65 to 69,East,Unknown,Unknown,Unknown,Vehicle turns left while ped crosses with ROW at inter.,Crossing with right of way,Normal,Unknown,Yes,No,Downsview,D31
8/12/2014 8:00:00 AM,1614,WOODBINE AVE,HEYWORTH CRES,Major Arterial,Toronto and East York,43.675315,-79.30849,Non Intersection,No Control,Clear,Daylight,Dry,0,Turning Movement,Driver,40 to 44,South,Turning Left,Failed to Yield Right of Way,Inattentive,Unknown,Unknown,Unknown,Unknown,No,No,East End-Danforth,D55
10/12/2013 8:00:00 AM,1055,MOUNT PLEASANT Rd,BALLIOL St,Local,North York,43.699385,-79.386318,Unknown,No Control,Clear,Daylight,Dry,0,SMV Other,Driver,60 to 64,East,Going Ahead,Lost control,Medical or Physical Disability,Unknown,Unknown,Unknown,Unknown,No,No,Mount Pleasant East,D53
5/15/2016 8:00:00 AM,30,DUNDAS ST W,OSSINGTON AVE,Major Arterial,Toronto and East York,43.649394,-79.420032,Non Intersection,No Control,Clear,Dark,Dry,0,Cyclist Collisions,Cyclist,20 to 24,East,Going Ahead,Unknown,Unknown,Unknown,Unknown,Unknown,Motorist makes u-turn in-front of cyclist.,No,No,Trinity-Bellwoods,D14
6/23/2023 8:00:00 AM,1138,DUFFERIN ST,SYLVAN AV,Major Arterial,Toronto and East York,43.654734,-79.433391,Intersection Related,Traffic Signal,Clear,Daylight,Dry,0,Pedestrian Collisions,Truck Driver,25 to 29,South,Going Ahead,Failed to Yield Right of Way,Normal,Unknown,Unknown,Unknown,Unknown,Yes,No,Dufferin Grove,D11
9/22/2018 8:00:00 AM,1655,EGLINTON AVE W,ROYAL YORK RD,Major Arterial,Etobicoke York,43.683287,-79.520641,Non Intersection,Stop Sign,Clear,Daylight,Dry,0,Turning Movement,Driver,45 to 49,North,Turning Right,Failed to Yield Right of Way,Normal,Unknown,Unknown,Unknown,Unknown,No,No,Edenbridge-Humber Valley,D22
12/3/2011 10:00:00 AM,353,960 WARDEN Ave,Unknown,Major Arterial,Scarborough,43.734745,-79.29049,Unknown,No Control,Clear,Dark,Dry,0,Rear End,Driver,unknown,South,Going Ahead,Other,Unknown,Unknown,Unknown,Unknown,Unknown,No,No,Wexford/Maryvale,D41
3/17/2009 8:00:00 AM,1840,BLACK CREEK DR,EGLINTON AVE W,Major Arterial,Etobicoke York,43.690245,-79.48349,At Intersection,No Control,Clear,Daylight,Dry,0,Rear End,Driver,20 to 24,South,Going Ahead,Following too Close,Inattentive,Unknown,Unknown,Unknown,Unknown,No,No,Beechborough-Greenbrook,D12
9/24/2013 8:00:00 AM,1830,QUEENS QUAY E,BONNYCASTLE ST,Minor Arterial,Toronto and East York,43.645564,-79.36433,Unknown,No Control,Clear,Daylight,Dry,0,Pedestrian Collisions,Pedestrian,20 to 24,North,Unknown,Unknown,Unknown,Pedestrian hit at mid-block,Other,Other,Unknown,Yes,No,St Lawrence-East Bayfront-The Islands,D51
7/2/2007 8:00:00 AM,2042,ELLESMERE Road,MILITARY Trai,Minor Arterial,Scarborough,43.786545,-79.18829,At Intersection,Traffic Signal,Clear,Dark,Dry,0,Turning Movement,Driver,35 to 39,West,Going Ahead,Disobeyed Traffic Control,Inattentive,Unknown,Unknown,Unknown,Unknown,No,No,Highland Creek,D43
3/26/2011 8:00:00 AM,718,EGLINTON AVE W,RENFORTH DR,Major Arterial,Etobicoke York,43.665745,-79.58779,Unknown,No Control,Clear,Dawn,Dry,0,SMV Other,Other Property Owner,unknown,Unknown,Unknown,Unknown,Unknown,Unknown,Unknown,Unknown,Unknown,No,No,Eringate-Centennial-West Deane,D22
2/4/2008 10:00:00 AM,2250,KIPLING AVE,NEW TORONTO ST,Major Arterial,Etobicoke York,43.604445,-79.51949,Unknown,No Control,Clear,Dark,Loose Snow,0,Angle,Driver,15 to 19,North,Going Ahead,Following too Close,Normal,Unknown,Unknown,Unknown,Unknown,No,No,New Toronto,D22
5/24/2010 8:00:00 AM,2326,LAKE SHORE BLVD W,NEWFOUNDLAND RD,Major Arterial,Toronto and East York,43.632445,-79.41079,At Intersection,Traffic Signal,Clear,Dark,Dry,0,SMV Other,Driver,25 to 29,West,Going Ahead,Lost control,Inattentive,Unknown,Unknown,Unknown,Unknown,No,No,Fort York-Liberty Village,D14
12/4/2007 10:00:00 AM,730,ISLINGTON Ave,STANMILLS Rd,Major Arterial,Etobicoke York,43.624645,-79.51519,At Intersection,Stop Sign,Strong wind,Daylight,Wet,0,Pedestrian Collisions,Driver,50 to 54,North,Going Ahead,Driving Properly,Normal,Unknown,Unknown,Unknown,Unknown,Yes,No,Stonegate-Queensway,D22
5/1/2012 8:00:00 AM,1937,HYDE AVE,VALLEY CRES,Local,Etobicoke York,43.683245,-79.47639,Unknown,No Control,Clear,Daylight,Dry,0,SMV Unattended Vehicle,Vehicle Owner,unknown,Unknown,Unknown,Unknown,Unknown,Unknown,Unknown,Unknown,Unknown,No,No,Keelesdale-Eglinton West,D12
10/6/2018 8:00:00 AM,1850,KINGSTON RD,GALLOWAY RD,Major Arterial,Scarborough,43.761939,-79.194705,At Intersection,Traffic Signal,Clear,Daylight,Dry,0,Turning Movement,Passenger,30 to 34,Unknown,Unknown,Unknown,Unknown,Unknown,Unknown,Unknown,Unknown,No,Yes,West Hill,D43
2/17/2020 10:00:00 AM,1949,LAKE SHORE BLVD W,THIRTY NINTH ST,Major Arterial,Etobicoke York,43.592768,-79.540553,Intersection Related,No Control,Clear,"Dark, artificial",Dry,0,Pedestrian Collisions,Driver,30 to 34,East,Going Ahead,Driving Properly,Normal,Unknown,Unknown,Unknown,Unknown,Yes,No,Long Branch,D22
2/3/2008 10:00:00 AM,343,STEELES AVE E,MARKHAM RD,Major Arterial,Scarborough,43.836545,-79.25119,At Intersection,Traffic Signal,Clear,Dark,Dry,0,Angle,Driver,15 to 19,South,Going Ahead,Disobeyed Traffic Control,"Ability Impaired, Alcohol Over .08",Unknown,Unknown,Unknown,Unknown,No,No,Milliken,D42
6/4/2012 8:00:00 AM,1000,LOBB AVE,SHAW ST,Collector,Toronto and East York,43.646945,-79.41709,At Intersection,Traffic Signal,Clear,Daylight,Dry,0,Cyclist Collisions,Driver,50 to 54,North,Turning Left,Failed to Yield Right of Way,Normal,Unknown,Unknown,Unknown,Unknown,No,No,Trinity-Bellwoods,D14
11/27/2009 10:00:00 AM,1725,SHEPPARD AVE E,ROUGE RIVER DR,Major Arterial,Scarborough,43.804945,-79.18659,Unknown,No Control,Rain,Dark,Wet,0,Pedestrian Collisions,Pedestrian,45 to 49,North,Unknown,Unknown,Unknown,Vehicle is going straight thru inter.while ped cross without ROW,"Crossing, no Traffic Control",Normal,Unknown,Yes,No,West Rouge,D42
3/24/2016 8:00:00 AM,42,KINGSTON RD,SHEPPARD AVE E,Major Arterial,Scarborough,43.798911,-79.14622,At Intersection,Traffic Signal,Freezing Rain,"Dark, artificial",Slush,0,Angle,Driver,25 to 29,East,Going Ahead,Disobeyed Traffic Control,"Ability Impaired, Alcohol Over .08",Unknown,Unknown,Unknown,Unknown,No,Yes,Centennial Scarborough,D42
8/1/2014 8:00:00 AM,1730,WESTLAKE AVE,WESTBROOK AVE,Local,Toronto and East York,43.693019,-79.307636,At Intersection,Stop Sign,Clear,Daylight,Dry,0,Cyclist Collisions,Driver,65 to 69,South,Going Ahead,Driving Properly,Normal,Unknown,Unknown,Unknown,Unknown,No,No,Woodbine-Lumsden,D55
4/3/2008 8:00:00 AM,1743,43 MILNER AVE,Unknown,Minor Arterial,Scarborough,43.785345,-79.25389,Unknown,No Control,Clear,Daylight,Dry,0,Turning Movement,Motorcycle Driver,30 to 34,West,Turning Right,Driving Properly,Normal,Unknown,Unknown,Unknown,Unknown,No,No,Agincourt South-Malvern West,D42
12/2/2014 10:00:00 AM,1335,CIVIC RD,SINNOTT RD,Collector,Scarborough,43.728434,-79.280307,At Intersection,Stop Sign,Clear,Daylight,Dry,0,Pedestrian Collisions,Driver,55 to 59,East,Turning Left,Lost control,Normal,Unknown,Unknown,Unknown,Unknown,Yes,No,Clairlea-Birchmount,D41
12/22/2008 10:00:00 AM,1710,SPADINA AVE,SULLIVAN ST,Major Arterial,Toronto and East York,43.650845,-79.39719,At Intersection,Traffic Signal,Snow,Dark,Loose Snow,0,Pedestrian Collisions,Vehicle Owner,unknown,Unknown,Unknown,Unknown,Unknown,Unknown,Unknown,Unknown,Unknown,Yes,No,Kensington-Chinatown,D52
8/26/2011 8:00:00 AM,1924,F G GARDINER E Expr E,SPADINA Ave,Unknown,Toronto and East York,43.637745,-79.39799,Unknown,No Control,Clear,Daylight,Dry,0,Rear End,Motorcycle Driver,45 to 49,East,Going Ahead,Driving Properly,Normal,Unknown,Unknown,Unknown,Unknown,No,No,Harbourfront-CityPlace,D14
7/18/2014 8:00:00 AM,2240,GERRARD ST E,PEMBROKE ST,Minor Arterial,Toronto and East York,43.660868,-79.373523,At Intersection,No Control,Clear,Dark,Dry,0,Cyclist Collisions,Driver,25 to 29,West,Going Ahead,Driving Properly,Normal,Unknown,Unknown,Unknown,Unknown,No,No,Moss Park,D51
1/14/2019 10:00:00 AM,1900,MURISON BLVD,MILNER AVE,Minor Arterial,Scarborough,43.79893,-79.202266,At Intersection,Traffic Signal,Clear,"Dark, artificial",Dry,0,Pedestrian Collisions,Pedestrian,0 to 4,North,Unknown,Unknown,Unknown,Vehicle turns left while ped crosses with ROW at inter.,Crossing with right of way,Normal,Unknown,Yes,No,Malvern East,D42
5/31/2014 8:00:00 AM,2217,F G GARDINER XY  W,SPADINA AVE,Major Arterial,Toronto and East York,43.638892,-79.390979,Non Intersection,No Control,Clear,"Dark, artificial",Dry,0,Sideswipe,Driver,15 to 19,West,Going Ahead,Driving Properly,Normal,Unknown,Unknown,Unknown,Unknown,No,No,Harbourfront-CityPlace,D52
5/8/2022 8:00:00 AM,1915,ST CLAIR AVE W,GUNNS RD,Major Arterial,Etobicoke York,43.67171,-79.47108,Intersection Related,Traffic Signal,Clear,Daylight,Dry,0,Turning Movement,Driver,15 to 19,West,Going Ahead,Other,Inattentive,Unknown,Unknown,Unknown,Unknown,No,Yes,Junction Area,D11
8/19/2009 8:00:00 AM,29,QUEEN ST E,KINGSTON RD,Major Arterial,Toronto and East York,43.667245,-79.31259,At Intersection,Traffic Signal,Clear,Dark,Dry,0,Turning Movement,Vehicle Owner,unknown,Unknown,Unknown,Unknown,Unknown,Unknown,Unknown,Unknown,Unknown,No,No,The Beaches,D55
1/9/2020 10:00:00 AM,1100,MARTIN GROVE RD,BELFIELD RD,Major Arterial,Etobicoke York,43.701876,-79.575588,At Intersection,Traffic Signal,Clear,Daylight,Dry,0,Angle,Driver,45 to 49,South,Going Ahead,Disobeyed Traffic Control,Inattentive,Unknown,Unknown,Unknown,Unknown,No,Yes,West Humber-Clairville,D23
7/8/2010 8:00:00 AM,1429,1048 BLOOR ST W,Unknown,Major Arterial,Toronto and East York,43.660545,-79.43229,Unknown,No Control,Clear,Daylight,Dry,0,Pedestrian Collisions,Pedestrian,10 to 14,North,Unknown,Unknown,Unknown,Vehicle is going straight thru inter.while ped cross without ROW,Running onto Roadway,Unknown,Unknown,Yes,No,Dovercourt Village,D14
6/22/2009 8:00:00 AM,0,F G GARDINER XY  E,KIPLING AVE,Unknown,Etobicoke York,43.618045,-79.52479,Unknown,No Control,Clear,Daylight,Dry,0,Sideswipe,Driver,40 to 44,East,Changing Lanes,Improper Lane Change,Normal,Unknown,Unknown,Unknown,Unknown,No,Yes,Mimico-Queensway,D22
7/27/2007 8:00:00 AM,914,KIPLING AVE,HUNTING RIDGE,Major Arterial,Etobicoke York,43.681345,-79.55279,At Intersection,Traffic Signal,Clear,Daylight,Dry,0,Angle,Driver,25 to 29,North,Going Ahead,Disobeyed Traffic Control,Normal,Unknown,Unknown,Unknown,Unknown,No,No,Willowridge-Martingrove-Richview,D23
9/5/2016 8:00:00 AM,1600,KINGSTON RD,FALLINGBROOK RD,Major Arterial,Scarborough,43.682185,-79.279201,At Intersection,Traffic Signal,Clear,Daylight,Dry,0,Turning Movement,Motorcycle Driver,55 to 59,West,Going Ahead,Driving Properly,Normal,Unknown,Unknown,Unknown,Unknown,No,No,Birchcliffe-Cliffside,D41
5/12/2017 8:00:00 AM,1723,3160 STEELES AVE E,Unknown,Major Arterial,North York,43.814719,-79.344959,Intersection Related,No Control,Clear,Daylight,Dry,0,Rear End,Passenger,30 to 34,Unknown,Unknown,Unknown,Unknown,Unknown,Unknown,Unknown,Unknown,No,Yes,Hillcrest Village,D33
10/16/2012 8:00:00 AM,1900,MIDLAND AVE,PRUDENTIAL DR,Major Arterial,Scarborough,43.749645,-79.26449,At Intersection,Traffic Signal,Clear,"Dark, artificial",Dry,0,Pedestrian Collisions,Driver,50 to 54,East,Turning Left,Failed to Yield Right of Way,Normal,Unknown,Unknown,Unknown,Unknown,Yes,No,Dorset Park,D41
10/4/2006 8:00:00 AM,1403,ISLINGTON AVE,REXDALE BLVD,Major Arterial,Etobicoke York,43.714445,-79.55499,At Intersection,No Control,Clear,Daylight,Dry,0,SMV Other,Driver,70 to 74,North,Going Ahead,Lost control,Medical or Physical Disability,Unknown,Unknown,Unknown,Unknown,No,No,West Humber-Clairville,D23
6/26/2007 8:00:00 AM,1500,SHEPPARD AVE E,WASHBURN WAY,Major Arterial,Scarborough,43.796145,-79.22749,At Intersection,Traffic Signal,Clear,Daylight,Dry,0,Turning Movement,Vehicle Owner,unknown,Unknown,Unknown,Unknown,Unknown,Unknown,Unknown,Unknown,Unknown,No,No,Malvern East,D42
12/10/2007 10:00:00 AM,1806,MARTIN GROVE Road,ROYALCREST Road,Minor Arterial,Etobicoke York,43.752245,-79.59929,Unknown,No Control,Clear,Dark,Wet,0,Pedestrian Collisions,Driver,35 to 39,North,Going Ahead,Driving Properly,Normal,Unknown,Unknown,Unknown,Unknown,Yes,No,West Humber-Clairville,D23
12/14/2019 10:00:00 AM,1705,YORK MILLS RD,SCARSDALE RD,Major Arterial,North York,43.753421,-79.357456,At Intersection,Traffic Signal,Rain,"Dark, artificial",Wet,0,Cyclist Collisions,Cyclist,40 to 44,West,Going Ahead,Unknown,Unknown,Unknown,Unknown,Unknown,Motorist turning right on red at signalized intersection strikes cyclist.,No,No,Banbury-Don Mills,D33
2/26/2012 10:00:00 AM,142,WOODBINE AVE,DANFORTH AVE,Major Arterial,Toronto and East York,43.685145,-79.31259,Unknown,No Control,Clear,Dark,Dry,0,SMV Unattended Vehicle,Vehicle Owner,unknown,Unknown,Unknown,Unknown,Unknown,Unknown,Unknown,Unknown,Unknown,No,No,Woodbine Corridor,D55
8/7/2008 8:00:00 AM,151,DANFORTH Aven,BASTEDO Aven,Major Arterial,Toronto and East York,43.684345,-79.31919,Unknown,No Control,Clear,Dark,Dry,0,Sideswipe,Vehicle Owner,unknown,Unknown,Unknown,Unknown,Unknown,Unknown,Unknown,Unknown,Unknown,No,No,Danforth,D55
5/8/2013 8:00:00 AM,1140,NORTH QUEEN ST,VANSCO RD,Minor Arterial,Etobicoke York,43.623545,-79.53579,Unknown,Stop Sign,Clear,Daylight,Dry,0,Turning Movement,Driver,55 to 59,North,Turning Left,Improper Turn,Inattentive,Unknown,Unknown,Unknown,Unknown,No,No,Etobicoke City Centre,D22
4/16/2014 8:00:00 AM,718,TORRESDALE AVE,STEELES AVE W,Major Arterial,North York,43.790801,-79.453021,At Intersection,Traffic Signal,Clear,Daylight,Dry,0,Turning Movement,Driver,40 to 44,East,Going Ahead,Disobeyed Traffic Control,Normal,Unknown,Unknown,Unknown,Unknown,No,No,Westminster-Branson,D32
10/26/2015 8:00:00 AM,1510,WILSON AVE,JAMES FINLAY WAY,Major Arterial,North York,43.727404,-79.480113,At Intersection,Traffic Signal,Clear,Daylight,Dry,0,Cyclist Collisions,Driver,50 to 54,North,Turning Right,Failed to Yield Right of Way,Normal,Unknown,Unknown,Unknown,Unknown,No,No,Downsview,D31
3/26/2018 8:00:00 AM,1604,BRIDLETOWNE CRCL,BEVERLY GLEN BLVD,Minor Arterial,Scarborough,43.799418,-79.320056,At Intersection,Traffic Signal,Clear,Daylight,Dry,0,Pedestrian Collisions,Pedestrian,80 to 84,East,Unknown,Unknown,Unknown,Vehicle turns left while ped crosses with ROW at inter.,Crossing with right of way,Normal,Unknown,Yes,No,L'Amoreaux West,D42
9/6/2012 8:00:00 AM,1440,KING ST E,VICTORIA ST,Major Arterial,Toronto and East York,43.649345,-79.37669,At Intersection,No Control,Clear,Daylight,Dry,0,Cyclist Collisions,Cyclist,20 to 24,West,Going Ahead,Unknown,Unknown,Unknown,Unknown,Unknown,Motorist turned left across cyclists path.,No,No,Downtown Yonge East,D51