DATE,TIME,STREET1,STREET2,ROAD_CLASS,DISTRICT,LATITUDE,LONGITUDE,ACCLOC,TRAFFCTL,VISIBILITY,LIGHT,RDSFCOND,ACCLASS,IMPACTYPE,INVTYPE,INVAGE,INITDIR,MANOEUVER,DRIVACT,DRIVCOND,PEDTYPE,PEDACT,PEDCOND,CYCLISTYPE,PEDESTRIAN,SPEEDING,NEIGHBOURHOOD_158,DIVISION
6/12/2009 8:00:00 AM,1725,AMSTERDAM AVE,O CONNOR DR,Major Arterial,Toronto and East York,43.714245,-79.30599,Unknown,No Control,Clear,Daylight,Dry,0,Approaching,Driver,45 to 49,North,Going Ahead,Driving Properly,Normal,Unknown,Unknown,Unknown,Unknown,No,No,O'Connor-Parkview,D55
4/30/2019 8:00:00 AM,725,STAINES RD,SOLSTICE DR,Local,Scarborough,43.836573,-79.231487,Intersection Related,No Control,Clear,Daylight,Dry,0,Pedestrian Collisions,Pedestrian,15 to 19,Unknown,Unknown,Unknown,Unknown,Pedestrian involved in a collision with transit vehicle anywhere along roadway,Running onto Roadway,Inattentive,Unknown,Yes,No,Morningside Heights,D42
10/31/2008 8:00:00 AM,1137,VALERMO DR,BROWNS LINE Driv,Major Arterial,Etobicoke York,43.606045,-79.54709,At Intersection,Traffic Signal,Clear,Daylight,Dry,0,Pedestrian Collisions,Pedestrian,10 to 14,West,Unknown,Unknown,Unknown,Vehicle is going straight thru inter.while ped cross without ROW,Crossing without right of way,Normal,Unknown,Yes,No,Alderwood,D22
3/1/2010 10:00:00 AM,746,WOODBINE Aven,KINGSTON Road,Major Arterial,Toronto and East York,43.673945,-79.30789,At Intersection,Traffic Signal,Clear,Daylight,Dry,0,Angle,Passenger,40 to 44,Unknown,Unknown,Unknown,Unknown,Unknown,Unknown,Unknown,Unknown,No,No,The Beaches,D55
9/6/2022 8:00:00 AM,2222,DANFORTH RD,MIDLAND AVE,Major Arterial,Scarborough,43.724185,-79.25436,Non Intersection,No Control,Clear,"Dawn, artificial",Dry,0,Pedestrian Collisions,Pedestrian,25 to 29,South,Unknown,Unknown,Unknown,Pedestrian hit at mid-block,"Crossing, no Traffic Control",Unknown,Unknown,Yes,No,Kennedy Park,D41
3/23/2014 8:00:00 AM,1059,BATHURST  ST,HOTSPUR RD,Major Arterial,North York,43.733172,-79.433002,At Intersection,No Control,Clear,Daylight,Dry,0,Turning Movement,Driver,50 to 54,East,Stopped,Driving Properly,Normal,Unknown,Unknown,Unknown,Unknown,No,No,Bedford Park-Nortown,D32
7/23/2007 8:00:00 AM,752,WARDEN AVE,EGLINTON AVE E,Major Arterial,Scarborough,43.727845,-79.28759,Unknown,Traffic Signal,Clear,Daylight,Dry,0,Cyclist Collisions,Vehicle Owner,unknown,Unknown,Unknown,Unknown,Unknown,Unknown,Unknown,Unknown,Unknown,No,No,Clairlea-Birchmount,D41
10/9/2006 8:00:00 AM,1002,PARLIAMENT ST,GERRARD ST E,Minor Arterial,Toronto and East York,43.661945,-79.36699,At Intersection,Traffic Signal,Clear,Daylight,Dry,0,Cyclist Collisions,Cyclist,35 to 39,East,Turning Left,Unknown,Unknown,Unknown,Unknown,Unknown,Cyclist turned left across motorists path.,No,No,Regent Park,D51
5/6/2015 8:00:00 AM,1649,LAWRENCE AVE W,BRUCEWOOD CRES,Major Arterial,North York,43.718421,-79.432933,At Intersection,Traffic Signal,Clear,Daylight,Dry,0,Turning Movement,Driver,20 to 24,West,Going Ahead,Disobeyed Traffic Control,Normal,Unknown,Unknown,Unknown,Unknown,No,No,Englemount-Lawrence,D13
5/8/2009 8:00:00 AM,1743,WOODBINE AVE,DANFORTH AVE,Major Arterial,Toronto and East York,43.685645,-79.31279,At Intersection,Traffic Signal,Clear,Daylight,Dry,0,SMV Other,Driver,20 to 24,West,Going Ahead,Lost control,Normal,Unknown,Unknown,Unknown,Unknown,No,No,Woodbine Corridor,D55
9/26/2015 8:00:00 AM,1718,DANFORTH AVE,ST DUNSTAN DR,Major Arterial,Scarborough,43.691847,-79.28551,Intersection Related,No Control,Clear,Daylight,Dry,0,Turning Movement,Driver,50 to 54,East,Turning Left,Improper Turn,Inattentive,Unknown,Unknown,Unknown,Unknown,No,No,Oakridge,D41
11/28/2018 10:00:00 AM,1812,DON MILLS RD,DVP S DON MILLS RD N RAMP,Major Arterial,Toronto and East York,43.702132,-79.335933,Non Intersection,No Control,Clear,Dark,Dry,0,Approaching,Driver,40 to 44,South,Going Ahead,Driving Properly,Normal,Unknown,Unknown,Unknown,Unknown,No,No,Old East York,D55
10/5/2022 8:00:00 AM,2112,F G GARDINER XY  W,GRAND AVE,Expressway,Etobicoke York,43.625659,-79.489299,Non Intersection,No Control,Clear,"Dark, artificial",Dry,0,SMV Other,Driver,65 to 69,West,Going Ahead,Driving Properly,Normal,Unknown,Unknown,Unknown,Unknown,No,Yes,Humber Bay Shores,D22
10/25/2009 8:00:00 AM,1722,ALBION RD,FINCH AVE W,Major Arterial,Etobicoke York,43.741045,-79.58919,At Intersection,Traffic Signal,Clear,Daylight,Dry,0,Turning Movement,Driver,25 to 29,East,Going Ahead,Driving Properly,Normal,Unknown,Unknown,Unknown,Unknown,No,No,Mount Olive-Silverstone-Jamestown,D23
9/18/2009 8:00:00 AM,2302,DON MILLS RD,OVERLEA BLVD,Major Arterial,North York,43.709945,-79.33439,At Intersection,Traffic Signal,Clear,Dark,Dry,0,Pedestrian Collisions,Driver,50 to 54,West,Turning Left,Driving Properly,Normal,Unknown,Unknown,Unknown,Unknown,Yes,No,Flemingdon Park,D55
8/3/2014 8:00:00 AM,1330,BURNHAMTHORPE RD,MILL RD,Major Arterial,Etobicoke York,43.639193,-79.584354,Intersection Related,Traffic Signal,Clear,Daylight,Dry,0,Turning Movement,Driver,30 to 34,East,Going Ahead,Driving Properly,Normal,Unknown,Unknown,Unknown,Unknown,No,No,Markland Wood,D22
6/7/2019 8:00:00 AM,2018,FINCH AVE W,MILVAN DR,Major Arterial,Etobicoke York,43.749873,-79.552272,At Intersection,Traffic Signal,Clear,Dusk,Dry,0,Pedestrian Collisions,Pedestrian,35 to 39,South,Unknown,Unknown,Unknown,Vehicle turns left while ped crosses with ROW at inter.,Crossing with right of way,Normal,Unknown,Yes,No,Humbermede,D31
3/5/2010 10:00:00 AM,2210,DUFFERIN Stre,EGLINTON Aven W,Major Arterial,North York,43.695645,-79.45029,Unknown,No Control,Clear,Dark,Dry,0,Pedestrian Collisions,Driver,20 to 24,South,Going Ahead,Driving Properly,Normal,Unknown,Unknown,Unknown,Unknown,Yes,No,Caledonia-Fairbank,D13
8/1/2008 8:00:00 AM,2307,LAKE SHORE W BLVD E,YONGE ST,Major Arterial,Toronto and East York,43.644045,-79.37579,At Intersection,Traffic Signal,Clear,Dark,Dry,0,Pedestrian Collisions,Driver,20 to 24,West,Turning Left,Driving Properly,Normal,Unknown,Unknown,Unknown,Unknown,Yes,No,St Lawrence-East Bayfront-The Islands,D52
2/6/2019 10:00:00 AM,619,WILSON AVE,BATHURST ST,Major Arterial,North York,43.737403,-79.432575,Non Intersection,No Control,Clear,"Dark, artificial",Dry,0,Turning Movement,Passenger,5 to 9,Unknown,Unknown,Unknown,Unknown,Unknown,Unknown,Unknown,Unknown,No,No,Lansing-Westgate,D32
12/4/2022 10:00:00 AM,1538,YONGE ST,GLEBE RD W,Unknown,Toronto and East York,43.700851,-79.397136,Intersection Related,Stop Sign,Clear,Daylight,Dry,0,Turning Movement,Motorcycle Driver,45 to 49,South,Going Ahead,Driving Properly,Normal,Unknown,Unknown,Unknown,Unknown,No,No,South Eglinton-Davisville,D53
7/19/2011 8:00:00 AM,340,GARDINER X W SHERWAY GARDENS RAMP,427 C S QEW X W RAMP,Unknown,Etobicoke York,43.613045,-79.55109,Unknown,No Control,Clear,Dark,Dry,0,SMV Other,Motorcycle Driver,20 to 24,West,Going Ahead,Lost control,Normal,Unknown,Unknown,Unknown,Unknown,No,No,Etobicoke City Centre,D22
9/23/2010 8:00:00 AM,1755,2110 KEELE ST,Unknown,Major Arterial,Etobicoke York,43.699945,-79.47609,Unknown,No Control,Clear,Daylight,Dry,0,Approaching,Passenger,50 to 54,Unknown,Unknown,Unknown,Unknown,Unknown,Unknown,Unknown,Unknown,No,No,Brookhaven-Amesbury,D12
5/21/2006 8:00:00 AM,1024,REXDALE BLVD,BERGAMOT AVE,Major Arterial,Etobicoke York,43.713345,-79.55969,At Intersection,Traffic Signal,Rain,Daylight,Wet,0,Turning Movement,Driver,45 to 49,South,Stopped,Driving Properly,Normal,Unknown,Unknown,Unknown,Unknown,No,No,Rexdale-Kipling,D23
6/21/2012 8:00:00 AM,2016,LANSDOWNE AVE,SEAFORTH AVE,Minor Arterial,Toronto and East York,43.643445,-79.43779,Unknown,No Control,Rain,"Dusk, artificial",Wet,0,Pedestrian Collisions,Pedestrian,20 to 24,Unknown,Unknown,Unknown,Unknown,Pedestrian hit at mid-block,Person Getting on/off Vehicle,Unknown,Unknown,Yes,No,Roncesvalles,D11
12/3/2007 10:00:00 AM,1250,DON MILLS RD,CLIFFWOOD RD,Major Arterial,North York,43.807645,-79.35749,Unknown,No Control,Clear,Daylight,Wet,0,Rear End,Driver,45 to 49,South,Going Ahead,Following too Close,Inattentive,Unknown,Unknown,Unknown,Unknown,No,No,Hillcrest Village,D33
10/18/2018 8:00:00 AM,2208,GODSTONE RD,FAIRVIEW MALL DR,Minor Arterial,North York,43.779563,-79.345691,At Intersection,Traffic Signal,Clear,"Dark, artificial",Dry,0,Pedestrian Collisions,Driver,45 to 49,South,Turning Right,Driving Properly,Normal,Unknown,Unknown,Unknown,Unknown,Yes,No,Don Valley Village,D33
6/5/2010 8:00:00 AM,246,BAYVIEW AVE,POTTERY RD,Major Arterial,North York,43.690745,-79.36219,Unknown,No Control,Rain,Dark,Wet,0,SMV Other,Driver,30 to 34,South,Going Ahead,Speed too Fast For Condition,Normal,Unknown,Unknown,Unknown,Unknown,No,Yes,Leaside-Bennington,D53
9/23/2015 8:00:00 AM,1700,MARKHAM RD,DUNELM ST,Major Arterial,Scarborough,43.745635,-79.219951,Non Intersection,No Control,Clear,Daylight,Dry,0,Rear End,Driver,40 to 44,South,Going Ahead,Driving Properly,Normal,Unknown,Unknown,Unknown,Unknown,No,No,Scarborough Village,D43
11/22/2016 10:00:00 AM,2040,MELROSE ST,GARROCH PL,Local,Etobicoke York,43.618716,-79.506374,At Intersection,No Control,Clear,"Dark, artificial",Dry,0,Pedestrian Collisions,Pedestrian,85 to 89,East,Unknown,Unknown,Unknown,Vehicle turns left while ped crosses with ROW at inter.,Crossing with right of way,Normal,Unknown,Yes,No,Mimico-Queensway,D22
9/23/2011 8:00:00 AM,243,DIXON Rd,CARLINGVIEW Dr,Major Arterial,Etobicoke York,43.686645,-79.59699,Unknown,No Control,Clear,"Dark, artificial",Dry,0,SMV Other,Other Property Owner,unknown,Unknown,Unknown,Unknown,Unknown,Unknown,Unknown,Unknown,Unknown,No,No,West Humber-Clairville,D23
11/20/2009 10:00:00 AM,1835,THE QUEENSWAY,THE WEST MALL,Major Arterial,Etobicoke York,43.613645,-79.56039,Unknown,Traffic Signal,Clear,Dark,Dry,0,Pedestrian Collisions,Driver,55 to 59,North,Turning Left,Failed to Yield Right of Way,Inattentive,Unknown,Unknown,Unknown,Unknown,Yes,No,Etobicoke City Centre,D22
3/23/2021 8:00:00 AM,1218,BURNHAMTHORPE RD,MILL RD,Major Arterial,Etobicoke York,43.639132,-79.584323,At Intersection,Traffic Signal,Clear,Daylight,Dry,0,Turning Movement,Passenger,10 to 14,Unknown,Unknown,Unknown,Unknown,Unknown,Unknown,Unknown,Unknown,No,No,Markland Wood,D22
11/8/2008 10:00:00 AM,2220,ADELAIDE ST W,JOHN ST,Major Arterial,Toronto and East York,43.647845,-79.39029,At Intersection,Traffic Signal,Clear,Dark,Dry,0,Pedestrian Collisions,Driver,20 to 24,East,Going Ahead,Driving Properly,Normal,Unknown,Unknown,Unknown,Unknown,Yes,No,Wellington Place,D52
4/24/2012 8:00:00 AM,1835,ALBION AVE,PHARMACY AVE,Minor Arterial,Scarborough,43.695645,-79.28479,At Intersection,Stop Sign,Clear,Daylight,Wet,0,Turning Movement,Driver,60 to 64,East,Going Ahead,Driving Properly,Normal,Unknown,Unknown,Unknown,Unknown,No,No,Oakridge,D41
5/15/2009 8:00:00 AM,1205,KENNEDY RD,ANTRIM CRES,Major Arterial,Scarborough,43.771745,-79.28329,At Intersection,Traffic Signal,Clear,Daylight,Dry,0,Pedestrian Collisions,Driver,55 to 59,East,Turning Left,Failed to Yield Right of Way,Inattentive,Unknown,Unknown,Unknown,Unknown,Yes,No,Dorset Park,D41
11/22/2016 10:00:00 AM,649,DEANS DR,WARDEN AVE,Major Arterial,Scarborough,43.716109,-79.282733,At Intersection,Traffic Signal,Clear,"Dark, artificial",Wet,0,Pedestrian Collisions,Pedestrian,70 to 74,West,Unknown,Unknown,Unknown,Vehicle turns left while ped crosses with ROW at inter.,Crossing with right of way,Normal,Unknown,Yes,No,Clairlea-Birchmount,D41
6/16/2022 8:00:00 AM,1930,OVERLEA BLVD,THORNCLIFFE PARK DR,Major Arterial,North York,43.707385,-79.343669,At Intersection,Traffic Signal,Clear,Daylight,Dry,0,Cyclist Collisions,Driver,80 to 84,North,Going Ahead,Driving Properly,Normal,Unknown,Unknown,Unknown,Unknown,No,No,Thorncliffe Park,D53
3/30/2007 8:00:00 AM,1444,WILSON AVE,FAYWOOD BLVD,Major Arterial,North York,43.734845,-79.44599,Unknown,No Control,Clear,Daylight,Dry,0,Rear End,Passenger,25 to 29,Unknown,Unknown,Unknown,Unknown,Unknown,Unknown,Unknown,Unknown,No,No,Clanton Park,D32
11/1/2010 8:00:00 AM,1740,AVENUE RD,ST CLAIR AVE W,Major Arterial,Toronto and East York,43.687545,-79.40189,Unknown,No Control,Clear,Daylight,Dry,0,Rear End,Driver,40 to 44,South,Stopped,Driving Properly,Normal,Unknown,Unknown,Unknown,Unknown,No,No,Casa Loma,D53
6/24/2009 8:00:00 AM,2144,WILLIAM R ALLEN RD S,RIDELLE AVE,Unknown,North York,43.705745,-79.43909,Unknown,No Control,Clear,Dark,Dry,0,Rear End,Driver,25 to 29,South,Going Ahead,Following too Close,Normal,Unknown,Unknown,Unknown,Unknown,No,No,Yorkdale-Glen Park,D13
12/21/2016 10:00:00 AM,1340,F G GARDINER XY  W,JAMESON AVE,Unknown,Toronto and East York,43.633063,-79.434955,Non Intersection,No Control,Clear,Daylight,Dry,0,Rear End,Driver,60 to 64,West,Slowing or Stopping,Driving Properly,Normal,Unknown,Unknown,Unknown,Unknown,No,No,South Parkdale,D14
8/31/2006 8:00:00 AM,1610,DUNDAS ST E,BROADVIEW AVE,Major Arterial,Toronto and East York,43.662445,-79.35139,Unknown,Traffic Signal,Clear,Daylight,Dry,0,Turning Movement,Driver,80 to 84,East,Turning Left,Failed to Yield Right of Way,Normal,Unknown,Unknown,Unknown,Unknown,No,No,South Riverdale,D55
8/28/2012 8:00:00 AM,1404,VICTORIA PARK AVE,SOUTHMEAD RD,Major Arterial,North York,43.722845,-79.30189,Unknown,No Control,Clear,Daylight,Dry,0,Other,Passenger,85 to 89,Unknown,Unknown,Unknown,Unknown,Unknown,Unknown,Unknown,Unknown,No,No,Victoria Village,D55
9/14/2010 8:00:00 AM,1100,KINGSTON RD,LAKESIDE AVE,Major Arterial,Scarborough,43.690745,-79.26609,At Intersection,Stop Sign,Clear,Daylight,Dry,0,Turning Movement,Driver,70 to 74,East,Going Ahead,Driving Properly,Normal,Unknown,Unknown,Unknown,Unknown,No,No,Birchcliffe-Cliffside,D41
1/5/2010 10:00:00 AM,2044,MOUNT PLEASANT RD,ST CLAIR AVE E,Major Arterial,Toronto and East York,43.690345,-79.38329,At Intersection,No Control,Clear,Dark,Wet,0,Turning Movement,Driver,50 to 54,North,Stopped,Driving Properly,Normal,Unknown,Unknown,Unknown,Unknown,No,No,Rosedale-Moore Park,D53
4/22/2015 8:00:00 AM,1715,130 TORYORK DR,Unknown,Collector,Etobicoke York,43.757266,-79.55305,Non Intersection,No Control,Clear,Daylight,Dry,0,Rear End,Driver,40 to 44,North,Going Ahead,Following too Close,Inattentive,Unknown,Unknown,Unknown,Unknown,No,No,Humber Summit,D31
11/21/2023 10:00:00 AM,1248,750 YORK MILLS RD,YORK MILLS RD,Unknown,North York,43.752895,-79.360866,At/Near Private Drive,No Control,Rain,Daylight,Wet,0,Turning Movement,Driver,65 to 69,South,Turning Left,Failed to Yield Right of Way,Other,Unknown,Unknown,Unknown,Unknown,No,Yes,Banbury-Don Mills,D33
2/16/2012 10:00:00 AM,1942,STEELES AVE E,YONGE ST,Major Arterial,North York,43.797945,-79.42009,At Intersection,Traffic Signal,Clear,Dark,Wet,0,Pedestrian Collisions,Pedestrian,20 to 24,Unknown,Unknown,Unknown,Unknown,Pedestrian hit on sidewalk or shoulder,On Sidewalk or Shoulder,Unknown,Unknown,Yes,Yes,Newtonbrook West,D32
9/9/2006 8:00:00 AM,2017,1132 LESLIE ST,Unknown,Major Arterial,North York,43.718645,-79.35039,Unknown,Stop Sign,Clear,Dark,Dry,0,Turning Movement,Passenger,0 to 4,Unknown,Unknown,Unknown,Unknown,Unknown,Unknown,Unknown,Unknown,No,No,Banbury-Don Mills,D33
2/7/2006 10:00:00 AM,1330,JANE ST,BRADLEY AVE,Major Arterial,Toronto and East York,43.663745,-79.49039,Unknown,Pedestrian Crossover,Clear,Daylight,Dry,0,Pedestrian Collisions,Pedestrian,80 to 84,East,Unknown,Unknown,Unknown,Pedestrian hit a PXO/ped. Mid-block signal,"Crossing, Pedestrian Crossover",Normal,Unknown,Yes,No,Runnymede-Bloor West Village,D11
2/2/2009 10:00:00 AM,930,GREENWOOD Aven,DUNDAS Stre E,Minor Arterial,Toronto and East York,43.667545,-79.32659,At Intersection,Traffic Signal,Clear,Daylight,Dry,0,Pedestrian Collisions,Driver,50 to 54,South,Turning Left,Failed to Yield Right of Way,Normal,Unknown,Unknown,Unknown,Unknown,Yes,No,Greenwood-Coxwell,D55
6/24/2006 8:00:00 AM,310,QUEEN ST W,DOWLING AVE,Major Arterial,Toronto and East York,43.639945,-79.43989,At Intersection,Stop Sign,Clear,Dark,Dry,0,Cyclist Collisions,Cyclist,25 to 29,North,Turning Left,Unknown,Unknown,Unknown,Unknown,Unknown,Cyclist turned left across motorists path.,No,No,South Parkdale,D14
9/30/2021 8:00:00 AM,2144,AVENUE RD,EGLINTON AVE W,Major Arterial,North York,43.704535,-79.408565,At Intersection,Traffic Controller,Clear,"Daylight, artificial",Dry,0,Turning Movement,Motorcycle Driver,55 to 59,North,Going Ahead,Driving Properly,Normal,Unknown,Unknown,Unknown,Unknown,No,No,Yonge-Eglinton,D53
3/31/2016 8:00:00 AM,637,COLLEGE ST,LIPPINCOTT ST,Major Arterial,Toronto and East York,43.656649,-79.406482,At Intersection,Stop Sign,Rain,"Daylight, artificial",Wet,0,Cyclist Collisions,Cyclist,65 to 69,South,Going Ahead,Unknown,Unknown,Unknown,Unknown,Unknown,"Cyclist without ROW rides into path of motorist at inter, lnwy, dwy-Cyclist not turn.",No,No,Kensington-Chinatown,D14
2/27/2012 10:00:00 AM,2020,DUNDAS ST W,ST CLARENS AVE,Minor Arterial,Toronto and East York,43.650045,-79.43829,At Intersection,Stop Sign,Clear,Dark,Dry,0,Cyclist Collisions,Cyclist,50 to 54,West,Going Ahead,Unknown,Unknown,Unknown,Unknown,Unknown,"Motorist without ROW drives into path of cyclist at inter, lnwy, dwy-Driver not turn.",No,No,Little Portugal,D11
5/29/2016 8:00:00 AM,1755,SPADINA RD,BERNARD AVE,Minor Arterial,Toronto and East York,43.671214,-79.405658,At/Near Private Drive,No Control,Clear,Daylight,Dry,0,Turning Movement,Passenger,30 to 34,Unknown,Unknown,Unknown,Unknown,Unknown,Unknown,Unknown,Unknown,No,No,Annex,D53
12/28/2009 10:00:00 AM,2317,FINCH AVE E,BRIDLETOWNE CRCL,Major Arterial,Scarborough,43.797445,-79.31229,At Intersection,Traffic Signal,Clear,Dark,Wet,0,Pedestrian Collisions,Pedestrian,50 to 54,North,Unknown,Unknown,Unknown,Vehicle turns left while ped crosses with ROW at inter.,Crossing with right of way,Normal,Unknown,Yes,No,East L'Amoreaux,D42
5/1/2018 8:00:00 AM,1905,DANFORTH AVE,BIRCHMOUNT RD,Minor Arterial,Scarborough,43.697734,-79.261806,Non Intersection,No Control,Clear,Daylight,Dry,0,Rear End,Motorcycle Driver,50 to 54,East,Going Ahead,Driving Properly,Normal,Unknown,Unknown,Unknown,Unknown,No,Yes,Birchcliffe-Cliffside,D41
9/4/2006 8:00:00 AM,1210,70 HUMBERLINE DR,Unknown,Collector,Etobicoke York,43.731845,-79.61649,Unknown,No Control,Clear,Daylight,Dry,0,Pedestrian Collisions,Pedestrian,15 to 19,North,Unknown,Unknown,Unknown,Pedestrian hit at mid-block,Running onto Roadway,Inattentive,Unknown,Yes,No,West Humber-Clairville,D23
9/3/2008 8:00:00 AM,1027,VICTORIA PARK AVE,CASSANDRA BLVD,Major Arterial,North York,43.754345,-79.31399,Unknown,Traffic Signal,Clear,Daylight,Dry,0,Pedestrian Collisions,Pedestrian,70 to 74,Unknown,Unknown,Unknown,Unknown,Pedestrian hit on sidewalk or shoulder,On Sidewalk or Shoulder,Normal,Unknown,Yes,No,Wexford/Maryvale,D41
5/4/2009 8:00:00 AM,1100,TRETHEWEY DR,BROOKHAVEN DR,Minor Arterial,Etobicoke York,43.696945,-79.49389,At Intersection,No Control,Clear,Daylight,Dry,0,Turning Movement,Vehicle Owner,unknown,Unknown,Unknown,Unknown,Unknown,Unknown,Unknown,Unknown,Unknown,No,No,Brookhaven-Amesbury,D12
4/13/2008 8:00:00 AM,1430,KENNEDY RD,401 C E KENNEDY N RAMP RD E,Major Arterial,Scarborough,43.773145,-79.28389,Unknown,Traffic Signal,Clear,Daylight,Dry,0,Angle,Passenger,60 to 64,Unknown,Unknown,Unknown,Unknown,Unknown,Unknown,Unknown,Unknown,No,No,Dorset Park,D41
1/17/2007 10:00:00 AM,1559,EGLINTON AVE E,HOLLY ST,Major Arterial,Toronto and East York,43.707145,-79.39619,Unknown,No Control,Snow,Daylight,Packed Snow,0,Pedestrian Collisions,Driver,40 to 44,West,Going Ahead,Driving Properly,Normal,Unknown,Unknown,Unknown,Unknown,Yes,No,South Eglinton-Davisville,D53
10/11/2017 8:00:00 AM,1928,OLD PARK  RD,WEMBLEY  RD,Collector,North York,43.700614,-79.431331,At Intersection,Stop Sign,Rain,"Dark, artificial",Wet,0,Pedestrian Collisions,Pedestrian,80 to 84,North,Unknown,Unknown,Unknown,Vehicle turns left while ped crosses with ROW at inter.,Crossing with right of way,Normal,Unknown,Yes,No,Forest Hill North,D13
7/18/2008 8:00:00 AM,751,RICHMOND ST W,DUNCAN ST,Major Arterial,Toronto and East York,43.649745,-79.38799,Unknown,No Control,Clear,Daylight,Dry,0,Turning Movement,Driver,40 to 44,West,Going Ahead,Driving Properly,Normal,Unknown,Unknown,Unknown,Unknown,No,No,Wellington Place,D52
10/14/2016 8:00:00 AM,1918,JANE ST,MARSHLYNN AVE,Major Arterial,Etobicoke York,43.704402,-79.504207,At Intersection,Stop Sign,Clear,"Dark, artificial",Dry,0,Turning Movement,Passenger,55 to 59,Unknown,Unknown,Unknown,Unknown,Unknown,Unknown,Unknown,Unknown,No,No,Rustic,D12
3/23/2014 8:00:00 AM,1059,BATHURST  ST,HOTSPUR RD,Major Arterial,North York,43.733172,-79.433002,At Intersection,No Control,Clear,Daylight,Dry,0,Turning Movement,Driver,55 to 59,South,Going Ahead,Driving Properly,Normal,Unknown,Unknown,Unknown,Unknown,No,No,Bedford Park-Nortown,D32
11/23/2007 10:00:00 AM,1700,LAWRENCE AVE E,GOODERHAM DR,Major Arterial,Scarborough,43.743845,-79.30179,Unknown,No Control,Clear,Dusk,Dry,0,Pedestrian Collisions,Driver,45 to 49,West,Merging,Speed too Fast For Condition,Unknown,Unknown,Unknown,Unknown,Unknown,Yes,Yes,Wexford/Maryvale,D41
8/19/2022 8:00:00 AM,1804,ROYAL YORK RD,STRATH HUMBER CRT,Minor Arterial,Etobicoke York,43.661727,-79.517726,At Intersection,Traffic Signal,Clear,Daylight,Dry,0,Turning Movement,Driver,70 to 74,South,Going Ahead,Disobeyed Traffic Control,Normal,Unknown,Unknown,Unknown,Unknown,No,No,Edenbridge-Humber Valley,D22
7/3/2019 8:00:00 AM,635,MORTIMER AVE,WOODBINE AVE,Minor Arterial,Toronto and East York,43.692423,-79.3157,At Intersection,Stop Sign,Clear,Daylight,Dry,0,SMV Other,Driver,40 to 44,East,Going Ahead,Lost control,Medical or Physical Disability,Unknown,Unknown,Unknown,Unknown,No,No,Woodbine-Lumsden,D55
2/10/2012 10:00:00 AM,1850,STEELES Ave W,KLONDIKE Dr,Major Arterial,Etobicoke York,43.769145,-79.55219,Unknown,No Control,Clear,"Dark, artificial",Dry,0,Rear End,Vehicle Owner,unknown,Unknown,Unknown,Unknown,Unknown,Unknown,Unknown,Unknown,Unknown,No,No,NSA,NSA
3/30/2007 8:00:00 AM,1444,WILSON AVE,FAYWOOD BLVD,Major Arterial,North York,43.734845,-79.44599,Unknown,No Control,Clear,Daylight,Dry,0,Rear End,Vehicle Owner,unknown,Unknown,Unknown,Unknown,Unknown,Unknown,Unknown,Unknown,Unknown,No,No,Clanton Park,D32
2/11/2008 10:00:00 AM,1239,OAKWOOD AVE,ST CLAIR AVE W,Minor Arterial,Toronto and East York,43.679945,-79.43579,Unknown,No Control,Clear,Daylight,Wet,0,Pedestrian Collisions,Driver,75 to 79,North,Going Ahead,Driving Properly,Normal,Unknown,Unknown,Unknown,Unknown,Yes,No,Wychwood,D13
10/12/2011 8:00:00 AM,240,VICTORIA ST,SHUTER ST,Minor Arterial,Toronto and East York,43.654345,-79.37879,Unknown,No Control,Clear,Dark,Dry,0,SMV Unattended Vehicle,Driver,55 to 59,North,Going Ahead,Lost control,Inattentive,Unknown,Unknown,Unknown,Unknown,No,No,Downtown Yonge East,D51
6/24/2010 8:00:00 AM,1600,DUFFERIN ST,EGLINTON AVE W,Major Arterial,North York,43.695645,-79.45029,Unknown,Traffic Signal,Clear,Daylight,Dry,0,Rear End,Passenger,25 to 29,Unknown,Unknown,Unknown,Unknown,Unknown,Unknown,Unknown,Unknown,No,No,Caledonia-Fairbank,D13
11/21/2008 10:00:00 AM,840,THE WEST MALL,RATHBURN RD,Minor Arterial,Etobicoke York,43.653045,-79.57249,At Intersection,Traffic Signal,Clear,Daylight,Dry,0,Pedestrian Collisions,Pedestrian,70 to 74,South,Unknown,Unknown,Unknown,Vehicle turns left while ped crosses with ROW at inter.,Crossing with right of way,Normal,Unknown,Yes,No,Eringate-Centennial-West Deane,D22
8/19/2018 8:00:00 AM,459,DANFORTH AVE,ROSEHEATH AVE,Major Arterial,Toronto and East York,43.684451,-79.318187,At Intersection,No Control,Clear,"Dark, artificial",Dry,0,Turning Movement,Passenger,30 to 34,Unknown,Unknown,Unknown,Unknown,Unknown,Unknown,Unknown,Unknown,No,No,Woodbine Corridor,D55
8/26/2008 8:00:00 AM,235,CARLAW Aven,LAKE SHORE Boul E,Major Arterial,Toronto and East York,43.654945,-79.33739,At Intersection,Traffic Signal,Clear,Dark,Dry,0,Angle,Passenger,25 to 29,Unknown,Unknown,Unknown,Unknown,Unknown,Unknown,Unknown,Unknown,No,No,South Riverdale,D55