DATE,TIME,STREET1,STREET2,ROAD_CLASS,DISTRICT,LATITUDE,LONGITUDE,ACCLOC,TRAFFCTL,VISIBILITY,LIGHT,RDSFCOND,ACCLASS,IMPACTYPE,INVTYPE,INVAGE,INITDIR,MANOEUVER,DRIVACT,DRIVCOND,PEDTYPE,PEDACT,PEDCOND,CYCLISTYPE,PEDESTRIAN,SPEEDING,NEIGHBOURHOOD_158,DIVISION
10/2/2008 8:00:00 AM,1025,YONGE ST,BISHOP AVE,Major Arterial,North York,43.783245,-79.41639,Unknown,No Control,Clear,Daylight,Dry,1,Pedestrian Collisions,Driver,45 to 49,North,Going Ahead,Driving Properly,Normal,Unknown,Unknown,Unknown,Unknown,Yes,No,Newtonbrook East,D32
10/2/2008 8:00:00 AM,1025,YONGE ST,BISHOP AVE,Major Arterial,North York,43.783245,-79.41639,Unknown,No Control,Clear,Daylight,Dry,1,Pedestrian Collisions,Pedestrian,85 to 89,West,Unknown,Unknown,Unknown,Pedestrian hit at mid-block,"Crossing, no Traffic Control",Inattentive,Unknown,Yes,No,Newtonbrook East,D32
10/3/2008 8:00:00 AM,2327,F G GARDINER XY  E,ELLIS AVE,Unknown,Toronto and East York,43.636344,-79.466892,Unknown,No Control,Clear,Dark,Dry,1,Rear End,Motorcycle Driver,35 to 39,East,Merging,Exceeding Speed Limit,Had Been Drinking,Unknown,Unknown,Unknown,Unknown,No,Yes,South Parkdale,D11
10/3/2008 8:00:00 AM,2327,F G GARDINER XY  E,ELLIS AVE,Unknown,Toronto and East York,43.636344,-79.466892,Unknown,No Control,Clear,Dark,Dry,1,Rear End,Driver,40 to 44,East,Stopped,Driving Properly,Normal,Unknown,Unknown,Unknown,Unknown,No,Yes,South Parkdale,D11
10/3/2008 8:00:00 AM,2327,F G GARDINER XY  E,ELLIS AVE,Unknown,Toronto and East York,43.636344,-79.466892,Unknown,No Control,Clear,Dark,Dry,1,Rear End,Vehicle Owner,unknown,Unknown,Unknown,Unknown,Unknown,Unknown,Unknown,Unknown,Unknown,No,Yes,South Parkdale,D11
10/3/2008 8:00:00 AM,2327,F G GARDINER XY  E,ELLIS AVE,Unknown,Toronto and East York,43.636344,-79.466892,Unknown,No Control,Clear,Dark,Dry,1,Rear End,Passenger,30 to 34,Unknown,Unknown,Unknown,Unknown,Unknown,Unknown,Unknown,Unknown,No,Yes,South Parkdale,D11
10/3/2008 8:00:00 AM,2327,F G GARDINER XY  E,ELLIS AVE,Unknown,Toronto and East York,43.636344,-79.466892,Unknown,No Control,Clear,Dark,Dry,1,Rear End,Driver,30 to 34,East,Going Ahead,Driving Properly,Normal,Unknown,Unknown,Unknown,Unknown,No,Yes,South Parkdale,D11
10/3/2008 8:00:00 AM,2327,F G GARDINER XY  E,ELLIS AVE,Unknown,Toronto and East York,43.636344,-79.466892,Unknown,No Control,Clear,Dark,Dry,1,Rear End,Passenger,30 to 34,Unknown,Unknown,Unknown,Unknown,Unknown,Unknown,Unknown,Unknown,No,Yes,South Parkdale,D11
10/17/2008 8:00:00 AM,1755,LUMSDEN AVE,GLEDHILL AVE,Minor Arterial,Toronto and East York,43.693645,-79.31159,At Intersection,Pedestrian Crossover,Clear,Daylight,Dry,1,Pedestrian Collisions,Driver,80 to 84,West,Going Ahead,Failed to Yield Right of Way,Had Been Drinking,Unknown,Unknown,Unknown,Unknown,Yes,No,Woodbine-Lumsden,D55
10/17/2008 8:00:00 AM,1755,LUMSDEN AVE,GLEDHILL AVE,Minor Arterial,Toronto and East York,43.693645,-79.31159,At Intersection,Pedestrian Crossover,Clear,Daylight,Dry,1,Pedestrian Collisions,Pedestrian,70 to 74,South,Unknown,Unknown,Unknown,Pedestrian hit a PXO/ped. Mid-block signal,"Crossing, Pedestrian Crossover",Normal,Unknown,Yes,No,Woodbine-Lumsden,D55
10/18/2008 8:00:00 AM,1315,BAYVIEW BLOOR S RAMP N,BLOOR RAMP,Unknown,Toronto and East York,43.678245,-79.36889,Unknown,No Control,Clear,Daylight,Dry,1,Approaching,Passenger,50 to 54,Unknown,Unknown,Unknown,Unknown,Unknown,Unknown,Unknown,Unknown,No,No,Rosedale-Moore Park,D53
10/18/2008 8:00:00 AM,1315,BAYVIEW BLOOR S RAMP N,BLOOR RAMP,Unknown,Toronto and East York,43.678245,-79.36889,Unknown,No Control,Clear,Daylight,Dry,1,Approaching,Passenger,50 to 54,Unknown,Unknown,Unknown,Unknown,Unknown,Unknown,Unknown,Unknown,No,No,Rosedale-Moore Park,D53
10/18/2008 8:00:00 AM,1315,BAYVIEW BLOOR S RAMP N,BLOOR RAMP,Unknown,Toronto and East York,43.678245,-79.36889,Unknown,No Control,Clear,Daylight,Dry,1,Approaching,Driver,25 to 29,West,Going Ahead,Driving Properly,Normal,Unknown,Unknown,Unknown,Unknown,No,No,Rosedale-Moore Park,D53
10/18/2008 8:00:00 AM,1315,BAYVIEW BLOOR S RAMP N,BLOOR RAMP,Unknown,Toronto and East York,43.678245,-79.36889,Unknown,No Control,Clear,Daylight,Dry,1,Approaching,Motorcycle Driver,30 to 34,East,Going Ahead,Lost control,Unknown,Unknown,Unknown,Unknown,Unknown,No,No,Rosedale-Moore Park,D53
10/18/2008 8:00:00 AM,1315,BAYVIEW BLOOR S RAMP N,BLOOR RAMP,Unknown,Toronto and East York,43.678245,-79.36889,Unknown,No Control,Clear,Daylight,Dry,1,Approaching,Driver,20 to 24,West,Going Ahead,Driving Properly,Normal,Unknown,Unknown,Unknown,Unknown,No,No,Rosedale-Moore Park,D53
10/21/2008 8:00:00 AM,545,HIGHWAY 27 Ramp S,27 S DIXON W RAMP,Major Arterial,Etobicoke York,43.690045,-79.58279,Unknown,No Control,Clear,Dark,Dry,1,SMV Other,Vehicle Owner,unknown,Unknown,Unknown,Unknown,Unknown,Unknown,Unknown,Unknown,Unknown,No,Yes,West Humber-Clairville,D23
10/21/2008 8:00:00 AM,545,HIGHWAY 27 Ramp S,27 S DIXON W RAMP,Major Arterial,Etobicoke York,43.690045,-79.58279,Unknown,No Control,Clear,Dark,Dry,1,SMV Other,Truck Driver,20 to 24,South,Going Ahead,Exceeding Speed Limit,Normal,Unknown,Unknown,Unknown,Unknown,No,Yes,West Humber-Clairville,D23
10/24/2008 8:00:00 AM,2235,EGLINTON AVE E,SWIFT DR,Major Arterial,North York,43.726145,-79.31829,At Intersection,Traffic Signal,Rain,Dark,Wet,1,Pedestrian Collisions,Driver,60 to 64,West,Going Ahead,Driving Properly,Normal,Unknown,Unknown,Unknown,Unknown,Yes,No,Victoria Village,D33
10/24/2008 8:00:00 AM,2235,EGLINTON AVE E,SWIFT DR,Major Arterial,North York,43.726145,-79.31829,At Intersection,Traffic Signal,Rain,Dark,Wet,1,Pedestrian Collisions,Pedestrian,75 to 79,North,Unknown,Unknown,Unknown,Vehicle is going straight thru inter.while ped cross without ROW,Crossing without right of way,Unknown,Unknown,Yes,No,Victoria Village,D33
10/25/2008 8:00:00 AM,2329,DENISON RD E,JANE ST,Collector,Etobicoke York,43.696745,-79.50589,Unknown,Traffic Gate,Clear,Dark,Dry,1,Pedestrian Collisions,Other,35 to 39,South,Going Ahead,Unknown,Unknown,Unknown,Unknown,Unknown,Unknown,Yes,No,Weston,D12
10/25/2008 8:00:00 AM,2329,DENISON RD E,JANE ST,Collector,Etobicoke York,43.696745,-79.50589,Unknown,Traffic Gate,Clear,Dark,Dry,1,Pedestrian Collisions,Vehicle Owner,unknown,Unknown,Unknown,Unknown,Unknown,Unknown,Unknown,Unknown,Unknown,Yes,No,Weston,D12
10/25/2008 8:00:00 AM,2329,DENISON RD E,JANE ST,Collector,Etobicoke York,43.696745,-79.50589,Unknown,Traffic Gate,Clear,Dark,Dry,1,Pedestrian Collisions,Pedestrian,20 to 24,East,Unknown,Unknown,Unknown,Pedestrian hit at mid-block,Other,Unknown,Unknown,Yes,No,Weston,D12
10/31/2008 8:00:00 AM,817,HIGHWAY 2A  E,LAWSON RD,Unknown,Scarborough,43.788645,-79.15869,Unknown,No Control,Clear,Daylight,Dry,1,SMV Other,Vehicle Owner,unknown,Unknown,Unknown,Unknown,Unknown,Unknown,Unknown,Unknown,Unknown,No,No,Centennial Scarborough,D43
10/31/2008 8:00:00 AM,817,HIGHWAY 2A  E,LAWSON RD,Unknown,Scarborough,43.788645,-79.15869,Unknown,No Control,Clear,Daylight,Dry,1,SMV Other,Driver,55 to 59,East,Going Ahead,Driving Properly,Medical or Physical Disability,Unknown,Unknown,Unknown,Unknown,No,No,Centennial Scarborough,D43
11/3/2008 10:00:00 AM,930,1491 LAKE SHORE BLVD W,Unknown,Major Arterial,Toronto and East York,43.636445,-79.44399,Unknown,No Control,Clear,Daylight,Dry,1,SMV Other,Passenger,90 to 94,Unknown,Unknown,Unknown,Unknown,Unknown,Unknown,Unknown,Unknown,No,No,South Parkdale,D14
11/3/2008 10:00:00 AM,930,1491 LAKE SHORE BLVD W,Unknown,Major Arterial,Toronto and East York,43.636445,-79.44399,Unknown,No Control,Clear,Daylight,Dry,1,SMV Other,Vehicle Owner,unknown,Unknown,Unknown,Unknown,Unknown,Unknown,Unknown,Unknown,Unknown,No,No,South Parkdale,D14
11/3/2008 10:00:00 AM,930,1491 LAKE SHORE BLVD W,Unknown,Major Arterial,Toronto and East York,43.636445,-79.44399,Unknown,No Control,Clear,Daylight,Dry,1,SMV Other,Driver,40 to 44,East,Going Ahead,Lost control,Unknown,Unknown,Unknown,Unknown,Unknown,No,No,South Parkdale,D14
11/11/2008 10:00:00 AM,720,PHARMACY AVE,STEELES AVE E,Major Arterial,Scarborough,43.816847,-79.336452,At Intersection,Traffic Signal,Clear,Daylight,Dry,1,Pedestrian Collisions,Pedestrian,55 to 59,West,Unknown,Unknown,Unknown,Vehicle turns right while ped crosses with ROW at inter.,Crossing with right of way,Unknown,Unknown,Yes,No,Steeles,D42
11/11/2008 10:00:00 AM,720,PHARMACY AVE,STEELES AVE E,Major Arterial,Scarborough,43.816847,-79.336452,At Intersection,Traffic Signal,Clear,Daylight,Dry,1,Pedestrian Collisions,Vehicle Owner,unknown,Unknown,Unknown,Unknown,Unknown,Unknown,Unknown,Unknown,Unknown,Yes,No,Steeles,D42
11/11/2008 10:00:00 AM,720,PHARMACY AVE,STEELES AVE E,Major Arterial,Scarborough,43.816847,-79.336452,At Intersection,Traffic Signal,Clear,Daylight,Dry,1,Pedestrian Collisions,Driver,65 to 69,North,Turning Right,Failed to Yield Right of Way,Unknown,Unknown,Unknown,Unknown,Unknown,Yes,No,Steeles,D42
11/26/2008 10:00:00 AM,1714,WARDEN AVE,FINCH AVE E,Major Arterial,Scarborough,43.794845,-79.31499,Unknown,No Control,Rain,Dark,Wet,1,Pedestrian Collisions,Passenger,65 to 69,Unknown,Unknown,Unknown,Unknown,Unknown,Unknown,Unknown,Unknown,Yes,No,East L'Amoreaux,D42
11/26/2008 10:00:00 AM,1714,WARDEN AVE,FINCH AVE E,Major Arterial,Scarborough,43.794845,-79.31499,Unknown,No Control,Rain,Dark,Wet,1,Pedestrian Collisions,Driver,70 to 74,North,Going Ahead,Driving Properly,Inattentive,Unknown,Unknown,Unknown,Unknown,Yes,No,East L'Amoreaux,D42
11/26/2008 10:00:00 AM,1714,WARDEN AVE,FINCH AVE E,Major Arterial,Scarborough,43.794845,-79.31499,Unknown,No Control,Rain,Dark,Wet,1,Pedestrian Collisions,Driver,45 to 49,South,Going Ahead,Driving Properly,Normal,Unknown,Unknown,Unknown,Unknown,Yes,No,East L'Amoreaux,D42
11/26/2008 10:00:00 AM,1714,WARDEN AVE,FINCH AVE E,Major Arterial,Scarborough,43.794845,-79.31499,Unknown,No Control,Rain,Dark,Wet,1,Pedestrian Collisions,Pedestrian,55 to 59,West,Unknown,Unknown,Unknown,Pedestrian hit at mid-block,"Crossing, no Traffic Control",Unknown,Unknown,Yes,No,East L'Amoreaux,D42
12/13/2008 10:00:00 AM,2101,SHEPPARD AVE E,MORNINGSIDE AVE,Major Arterial,Scarborough,43.802245,-79.19869,Unknown,No Control,Clear,Dark,Wet,1,Turning Movement,Driver,30 to 34,West,Turning Left,Improper Turn,Unknown,Unknown,Unknown,Unknown,Unknown,No,No,Morningside Heights,D42
12/13/2008 10:00:00 AM,2101,SHEPPARD AVE E,MORNINGSIDE AVE,Major Arterial,Scarborough,43.802245,-79.19869,Unknown,No Control,Clear,Dark,Wet,1,Turning Movement,Vehicle Owner,unknown,Unknown,Unknown,Unknown,Unknown,Unknown,Unknown,Unknown,Unknown,No,No,Morningside Heights,D42
12/13/2008 10:00:00 AM,2101,SHEPPARD AVE E,MORNINGSIDE AVE,Major Arterial,Scarborough,43.802245,-79.19869,Unknown,No Control,Clear,Dark,Wet,1,Turning Movement,Driver,60 to 64,East,Going Ahead,Driving Properly,Normal,Unknown,Unknown,Unknown,Unknown,No,No,Morningside Heights,D42
1/1/2009 10:00:00 AM,259,EGLINTON AVE E,DANFORTH RD,Major Arterial,Scarborough,43.737045,-79.24619,At Intersection,Traffic Signal,Clear,Dark,Wet,1,Pedestrian Collisions,Driver,20 to 24,West,Going Ahead,Driving Properly,Normal,Unknown,Unknown,Unknown,Unknown,Yes,No,Eglinton East,D43
1/1/2009 10:00:00 AM,259,EGLINTON AVE E,DANFORTH RD,Major Arterial,Scarborough,43.737045,-79.24619,At Intersection,Traffic Signal,Clear,Dark,Wet,1,Pedestrian Collisions,Pedestrian,50 to 54,North,Unknown,Unknown,Unknown,Vehicle is going straight thru inter.while ped cross without ROW,Crossing without right of way,"Ability Impaired, Alcohol Over .80",Unknown,Yes,No,Eglinton East,D43
1/6/2009 10:00:00 AM,1349,SHEPPARD AVE E,REAN DR,Major Arterial,North York,43.767745,-79.38309,At Intersection,Traffic Signal,Clear,Daylight,Dry,1,Pedestrian Collisions,Driver,50 to 54,North,Turning Left,Failed to Yield Right of Way,Inattentive,Unknown,Unknown,Unknown,Unknown,Yes,No,Bayview Village,D33
1/6/2009 10:00:00 AM,1349,SHEPPARD AVE E,REAN DR,Major Arterial,North York,43.767745,-79.38309,At Intersection,Traffic Signal,Clear,Daylight,Dry,1,Pedestrian Collisions,Pedestrian,65 to 69,North,Unknown,Unknown,Unknown,Vehicle turns left while ped crosses with ROW at inter.,Crossing with right of way,Unknown,Unknown,Yes,No,Bayview Village,D33
2/2/2009 10:00:00 AM,1610,FINCH AVE W,WESTON RD,Major Arterial,Etobicoke York,43.752045,-79.54239,At Intersection,Traffic Signal,Clear,Daylight,Dry,1,Pedestrian Collisions,Vehicle Owner,unknown,Unknown,Unknown,Unknown,Unknown,Unknown,Unknown,Unknown,Unknown,Yes,No,Humbermede,D31
2/2/2009 10:00:00 AM,1610,FINCH AVE W,WESTON RD,Major Arterial,Etobicoke York,43.752045,-79.54239,At Intersection,Traffic Signal,Clear,Daylight,Dry,1,Pedestrian Collisions,Truck Driver,55 to 59,South,Turning Left,Failed to Yield Right of Way,Normal,Unknown,Unknown,Unknown,Unknown,Yes,No,Humbermede,D31
2/2/2009 10:00:00 AM,1610,FINCH AVE W,WESTON RD,Major Arterial,Etobicoke York,43.752045,-79.54239,At Intersection,Traffic Signal,Clear,Daylight,Dry,1,Pedestrian Collisions,Pedestrian,90 to 94,North,Unknown,Unknown,Unknown,Vehicle turns left while ped crosses with ROW at inter.,Crossing with right of way,Medical or Physical Disability,Unknown,Yes,No,Humbermede,D31
2/13/2009 10:00:00 AM,125,423 BRIMORTON DR,Unknown,Collector,Scarborough,43.768945,-79.23769,Unknown,No Control,Clear,Dark,Dry,1,SMV Other,Passenger,20 to 24,Unknown,Unknown,Unknown,Unknown,Unknown,Unknown,Unknown,Unknown,No,No,Woburn North,D43
2/13/2009 10:00:00 AM,125,423 BRIMORTON DR,Unknown,Collector,Scarborough,43.768945,-79.23769,Unknown,No Control,Clear,Dark,Dry,1,SMV Other,Driver,20 to 24,West,Going Ahead,Lost control,"Ability Impaired, Alcohol",Unknown,Unknown,Unknown,Unknown,No,No,Woburn North,D43
3/7/2009 10:00:00 AM,440,WILLIAM R ALLEN RD,TRANSIT RD,Major Arterial,North York,43.741845,-79.45429,At Intersection,Traffic Signal,Clear,Dark,Wet,1,SMV Other,Vehicle Owner,unknown,Unknown,Unknown,Unknown,Unknown,Unknown,Unknown,Unknown,Unknown,No,No,Clanton Park,D32
3/7/2009 10:00:00 AM,440,WILLIAM R ALLEN RD,TRANSIT RD,Major Arterial,North York,43.741845,-79.45429,At Intersection,Traffic Signal,Clear,Dark,Wet,1,SMV Other,Driver,20 to 24,North,Going Ahead,Lost control,Unknown,Unknown,Unknown,Unknown,Unknown,No,No,Clanton Park,D32
3/8/2009 9:00:00 AM,350,HILL CRES,HEATHFIELD DR,Collector,Scarborough,43.737845,-79.21059,Unknown,No Control,Rain,Dark,Wet,1,SMV Other,Other,unknown,North,Parked,Unknown,Unknown,Unknown,Unknown,Unknown,Unknown,No,Yes,Scarborough Village,D43
3/8/2009 9:00:00 AM,350,HILL CRES,HEATHFIELD DR,Collector,Scarborough,43.737845,-79.21059,Unknown,No Control,Rain,Dark,Wet,1,SMV Other,Passenger,20 to 24,Unknown,Unknown,Unknown,Unknown,Unknown,Unknown,Unknown,Unknown,No,Yes,Scarborough Village,D43
3/8/2009 9:00:00 AM,350,HILL CRES,HEATHFIELD DR,Collector,Scarborough,43.737845,-79.21059,Unknown,No Control,Rain,Dark,Wet,1,SMV Other,Driver,20 to 24,East,Going Ahead,Exceeding Speed Limit,"Ability Impaired, Alcohol Over .08",Unknown,Unknown,Unknown,Unknown,No,Yes,Scarborough Village,D43
3/11/2009 8:00:00 AM,652,STEELES AVE W,PINE VALLEY  DR,Major Arterial,Etobicoke York,43.766535,-79.564769,At Intersection,Traffic Signal,Rain,Dark,Wet,1,Pedestrian Collisions,Vehicle Owner,unknown,Unknown,Unknown,Unknown,Unknown,Unknown,Unknown,Unknown,Unknown,Yes,No,Humber Summit,D31
3/11/2009 8:00:00 AM,652,STEELES AVE W,PINE VALLEY  DR,Major Arterial,Etobicoke York,43.766535,-79.564769,At Intersection,Traffic Signal,Rain,Dark,Wet,1,Pedestrian Collisions,Truck Driver,45 to 49,South,Turning Left,Driving Properly,Inattentive,Unknown,Unknown,Unknown,Unknown,Yes,No,Humber Summit,D31
3/11/2009 8:00:00 AM,652,STEELES AVE W,PINE VALLEY  DR,Major Arterial,Etobicoke York,43.766535,-79.564769,At Intersection,Traffic Signal,Rain,Dark,Wet,1,Pedestrian Collisions,Pedestrian,55 to 59,South,Unknown,Unknown,Unknown,Pedestrian hit at mid-block,"Crossing, no Traffic Control",Inattentive,Unknown,Yes,No,Humber Summit,D31
3/13/2009 8:00:00 AM,914,GERRARD ST E,DE GRASSI ST,Minor Arterial,Toronto and East York,43.666346,-79.348491,At Intersection,Pedestrian Crossover,Other,Daylight,Other,1,Pedestrian Collisions,Pedestrian,85 to 89,South,Unknown,Unknown,Unknown,Pedestrian involved in a collision with transit vehicle anywhere along roadway,"Crossing, Pedestrian Crossover",Normal,Unknown,Yes,No,South Riverdale,D55
3/13/2009 8:00:00 AM,914,GERRARD ST E,DE GRASSI ST,Minor Arterial,Toronto and East York,43.666346,-79.348491,At Intersection,Pedestrian Crossover,Other,Daylight,Other,1,Pedestrian Collisions,Driver,40 to 44,West,Going Ahead,Failed to Yield Right of Way,Normal,Unknown,Unknown,Unknown,Unknown,Yes,No,South Riverdale,D55
3/25/2009 8:00:00 AM,2128,FRONT ST W,BLUE JAYS WAY,Minor Arterial,Toronto and East York,43.643445,-79.39129,At Intersection,Traffic Signal,Rain,Dark,Wet,1,Pedestrian Collisions,Vehicle Owner,unknown,Unknown,Unknown,Unknown,Unknown,Unknown,Unknown,Unknown,Unknown,Yes,No,Wellington Place,D52
3/25/2009 8:00:00 AM,2128,FRONT ST W,BLUE JAYS WAY,Minor Arterial,Toronto and East York,43.643445,-79.39129,At Intersection,Traffic Signal,Rain,Dark,Wet,1,Pedestrian Collisions,Truck Driver,30 to 34,South,Turning Right,Failed to Yield Right of Way,Inattentive,Unknown,Unknown,Unknown,Unknown,Yes,No,Wellington Place,D52
3/25/2009 8:00:00 AM,2128,FRONT ST W,BLUE JAYS WAY,Minor Arterial,Toronto and East York,43.643445,-79.39129,At Intersection,Traffic Signal,Rain,Dark,Wet,1,Pedestrian Collisions,Pedestrian,25 to 29,South,Unknown,Unknown,Unknown,Vehicle turns right while ped crosses with ROW at inter.,Crossing with right of way,Inattentive,Unknown,Yes,No,Wellington Place,D52
4/3/2009 8:00:00 AM,1429,JARVIS ST,WELLESLEY ST E,Major Arterial,Toronto and East York,43.666245,-79.37829,At Intersection,Traffic Signal,Rain,Daylight,Wet,1,Pedestrian Collisions,Vehicle Owner,unknown,Unknown,Unknown,Unknown,Unknown,Unknown,Unknown,Unknown,Unknown,Yes,No,Cabbagetown-South St.James Town,D51
4/3/2009 8:00:00 AM,1429,JARVIS ST,WELLESLEY ST E,Major Arterial,Toronto and East York,43.666245,-79.37829,At Intersection,Traffic Signal,Rain,Daylight,Wet,1,Pedestrian Collisions,Driver,15 to 19,West,Turning Left,Driving Properly,Unknown,Unknown,Unknown,Unknown,Unknown,Yes,No,Cabbagetown-South St.James Town,D51
4/3/2009 8:00:00 AM,1429,JARVIS ST,WELLESLEY ST E,Major Arterial,Toronto and East York,43.666245,-79.37829,At Intersection,Traffic Signal,Rain,Daylight,Wet,1,Pedestrian Collisions,Pedestrian,90 to 94,East,Unknown,Unknown,Unknown,Vehicle turns left while ped crosses without ROW at inter.,Crossing without right of way,Inattentive,Unknown,Yes,No,Cabbagetown-South St.James Town,D51
4/4/2009 8:00:00 AM,228,LIPPINCOTT ST,BLOOR ST W,Major Arterial,Toronto and East York,43.665345,-79.40999,Unknown,No Control,Rain,Dark,Wet,1,Pedestrian Collisions,Pedestrian,25 to 29,West,Unknown,Unknown,Unknown,Pedestrian hit at mid-block,Other,Had Been Drinking,Unknown,Yes,No,University,D14
4/4/2009 8:00:00 AM,228,LIPPINCOTT ST,BLOOR ST W,Major Arterial,Toronto and East York,43.665345,-79.40999,Unknown,No Control,Rain,Dark,Wet,1,Pedestrian Collisions,Driver,20 to 24,North,Going Ahead,Other,"Ability Impaired, Alcohol Over .08",Unknown,Unknown,Unknown,Unknown,Yes,No,University,D14
4/17/2009 8:00:00 AM,1045,TOWNSLEY ST,OLD WESTON RD,Minor Arterial,Toronto and East York,43.674045,-79.46319,Unknown,Stop Sign,Clear,Daylight,Dry,1,Pedestrian Collisions,Driver,20 to 24,East,Reversing,Other,Normal,Unknown,Unknown,Unknown,Unknown,Yes,No,Weston-Pelham Park,D12
4/17/2009 8:00:00 AM,1045,TOWNSLEY ST,OLD WESTON RD,Minor Arterial,Toronto and East York,43.674045,-79.46319,Unknown,Stop Sign,Clear,Daylight,Dry,1,Pedestrian Collisions,Pedestrian,65 to 69,North,Unknown,Unknown,Unknown,Vehicle is reversing and hits pedestrian,Other,Normal,Unknown,Yes,No,Weston-Pelham Park,D12
4/20/2009 8:00:00 AM,1330,RONCESVALLES AVE,HIGH PARK BLVD,Minor Arterial,Toronto and East York,43.646327,-79.449046,Unknown,Traffic Signal,Rain,Daylight,Wet,1,Pedestrian Collisions,Pedestrian,85 to 89,West,Unknown,Unknown,Unknown,Vehicle turns left while ped crosses with ROW at inter.,Crossing with right of way,Normal,Unknown,Yes,No,Roncesvalles,D11
4/20/2009 8:00:00 AM,1330,RONCESVALLES AVE,HIGH PARK BLVD,Minor Arterial,Toronto and East York,43.646327,-79.449046,Unknown,Traffic Signal,Rain,Daylight,Wet,1,Pedestrian Collisions,Vehicle Owner,unknown,Unknown,Unknown,Unknown,Unknown,Unknown,Unknown,Unknown,Unknown,Yes,No,Roncesvalles,D11
4/20/2009 8:00:00 AM,1330,RONCESVALLES AVE,HIGH PARK BLVD,Minor Arterial,Toronto and East York,43.646327,-79.449046,Unknown,Traffic Signal,Rain,Daylight,Wet,1,Pedestrian Collisions,Driver,40 to 44,East,Turning Left,Failed to Yield Right of Way,Inattentive,Unknown,Unknown,Unknown,Unknown,Yes,No,Roncesvalles,D11
5/1/2009 8:00:00 AM,1236,ST CLAIR AVE W,ORIOLE RD,Major Arterial,Toronto and East York,43.686945,-79.39979,Unknown,No Control,Clear,Daylight,Dry,1,SMV Unattended Vehicle,Other,unknown,East,Parked,Unknown,Unknown,Unknown,Unknown,Unknown,Unknown,No,No,Yonge-St.Clair,D53
5/1/2009 8:00:00 AM,1236,ST CLAIR AVE W,ORIOLE RD,Major Arterial,Toronto and East York,43.686945,-79.39979,Unknown,No Control,Clear,Daylight,Dry,1,SMV Unattended Vehicle,Passenger,80 to 84,Unknown,Unknown,Unknown,Unknown,Unknown,Unknown,Unknown,Unknown,No,No,Yonge-St.Clair,D53
5/1/2009 8:00:00 AM,1236,ST CLAIR AVE W,ORIOLE RD,Major Arterial,Toronto and East York,43.686945,-79.39979,Unknown,No Control,Clear,Daylight,Dry,1,SMV Unattended Vehicle,Passenger,30 to 34,Unknown,Unknown,Unknown,Unknown,Unknown,Unknown,Unknown,Unknown,No,No,Yonge-St.Clair,D53
5/1/2009 8:00:00 AM,1236,ST CLAIR AVE W,ORIOLE RD,Major Arterial,Toronto and East York,43.686945,-79.39979,Unknown,No Control,Clear,Daylight,Dry,1,SMV Unattended Vehicle,Driver,35 to 39,East,Going Ahead,Lost control,Unknown,Unknown,Unknown,Unknown,Unknown,No,No,Yonge-St.Clair,D53
5/1/2009 8:00:00 AM,1236,ST CLAIR AVE W,ORIOLE RD,Major Arterial,Toronto and East York,43.686945,-79.39979,Unknown,No Control,Clear,Daylight,Dry,1,SMV Unattended Vehicle,Passenger,90 to 94,Unknown,Unknown,Unknown,Unknown,Unknown,Unknown,Unknown,Unknown,No,No,Yonge-St.Clair,D53
5/1/2009 8:00:00 AM,1236,ST CLAIR AVE W,ORIOLE RD,Major Arterial,Toronto and East York,43.686945,-79.39979,Unknown,No Control,Clear,Daylight,Dry,1,SMV Unattended Vehicle,Other,unknown,East,Parked,Unknown,Unknown,Unknown,Unknown,Unknown,Unknown,No,No,Yonge-St.Clair,D53
5/1/2009 8:00:00 AM,1236,ST CLAIR AVE W,ORIOLE RD,Major Arterial,Toronto and East York,43.686945,-79.39979,Unknown,No Control,Clear,Daylight,Dry,1,SMV Unattended Vehicle,Other,unknown,East,Parked,Unknown,Unknown,Unknown,Unknown,Unknown,Unknown,No,No,Yonge-St.Clair,D53
5/1/2009 8:00:00 AM,1236,ST CLAIR AVE W,ORIOLE RD,Major Arterial,Toronto and East York,43.686945,-79.39979,Unknown,No Control,Clear,Daylight,Dry,1,SMV Unattended Vehicle,Other,unknown,East,Parked,Unknown,Unknown,Unknown,Unknown,Unknown,Unknown,No,No,Yonge-St.Clair,D53
6/5/2009 8:00:00 AM,1547,FINCH AVE W,HALESIA DR,Major Arterial,Etobicoke York,43.733745,-79.60669,At Intersection,Traffic Signal,Clear,Daylight,Dry,1,Turning Movement,Motorcycle Driver,35 to 39,East,Slowing or Stopping,Lost control,Unknown,Unknown,Unknown,Unknown,Unknown,No,No,West Humber-Clairville,D23
6/5/2009 8:00:00 AM,1547,FINCH AVE W,HALESIA DR,Major Arterial,Etobicoke York,43.733745,-79.60669,At Intersection,Traffic Signal,Clear,Daylight,Dry,1,Turning Movement,Driver,35 to 39,West,Turning Left,Failed to Yield Right of Way,Inattentive,Unknown,Unknown,Unknown,Unknown,No,No,West Humber-Clairville,D23
6/17/2009 8:00:00 AM,1708,KEELE ST,DUNDAS ST W,Major Arterial,Toronto and East York,43.664945,-79.46439,Unknown,No Control,Rain,Daylight,Wet,1,Pedestrian Collisions,Vehicle Owner,unknown,Unknown,Unknown,Unknown,Unknown,Unknown,Unknown,Unknown,Unknown,Yes,No,Junction Area,D11