DATE,TIME,STREET1,STREET2,ROAD_CLASS,DISTRICT,LATITUDE,LONGITUDE,ACCLOC,TRAFFCTL,VISIBILITY,LIGHT,RDSFCOND,ACCLASS,IMPACTYPE,INVTYPE,INVAGE,INITDIR,MANOEUVER,DRIVACT,DRIVCOND,PEDTYPE,PEDACT,PEDCOND,CYCLISTYPE,PEDESTRIAN,SPEEDING,NEIGHBOURHOOD_158,DIVISION
8/30/2011 8:00:00 AM,1438,LAWRENCE AVE E,E OF DVP ON RAMP Aven,Major Arterial,North York,43.740245,-79.32799,Unknown,No Control,Clear,Daylight,Dry,1,Rear End,Passenger,5 to 9,Unknown,Unknown,Unknown,Unknown,Unknown,Unknown,Unknown,Unknown,No,Yes,Victoria Village,D33
8/30/2011 8:00:00 AM,1438,LAWRENCE AVE E,E OF DVP ON RAMP Aven,Major Arterial,North York,43.740245,-79.32799,Unknown,No Control,Clear,Daylight,Dry,1,Rear End,Passenger,15 to 19,Unknown,Unknown,Unknown,Unknown,Unknown,Unknown,Unknown,Unknown,No,Yes,Victoria Village,D33
8/30/2011 8:00:00 AM,1438,LAWRENCE AVE E,E OF DVP ON RAMP Aven,Major Arterial,North York,43.740245,-79.32799,Unknown,No Control,Clear,Daylight,Dry,1,Rear End,Passenger,35 to 39,Unknown,Unknown,Unknown,Unknown,Unknown,Unknown,Unknown,Unknown,No,Yes,Victoria Village,D33
8/30/2011 8:00:00 AM,1438,LAWRENCE AVE E,E OF DVP ON RAMP Aven,Major Arterial,North York,43.740245,-79.32799,Unknown,No Control,Clear,Daylight,Dry,1,Rear End,Passenger,20 to 24,Unknown,Unknown,Unknown,Unknown,Unknown,Unknown,Unknown,Unknown,No,Yes,Victoria Village,D33
8/30/2011 8:00:00 AM,1438,LAWRENCE AVE E,E OF DVP ON RAMP Aven,Major Arterial,North York,43.740245,-79.32799,Unknown,No Control,Clear,Daylight,Dry,1,Rear End,Passenger,40 to 44,Unknown,Unknown,Unknown,Unknown,Unknown,Unknown,Unknown,Unknown,No,Yes,Victoria Village,D33
9/1/2011 8:00:00 AM,1540,MIDLAND AVE,BAYLAWN DR,Major Arterial,Scarborough,43.800545,-79.28489,Unknown,No Control,Clear,Daylight,Dry,1,SMV Other,Vehicle Owner,unknown,Unknown,Unknown,Unknown,Unknown,Unknown,Unknown,Unknown,Unknown,No,Yes,Agincourt North,D42
9/1/2011 8:00:00 AM,1540,MIDLAND AVE,BAYLAWN DR,Major Arterial,Scarborough,43.800545,-79.28489,Unknown,No Control,Clear,Daylight,Dry,1,SMV Other,Driver,35 to 39,South,Going Ahead,Lost control,Unknown,Unknown,Unknown,Unknown,Unknown,No,Yes,Agincourt North,D42
9/12/2011 8:00:00 AM,1316,STEELES AVE W,STEINWAY BLVD,Major Arterial,Etobicoke York,43.753945,-79.62099,Unknown,No Control,Clear,Daylight,Dry,1,Turning Movement,Vehicle Owner,unknown,Unknown,Unknown,Unknown,Unknown,Unknown,Unknown,Unknown,Unknown,No,Yes,NSA,NSA
9/12/2011 8:00:00 AM,1316,STEELES AVE W,STEINWAY BLVD,Major Arterial,Etobicoke York,43.753945,-79.62099,Unknown,No Control,Clear,Daylight,Dry,1,Turning Movement,Driver,55 to 59,West,Turning Left,Driving Properly,Normal,Unknown,Unknown,Unknown,Unknown,No,Yes,NSA,NSA
9/12/2011 8:00:00 AM,1316,STEELES AVE W,STEINWAY BLVD,Major Arterial,Etobicoke York,43.753945,-79.62099,Unknown,No Control,Clear,Daylight,Dry,1,Turning Movement,Vehicle Owner,unknown,Unknown,Unknown,Unknown,Unknown,Unknown,Unknown,Unknown,Unknown,No,Yes,NSA,NSA
9/12/2011 8:00:00 AM,1316,STEELES AVE W,STEINWAY BLVD,Major Arterial,Etobicoke York,43.753945,-79.62099,Unknown,No Control,Clear,Daylight,Dry,1,Turning Movement,Driver,45 to 49,North,Turning Right,Driving Properly,Normal,Unknown,Unknown,Unknown,Unknown,No,Yes,NSA,NSA
9/12/2011 8:00:00 AM,1316,STEELES AVE W,STEINWAY BLVD,Major Arterial,Etobicoke York,43.753945,-79.62099,Unknown,No Control,Clear,Daylight,Dry,1,Turning Movement,Vehicle Owner,unknown,Unknown,Unknown,Unknown,Unknown,Unknown,Unknown,Unknown,Unknown,No,Yes,NSA,NSA
9/12/2011 8:00:00 AM,1316,STEELES AVE W,STEINWAY BLVD,Major Arterial,Etobicoke York,43.753945,-79.62099,Unknown,No Control,Clear,Daylight,Dry,1,Turning Movement,Driver,20 to 24,East,Going Ahead,Exceeding Speed Limit,Unknown,Unknown,Unknown,Unknown,Unknown,No,Yes,NSA,NSA
9/23/2011 8:00:00 AM,1912,MARTIN GROVE Road,DIXON Road,Major Arterial,Etobicoke York,43.691545,-79.57079,At Intersection,Traffic Signal,Rain,Dark,Wet,1,Pedestrian Collisions,Passenger,0 to 4,Unknown,Other,Unknown,Unknown,Unknown,Unknown,Unknown,Unknown,Yes,No,West Humber-Clairville,D23
9/23/2011 8:00:00 AM,1912,MARTIN GROVE Road,DIXON Road,Major Arterial,Etobicoke York,43.691545,-79.57079,At Intersection,Traffic Signal,Rain,Dark,Wet,1,Pedestrian Collisions,Passenger,25 to 29,Unknown,Other,Unknown,Unknown,Unknown,Unknown,Unknown,Unknown,Yes,No,West Humber-Clairville,D23
9/23/2011 8:00:00 AM,1912,MARTIN GROVE Road,DIXON Road,Major Arterial,Etobicoke York,43.691545,-79.57079,At Intersection,Traffic Signal,Rain,Dark,Wet,1,Pedestrian Collisions,Driver,30 to 34,East,Going Ahead,Driving Properly,Normal,Unknown,Unknown,Unknown,Unknown,Yes,No,West Humber-Clairville,D23
9/23/2011 8:00:00 AM,1912,MARTIN GROVE Road,DIXON Road,Major Arterial,Etobicoke York,43.691545,-79.57079,At Intersection,Traffic Signal,Rain,Dark,Wet,1,Pedestrian Collisions,Pedestrian,75 to 79,East,Other,Unknown,Unknown,Vehicle is going straight thru inter.while ped cross without ROW,Crossing marked crosswalk without ROW,Inattentive,Unknown,Yes,No,West Humber-Clairville,D23
10/10/2011 8:00:00 AM,540,KENNEDY RD,FINCH AVE E,Major Arterial,Scarborough,43.801245,-79.29659,At Intersection,Traffic Signal,Clear,"Dark, artificial",Dry,1,SMV Other,Passenger,20 to 24,Unknown,Unknown,Unknown,Unknown,Unknown,Unknown,Unknown,Unknown,No,No,East L'Amoreaux,D42
10/10/2011 8:00:00 AM,540,KENNEDY RD,FINCH AVE E,Major Arterial,Scarborough,43.801245,-79.29659,At Intersection,Traffic Signal,Clear,"Dark, artificial",Dry,1,SMV Other,Driver,25 to 29,South,Going Ahead,Lost control,Unknown,Unknown,Unknown,Unknown,Unknown,No,No,East L'Amoreaux,D42
10/10/2011 8:00:00 AM,540,KENNEDY RD,FINCH AVE E,Major Arterial,Scarborough,43.801245,-79.29659,At Intersection,Traffic Signal,Clear,"Dark, artificial",Dry,1,SMV Other,Other Property Owner,unknown,Unknown,Unknown,Unknown,Unknown,Unknown,Unknown,Unknown,Unknown,No,No,East L'Amoreaux,D42
10/10/2011 8:00:00 AM,540,KENNEDY RD,FINCH AVE E,Major Arterial,Scarborough,43.801245,-79.29659,At Intersection,Traffic Signal,Clear,"Dark, artificial",Dry,1,SMV Other,Other Property Owner,unknown,Unknown,Unknown,Unknown,Unknown,Unknown,Unknown,Unknown,Unknown,No,No,East L'Amoreaux,D42
10/18/2011 8:00:00 AM,548,WILSON AVE,ALLINGHAM GDNS,Major Arterial,North York,43.735545,-79.44279,At Intersection,No Control,Clear,"Dark, artificial",Other,1,Pedestrian Collisions,Driver,40 to 44,West,Going Ahead,Driving Properly,Normal,Unknown,Unknown,Unknown,Unknown,Yes,No,Clanton Park,D32
10/18/2011 8:00:00 AM,548,WILSON AVE,ALLINGHAM GDNS,Major Arterial,North York,43.735545,-79.44279,At Intersection,No Control,Clear,"Dark, artificial",Other,1,Pedestrian Collisions,Pedestrian,45 to 49,North,Unknown,Unknown,Unknown,Vehicle is going straight thru inter.while ped cross without ROW,"Crossing, no Traffic Control",Inattentive,Unknown,Yes,No,Clanton Park,D32
10/21/2011 8:00:00 AM,630,SPADINA AVE W,KING ST W,Major Arterial,Toronto and East York,43.645445,-79.39499,At Intersection,Traffic Signal,Clear,Dark,Dry,1,Pedestrian Collisions,Vehicle Owner,unknown,Unknown,Unknown,Unknown,Unknown,Unknown,Unknown,Unknown,Unknown,Yes,No,Wellington Place,D52
10/21/2011 8:00:00 AM,630,SPADINA AVE W,KING ST W,Major Arterial,Toronto and East York,43.645445,-79.39499,At Intersection,Traffic Signal,Clear,Dark,Dry,1,Pedestrian Collisions,Passenger,30 to 34,Unknown,Unknown,Unknown,Unknown,Unknown,Unknown,Unknown,Unknown,Yes,No,Wellington Place,D52
10/21/2011 8:00:00 AM,630,SPADINA AVE W,KING ST W,Major Arterial,Toronto and East York,43.645445,-79.39499,At Intersection,Traffic Signal,Clear,Dark,Dry,1,Pedestrian Collisions,Truck Driver,35 to 39,South,Turning Right,Driving Properly,Normal,Unknown,Unknown,Unknown,Unknown,Yes,No,Wellington Place,D52
10/21/2011 8:00:00 AM,630,SPADINA AVE W,KING ST W,Major Arterial,Toronto and East York,43.645445,-79.39499,At Intersection,Traffic Signal,Clear,Dark,Dry,1,Pedestrian Collisions,Pedestrian,25 to 29,East,Unknown,Unknown,Unknown,Other / Undefined,Walking on Roadway Against Traffic,Unknown,Unknown,Yes,No,Wellington Place,D52
11/7/2011 10:00:00 AM,1134,DUNDAS ST W,STERLING RD,Minor Arterial,Toronto and East York,43.650645,-79.44299,At Intersection,Stop Sign,Clear,Daylight,Dry,1,Cyclist Collisions,Vehicle Owner,unknown,Unknown,Unknown,Unknown,Unknown,Unknown,Unknown,Unknown,Unknown,No,No,Little Portugal,D11
11/7/2011 10:00:00 AM,1134,DUNDAS ST W,STERLING RD,Minor Arterial,Toronto and East York,43.650645,-79.44299,At Intersection,Stop Sign,Clear,Daylight,Dry,1,Cyclist Collisions,Truck Driver,65 to 69,South,Turning Right,Driving Properly,Normal,Unknown,Unknown,Unknown,Unknown,No,No,Little Portugal,D11
11/7/2011 10:00:00 AM,1134,DUNDAS ST W,STERLING RD,Minor Arterial,Toronto and East York,43.650645,-79.44299,At Intersection,Stop Sign,Clear,Daylight,Dry,1,Cyclist Collisions,Cyclist,35 to 39,South,Turning Right,Unknown,Unknown,Unknown,Unknown,Unknown,"Motorist turns right at non-signal Inter.(stop, yield, no cont.,and dwy) and strikes cyclist.",No,No,Little Portugal,D11
11/10/2011 10:00:00 AM,1111,DON VALLEY PARKWAY  S,BAYVIEW BLOOR DVP RAMP,Unknown,Toronto and East York,43.682345,-79.36239,Unknown,No Control,Clear,Daylight,Dry,1,SMV Other,Vehicle Owner,unknown,Unknown,Unknown,Unknown,Unknown,Unknown,Unknown,Unknown,Unknown,No,Yes,Broadview North,D55
11/10/2011 10:00:00 AM,1111,DON VALLEY PARKWAY  S,BAYVIEW BLOOR DVP RAMP,Unknown,Toronto and East York,43.682345,-79.36239,Unknown,No Control,Clear,Daylight,Dry,1,SMV Other,Driver,50 to 54,South,Going Ahead,Driving Properly,Normal,Unknown,Unknown,Unknown,Unknown,No,Yes,Broadview North,D55
11/10/2011 10:00:00 AM,1111,DON VALLEY PARKWAY  S,BAYVIEW BLOOR DVP RAMP,Unknown,Toronto and East York,43.682345,-79.36239,Unknown,No Control,Clear,Daylight,Dry,1,SMV Other,Driver,40 to 44,North,Going Ahead,Driving Properly,Normal,Unknown,Unknown,Unknown,Unknown,No,Yes,Broadview North,D55
11/10/2011 10:00:00 AM,1111,DON VALLEY PARKWAY  S,BAYVIEW BLOOR DVP RAMP,Unknown,Toronto and East York,43.682345,-79.36239,Unknown,No Control,Clear,Daylight,Dry,1,SMV Other,Driver,75 to 79,South,Going Ahead,Lost control,Medical or Physical Disability,Unknown,Unknown,Unknown,Unknown,No,Yes,Broadview North,D55
11/10/2011 10:00:00 AM,1111,DON VALLEY PARKWAY  S,BAYVIEW BLOOR DVP RAMP,Unknown,Toronto and East York,43.682345,-79.36239,Unknown,No Control,Clear,Daylight,Dry,1,SMV Other,Vehicle Owner,unknown,Unknown,Unknown,Unknown,Unknown,Unknown,Unknown,Unknown,Unknown,No,Yes,Broadview North,D55
11/10/2011 10:00:00 AM,1111,DON VALLEY PARKWAY  S,BAYVIEW BLOOR DVP RAMP,Unknown,Toronto and East York,43.682345,-79.36239,Unknown,No Control,Clear,Daylight,Dry,1,SMV Other,Passenger,55 to 59,Unknown,Unknown,Unknown,Unknown,Unknown,Unknown,Unknown,Unknown,No,Yes,Broadview North,D55
11/10/2011 10:00:00 AM,1111,DON VALLEY PARKWAY  S,BAYVIEW BLOOR DVP RAMP,Unknown,Toronto and East York,43.682345,-79.36239,Unknown,No Control,Clear,Daylight,Dry,1,SMV Other,Driver,50 to 54,South,Going Ahead,Driving Properly,Normal,Unknown,Unknown,Unknown,Unknown,No,Yes,Broadview North,D55
12/1/2011 10:00:00 AM,102,JANE ST,ELLIS AVE,Major Arterial,Etobicoke York,43.702145,-79.50359,Unknown,No Control,Clear,"Dark, artificial",Dry,1,Pedestrian Collisions,Driver,45 to 49,North,Going Ahead,Driving Properly,Normal,Unknown,Unknown,Unknown,Unknown,Yes,No,Brookhaven-Amesbury,D12
12/1/2011 10:00:00 AM,102,JANE ST,ELLIS AVE,Major Arterial,Etobicoke York,43.702145,-79.50359,Unknown,No Control,Clear,"Dark, artificial",Dry,1,Pedestrian Collisions,Pedestrian,50 to 54,Unknown,Unknown,Unknown,Unknown,Other / Undefined,Other,Unknown,Unknown,Yes,No,Brookhaven-Amesbury,D12
12/2/2011 10:00:00 AM,1830,LAWRENCE AVE E,TOWNLEY AVE,Major Arterial,Scarborough,43.742645,-79.30729,At Intersection,No Control,Clear,"Dusk, artificial",Dry,1,Pedestrian Collisions,Vehicle Owner,unknown,Unknown,Unknown,Unknown,Unknown,Unknown,Unknown,Unknown,Unknown,Yes,No,Wexford/Maryvale,D41
12/2/2011 10:00:00 AM,1830,LAWRENCE AVE E,TOWNLEY AVE,Major Arterial,Scarborough,43.742645,-79.30729,At Intersection,No Control,Clear,"Dusk, artificial",Dry,1,Pedestrian Collisions,Driver,65 to 69,West,Going Ahead,Driving Properly,Unknown,Unknown,Unknown,Unknown,Unknown,Yes,No,Wexford/Maryvale,D41
12/2/2011 10:00:00 AM,1830,LAWRENCE AVE E,TOWNLEY AVE,Major Arterial,Scarborough,43.742645,-79.30729,At Intersection,No Control,Clear,"Dusk, artificial",Dry,1,Pedestrian Collisions,Pedestrian,65 to 69,South,Unknown,Unknown,Unknown,Pedestrian hit at mid-block,"Crossing, no Traffic Control",Unknown,Unknown,Yes,No,Wexford/Maryvale,D41
12/21/2011 10:00:00 AM,706,JANE ST,DRIFTWOOD AVE,Major Arterial,Etobicoke York,43.765898,-79.519672,At Intersection,Traffic Signal,Rain,"Dark, artificial",Wet,1,Pedestrian Collisions,Pedestrian,25 to 29,East,Unknown,Unknown,Unknown,Vehicle turns left while ped crosses with ROW at inter.,Crossing with right of way,Normal,Unknown,Yes,No,Black Creek,D31
12/21/2011 10:00:00 AM,706,JANE ST,DRIFTWOOD AVE,Major Arterial,Etobicoke York,43.765898,-79.519672,At Intersection,Traffic Signal,Rain,"Dark, artificial",Wet,1,Pedestrian Collisions,Vehicle Owner,unknown,Unknown,Unknown,Unknown,Unknown,Unknown,Unknown,Unknown,Unknown,Yes,No,Black Creek,D31
12/21/2011 10:00:00 AM,706,JANE ST,DRIFTWOOD AVE,Major Arterial,Etobicoke York,43.765898,-79.519672,At Intersection,Traffic Signal,Rain,"Dark, artificial",Wet,1,Pedestrian Collisions,Driver,40 to 44,West,Turning Left,Failed to Yield Right of Way,Inattentive,Unknown,Unknown,Unknown,Unknown,Yes,No,Black Creek,D31
12/23/2011 10:00:00 AM,547,LAWRENCE AVE E,CURLEW DR,Major Arterial,North York,43.741145,-79.31929,At Intersection,Traffic Signal,Clear,"Dark, artificial",Wet,1,Turning Movement,Driver,25 to 29,West,Going Ahead,Driving Properly,Normal,Unknown,Unknown,Unknown,Unknown,No,No,Victoria Village,D33
12/23/2011 10:00:00 AM,547,LAWRENCE AVE E,CURLEW DR,Major Arterial,North York,43.741145,-79.31929,At Intersection,Traffic Signal,Clear,"Dark, artificial",Wet,1,Turning Movement,Driver,35 to 39,East,Turning Left,Improper Turn,Inattentive,Unknown,Unknown,Unknown,Unknown,No,No,Victoria Village,D33
12/23/2011 10:00:00 AM,547,LAWRENCE AVE E,CURLEW DR,Major Arterial,North York,43.741145,-79.31929,At Intersection,Traffic Signal,Clear,"Dark, artificial",Wet,1,Turning Movement,Other Property Owner,unknown,Unknown,Unknown,Unknown,Unknown,Unknown,Unknown,Unknown,Unknown,No,No,Victoria Village,D33
1/12/2012 10:00:00 AM,558,NEILSON RD,FINCH AVE E,Minor Arterial,Scarborough,43.816245,-79.22759,Unknown,Traffic Signal,Rain,"Dark, artificial",Wet,1,Pedestrian Collisions,Passenger,55 to 59,Unknown,Unknown,Unknown,Unknown,Unknown,Unknown,Unknown,Unknown,Yes,No,Malvern West,D42
1/12/2012 10:00:00 AM,558,NEILSON RD,FINCH AVE E,Minor Arterial,Scarborough,43.816245,-79.22759,Unknown,Traffic Signal,Rain,"Dark, artificial",Wet,1,Pedestrian Collisions,Driver,50 to 54,West,Turning Left,Failed to Yield Right of Way,Normal,Unknown,Unknown,Unknown,Unknown,Yes,No,Malvern West,D42
1/12/2012 10:00:00 AM,558,NEILSON RD,FINCH AVE E,Minor Arterial,Scarborough,43.816245,-79.22759,Unknown,Traffic Signal,Rain,"Dark, artificial",Wet,1,Pedestrian Collisions,Pedestrian,40 to 44,West,Unknown,Unknown,Unknown,Vehicle turns left while ped crosses with ROW at inter.,Crossing with right of way,Unknown,Unknown,Yes,No,Malvern West,D42
1/12/2012 10:00:00 AM,2110,FOREST GROVE DR,PAGE AVE,Local,North York,43.779645,-79.37889,Unknown,No Control,Clear,"Dark, artificial",Wet,1,Pedestrian Collisions,Driver,75 to 79,South,Reversing,Other,Inattentive,Unknown,Unknown,Unknown,Unknown,Yes,No,Bayview Village,D33
1/12/2012 10:00:00 AM,2110,FOREST GROVE DR,PAGE AVE,Local,North York,43.779645,-79.37889,Unknown,No Control,Clear,"Dark, artificial",Wet,1,Pedestrian Collisions,Pedestrian,80 to 84,Unknown,Unknown,Unknown,Unknown,Vehicle is reversing and hits pedestrian,Other,Medical or Physical Disability,Unknown,Yes,No,Bayview Village,D33
1/20/2012 10:00:00 AM,2214,SENECA HILL DR,DON MILLS RD,Collector,North York,43.790045,-79.35519,Unknown,No Control,Snow,Dark,Packed Snow,1,SMV Other,Driver,85 to 89,West,Going Ahead,Lost control,Unknown,Unknown,Unknown,Unknown,Unknown,No,No,Don Valley Village,D33
1/26/2012 10:00:00 AM,903,DIXON RD,ISLINGTON AVE,Major Arterial,Etobicoke York,43.697045,-79.54669,At Intersection,Traffic Signal,Clear,Daylight,Wet,1,Turning Movement,Vehicle Owner,unknown,Unknown,Unknown,Unknown,Unknown,Unknown,Unknown,Unknown,Unknown,No,No,Kingsview Village-The Westway,D23
1/26/2012 10:00:00 AM,903,DIXON RD,ISLINGTON AVE,Major Arterial,Etobicoke York,43.697045,-79.54669,At Intersection,Traffic Signal,Clear,Daylight,Wet,1,Turning Movement,Driver,60 to 64,South,Stopped,Driving Properly,Normal,Unknown,Unknown,Unknown,Unknown,No,No,Kingsview Village-The Westway,D23
1/26/2012 10:00:00 AM,903,DIXON RD,ISLINGTON AVE,Major Arterial,Etobicoke York,43.697045,-79.54669,At Intersection,Traffic Signal,Clear,Daylight,Wet,1,Turning Movement,Passenger,65 to 69,Unknown,Unknown,Unknown,Unknown,Unknown,Unknown,Unknown,Unknown,No,No,Kingsview Village-The Westway,D23
1/26/2012 10:00:00 AM,903,DIXON RD,ISLINGTON AVE,Major Arterial,Etobicoke York,43.697045,-79.54669,At Intersection,Traffic Signal,Clear,Daylight,Wet,1,Turning Movement,Driver,70 to 74,East,Turning Left,Failed to Yield Right of Way,Normal,Unknown,Unknown,Unknown,Unknown,No,No,Kingsview Village-The Westway,D23
1/26/2012 10:00:00 AM,903,DIXON RD,ISLINGTON AVE,Major Arterial,Etobicoke York,43.697045,-79.54669,At Intersection,Traffic Signal,Clear,Daylight,Wet,1,Turning Movement,Driver,65 to 69,West,Going Ahead,Driving Properly,Normal,Unknown,Unknown,Unknown,Unknown,No,No,Kingsview Village-The Westway,D23
1/30/2012 10:00:00 AM,1428,STEELES AVE W,ISLINGTON AVE,Major Arterial,Etobicoke York,43.764346,-79.574893,At Intersection,Traffic Signal,Clear,Daylight,Dry,1,Turning Movement,Driver,45 to 49,East,Stopped,Driving Properly,Normal,Unknown,Unknown,Unknown,Unknown,No,No,NSA,NSA
1/30/2012 10:00:00 AM,1428,STEELES AVE W,ISLINGTON AVE,Major Arterial,Etobicoke York,43.764346,-79.574893,At Intersection,Traffic Signal,Clear,Daylight,Dry,1,Turning Movement,Driver,75 to 79,West,Turning Left,Lost control,Medical or Physical Disability,Unknown,Unknown,Unknown,Unknown,No,No,NSA,NSA
1/30/2012 10:00:00 AM,1428,STEELES AVE W,ISLINGTON AVE,Major Arterial,Etobicoke York,43.764346,-79.574893,At Intersection,Traffic Signal,Clear,Daylight,Dry,1,Turning Movement,Other Property Owner,unknown,Unknown,Unknown,Unknown,Unknown,Unknown,Unknown,Unknown,Unknown,No,No,NSA,NSA
2/6/2012 10:00:00 AM,233,F G GARDINER XY  E,DUFFERIN ST,Unknown,Toronto and East York,43.632643,-79.429286,Unknown,No Control,Clear,"Dark, artificial",Other,1,Pedestrian Collisions,Truck Driver,40 to 44,East,Going Ahead,Driving Properly,Normal,Unknown,Unknown,Unknown,Unknown,Yes,No,South Parkdale,D14
2/6/2012 10:00:00 AM,233,F G GARDINER XY  E,DUFFERIN ST,Unknown,Toronto and East York,43.632643,-79.429286,Unknown,No Control,Clear,"Dark, artificial",Other,1,Pedestrian Collisions,Driver - Not Hit,20 to 24,East,Going Ahead,Other,Had Been Drinking,Unknown,Unknown,Unknown,Unknown,Yes,No,South Parkdale,D14
2/6/2012 10:00:00 AM,233,F G GARDINER XY  E,DUFFERIN ST,Unknown,Toronto and East York,43.632643,-79.429286,Unknown,No Control,Clear,"Dark, artificial",Other,1,Pedestrian Collisions,Pedestrian,15 to 19,Unknown,Unknown,Unknown,Unknown,Pedestrian hit at mid-block,Person Getting on/off Vehicle,Had Been Drinking,Unknown,Yes,No,South Parkdale,D14
3/21/2012 8:00:00 AM,2215,JANE ST,NICKLE ST,Major Arterial,Etobicoke York,43.691545,-79.50099,Unknown,No Control,Clear,"Dark, artificial",Dry,1,Pedestrian Collisions,Driver,55 to 59,South,Going Ahead,Driving Properly,Normal,Unknown,Unknown,Unknown,Unknown,Yes,No,Mount Dennis,D12
3/21/2012 8:00:00 AM,2215,JANE ST,NICKLE ST,Major Arterial,Etobicoke York,43.691545,-79.50099,Unknown,No Control,Clear,"Dark, artificial",Dry,1,Pedestrian Collisions,Pedestrian,75 to 79,East,Unknown,Unknown,Unknown,Pedestrian hit at mid-block,"Crossing, no Traffic Control",Normal,Unknown,Yes,No,Mount Dennis,D12
4/2/2012 8:00:00 AM,555,FINCH AVE W,DRIFTWOOD AVE,Major Arterial,Etobicoke York,43.758245,-79.51239,Unknown,No Control,Clear,"Dawn, artificial",Dry,1,Pedestrian Collisions,Driver,40 to 44,East,Going Ahead,Driving Properly,Normal,Unknown,Unknown,Unknown,Unknown,Yes,No,Glenfield-Jane Heights,D31
4/2/2012 8:00:00 AM,555,FINCH AVE W,DRIFTWOOD AVE,Major Arterial,Etobicoke York,43.758245,-79.51239,Unknown,No Control,Clear,"Dawn, artificial",Dry,1,Pedestrian Collisions,Pedestrian,45 to 49,North,Unknown,Unknown,Unknown,Pedestrian hit at mid-block,"Crossing, no Traffic Control",Unknown,Unknown,Yes,No,Glenfield-Jane Heights,D31
4/3/2012 8:00:00 AM,230,MOUNT PLEASANT RD,STIBBARD AVE,Major Arterial,North York,43.716945,-79.39359,Unknown,No Control,Clear,Dark,Dry,1,SMV Other,Passenger,20 to 24,Unknown,Unknown,Unknown,Unknown,Unknown,Unknown,Unknown,Unknown,No,Yes,Mount Pleasant East,D53
4/3/2012 8:00:00 AM,230,MOUNT PLEASANT RD,STIBBARD AVE,Major Arterial,North York,43.716945,-79.39359,Unknown,No Control,Clear,Dark,Dry,1,SMV Other,Vehicle Owner,unknown,Unknown,Unknown,Unknown,Unknown,Unknown,Unknown,Unknown,Unknown,No,Yes,Mount Pleasant East,D53
4/3/2012 8:00:00 AM,230,MOUNT PLEASANT RD,STIBBARD AVE,Major Arterial,North York,43.716945,-79.39359,Unknown,No Control,Clear,Dark,Dry,1,SMV Other,Driver,15 to 19,South,Going Ahead,Exceeding Speed Limit,"Ability Impaired, Alcohol Over .08",Unknown,Unknown,Unknown,Unknown,No,Yes,Mount Pleasant East,D53
4/3/2012 8:00:00 AM,230,MOUNT PLEASANT RD,STIBBARD AVE,Major Arterial,North York,43.716945,-79.39359,Unknown,No Control,Clear,Dark,Dry,1,SMV Other,Other Property Owner,unknown,Unknown,Unknown,Unknown,Unknown,Unknown,Unknown,Unknown,Unknown,No,Yes,Mount Pleasant East,D53
4/19/2012 8:00:00 AM,1203,MORNINGSIDE AVE,MILNER AVE,Major Arterial,Scarborough,43.800745,-79.19929,Unknown,No Control,Clear,Daylight,Dry,1,SMV Other,Driver,50 to 54,North,Going Ahead,Other,Unknown,Unknown,Unknown,Unknown,Unknown,No,No,Malvern East,D42
4/19/2012 8:00:00 AM,1203,MORNINGSIDE AVE,MILNER AVE,Major Arterial,Scarborough,43.800745,-79.19929,Unknown,No Control,Clear,Daylight,Dry,1,SMV Other,Other Property Owner,unknown,Unknown,Unknown,Unknown,Unknown,Unknown,Unknown,Unknown,Unknown,No,No,Malvern East,D42
4/20/2012 8:00:00 AM,1447,DON VALLEY PARKWAY  N,GERRARD ST E,Unknown,Toronto and East York,43.665145,-79.35589,Unknown,No Control,Clear,Daylight,Dry,1,SMV Other,Motorcycle Driver,35 to 39,North,Going Ahead,Exceeding Speed Limit,Unknown,Unknown,Unknown,Unknown,Unknown,No,Yes,North Riverdale,D55
4/21/2012 8:00:00 AM,2050,MORNINGSIDE AVE,MILNER AVE,Major Arterial,Scarborough,43.800245,-79.19909,At Intersection,Traffic Signal,Clear,"Dark, artificial",Dry,1,Pedestrian Collisions,Vehicle Owner,unknown,Unknown,Unknown,Unknown,Unknown,Unknown,Unknown,Unknown,Unknown,Yes,No,Malvern East,D42
4/21/2012 8:00:00 AM,2050,MORNINGSIDE AVE,MILNER AVE,Major Arterial,Scarborough,43.800245,-79.19909,At Intersection,Traffic Signal,Clear,"Dark, artificial",Dry,1,Pedestrian Collisions,Driver,20 to 24,South,Going Ahead,Driving Properly,Normal,Unknown,Unknown,Unknown,Unknown,Yes,No,Malvern East,D42
4/21/2012 8:00:00 AM,2050,MORNINGSIDE AVE,MILNER AVE,Major Arterial,Scarborough,43.800245,-79.19909,At Intersection,Traffic Signal,Clear,"Dark, artificial",Dry,1,Pedestrian Collisions,Pedestrian,55 to 59,West,Unknown,Unknown,Unknown,Vehicle is going straight thru inter.while ped cross without ROW,Crossing without right of way,Inattentive,Unknown,Yes,No,Malvern East,D42
5/7/2012 8:00:00 AM,801,STEELES AVE E,BIRCHMOUNT RD,Major Arterial,Scarborough,43.821345,-79.31689,At Intersection,Traffic Signal,Clear,Daylight,Dry,1,Pedestrian Collisions,Driver,50 to 54,East,Going Ahead,Lost control,Inattentive,Unknown,Unknown,Unknown,Unknown,Yes,No,Steeles,D42
5/7/2012 8:00:00 AM,801,STEELES AVE E,BIRCHMOUNT RD,Major Arterial,Scarborough,43.821345,-79.31689,At Intersection,Traffic Signal,Clear,Daylight,Dry,1,Pedestrian Collisions,Passenger,15 to 19,Unknown,Unknown,Unknown,Unknown,Unknown,Unknown,Unknown,Unknown,Yes,No,Steeles,D42