DATE,TIME,STREET1,STREET2,ROAD_CLASS,DISTRICT,LATITUDE,LONGITUDE,ACCLOC,TRAFFCTL,VISIBILITY,LIGHT,RDSFCOND,ACCLASS,IMPACTYPE,INVTYPE,INVAGE,INITDIR,MANOEUVER,DRIVACT,DRIVCOND,PEDTYPE,PEDACT,PEDCOND,CYCLISTYPE,PEDESTRIAN,SPEEDING,NEIGHBOURHOOD_158,DIVISION
11/27/2012 10:00:00 AM,1720,MIDLAND AVE,KILCULLEN CASTLE GT,Major Arterial,Scarborough,43.809645,-79.28999,Unknown,No Control,Clear,"Dark, artificial",Dry,1,Pedestrian Collisions,Pedestrian,40 to 44,Unknown,Unknown,Unknown,Unknown,Pedestrian hit at mid-block,"Crossing, no Traffic Control",Unknown,Unknown,Yes,No,Milliken,D42
12/3/2012 10:00:00 AM,1507,ELM RD,FAIRLAWN AVE,Collector,North York,43.728645,-79.41439,At Intersection,Stop Sign,Clear,Daylight,Dry,1,Pedestrian Collisions,Driver,85 to 89,South,Going Ahead,Failed to Yield Right of Way,Inattentive,Unknown,Unknown,Unknown,Unknown,Yes,No,Lawrence Park North,D32
12/3/2012 10:00:00 AM,1507,ELM RD,FAIRLAWN AVE,Collector,North York,43.728645,-79.41439,At Intersection,Stop Sign,Clear,Daylight,Dry,1,Pedestrian Collisions,Pedestrian,85 to 89,East,Unknown,Unknown,Unknown,Vehicle is going straight thru inter.while ped cross with ROW,Crossing with right of way,Normal,Unknown,Yes,No,Lawrence Park North,D32
12/18/2012 10:00:00 AM,2100,KINGSTON RD,BEECHGROVE DR,Major Arterial,Scarborough,43.776445,-79.17369,At Intersection,No Control,Clear,Dark,Dry,1,Pedestrian Collisions,Driver,25 to 29,West,Going Ahead,Driving Properly,Normal,Unknown,Unknown,Unknown,Unknown,Yes,No,West Hill,D43
12/18/2012 10:00:00 AM,2100,KINGSTON RD,BEECHGROVE DR,Major Arterial,Scarborough,43.776445,-79.17369,At Intersection,No Control,Clear,Dark,Dry,1,Pedestrian Collisions,Pedestrian,55 to 59,North,Unknown,Unknown,Unknown,Pedestrian hit at mid-block,"Crossing, no Traffic Control",Unknown,Unknown,Yes,No,West Hill,D43
12/20/2012 10:00:00 AM,748,SHEPPARD AVE E,ALLANFORD RD,Major Arterial,Scarborough,43.782345,-79.29219,Unknown,No Control,Clear,Daylight,Dry,1,Pedestrian Collisions,Vehicle Owner,unknown,Unknown,Unknown,Unknown,Unknown,Unknown,Unknown,Unknown,Unknown,Yes,No,Tam O'Shanter-Sullivan,D42
12/20/2012 10:00:00 AM,748,SHEPPARD AVE E,ALLANFORD RD,Major Arterial,Scarborough,43.782345,-79.29219,Unknown,No Control,Clear,Daylight,Dry,1,Pedestrian Collisions,Driver,60 to 64,West,Going Ahead,Lost control,Fatigue,Unknown,Unknown,Unknown,Unknown,Yes,No,Tam O'Shanter-Sullivan,D42
12/20/2012 10:00:00 AM,748,SHEPPARD AVE E,ALLANFORD RD,Major Arterial,Scarborough,43.782345,-79.29219,Unknown,No Control,Clear,Daylight,Dry,1,Pedestrian Collisions,Other Property Owner,unknown,Unknown,Unknown,Unknown,Unknown,Unknown,Unknown,Unknown,Unknown,Yes,No,Tam O'Shanter-Sullivan,D42
12/20/2012 10:00:00 AM,748,SHEPPARD AVE E,ALLANFORD RD,Major Arterial,Scarborough,43.782345,-79.29219,Unknown,No Control,Clear,Daylight,Dry,1,Pedestrian Collisions,Pedestrian,65 to 69,Unknown,Unknown,Unknown,Unknown,Pedestrian hit at mid-block,"Crossing, no Traffic Control",Normal,Unknown,Yes,No,Tam O'Shanter-Sullivan,D42
12/20/2012 10:00:00 AM,2015,KENNEDY Rd,TREVERTON Dr,Major Arterial,Scarborough,43.733845,-79.26859,Unknown,No Control,Rain,"Dark, artificial",Wet,1,Pedestrian Collisions,Passenger,30 to 34,Unknown,Unknown,Unknown,Unknown,Unknown,Unknown,Unknown,Unknown,Yes,No,Ionview,D41
12/20/2012 10:00:00 AM,2015,KENNEDY Rd,TREVERTON Dr,Major Arterial,Scarborough,43.733845,-79.26859,Unknown,No Control,Rain,"Dark, artificial",Wet,1,Pedestrian Collisions,Passenger,25 to 29,Unknown,Unknown,Unknown,Unknown,Unknown,Unknown,Unknown,Unknown,Yes,No,Ionview,D41
12/20/2012 10:00:00 AM,2015,KENNEDY Rd,TREVERTON Dr,Major Arterial,Scarborough,43.733845,-79.26859,Unknown,No Control,Rain,"Dark, artificial",Wet,1,Pedestrian Collisions,Driver,45 to 49,South,Changing Lanes,Other,Unknown,Unknown,Unknown,Unknown,Unknown,Yes,No,Ionview,D41
12/20/2012 10:00:00 AM,2015,KENNEDY Rd,TREVERTON Dr,Major Arterial,Scarborough,43.733845,-79.26859,Unknown,No Control,Rain,"Dark, artificial",Wet,1,Pedestrian Collisions,Pedestrian,15 to 19,Unknown,Unknown,Unknown,Unknown,Pedestrian hit at mid-block,"Crossing, no Traffic Control",Unknown,Unknown,Yes,No,Ionview,D41
1/10/2013 10:00:00 AM,1851,MORNINGSIDE AVE,OLD FINCH AVE,Minor Arterial,Scarborough,43.818743,-79.215091,At Intersection,Traffic Signal,Clear,Dark,Dry,1,Turning Movement,Driver,35 to 39,West,Turning Right,Failed to Yield Right of Way,Normal,Unknown,Unknown,Unknown,Unknown,No,Yes,Malvern East,D42
1/10/2013 10:00:00 AM,1851,MORNINGSIDE AVE,OLD FINCH AVE,Minor Arterial,Scarborough,43.818743,-79.215091,At Intersection,Traffic Signal,Clear,Dark,Dry,1,Turning Movement,Driver,70 to 74,North,Going Ahead,Disobeyed Traffic Control,Unknown,Unknown,Unknown,Unknown,Unknown,No,Yes,Malvern East,D42
1/10/2013 10:00:00 AM,1851,MORNINGSIDE AVE,OLD FINCH AVE,Minor Arterial,Scarborough,43.818743,-79.215091,At Intersection,Traffic Signal,Clear,Dark,Dry,1,Turning Movement,Other Property Owner,unknown,Unknown,Unknown,Unknown,Unknown,Unknown,Unknown,Unknown,Unknown,No,Yes,Malvern East,D42
1/15/2013 10:00:00 AM,1438,YONGE ST,MARLBOROUGH AVE,Major Arterial,Toronto and East York,43.679843,-79.390689,At Intersection,Stop Sign,Clear,Daylight,Dry,1,Pedestrian Collisions,Vehicle Owner,unknown,Unknown,Unknown,Unknown,Unknown,Unknown,Unknown,Unknown,Unknown,Yes,No,Rosedale-Moore Park,D53
1/15/2013 10:00:00 AM,1438,YONGE ST,MARLBOROUGH AVE,Major Arterial,Toronto and East York,43.679843,-79.390689,At Intersection,Stop Sign,Clear,Daylight,Dry,1,Pedestrian Collisions,Driver,50 to 54,East,Turning Left,Improper Turn,Inattentive,Unknown,Unknown,Unknown,Unknown,Yes,No,Rosedale-Moore Park,D53
1/15/2013 10:00:00 AM,1438,YONGE ST,MARLBOROUGH AVE,Major Arterial,Toronto and East York,43.679843,-79.390689,At Intersection,Stop Sign,Clear,Daylight,Dry,1,Pedestrian Collisions,Pedestrian,75 to 79,West,Unknown,Unknown,Unknown,Vehicle turns left while ped crosses without ROW at inter.,Crossing without right of way,Inattentive,Unknown,Yes,No,Rosedale-Moore Park,D53
1/15/2013 10:00:00 AM,1438,YONGE ST,MARLBOROUGH AVE,Major Arterial,Toronto and East York,43.679843,-79.390689,At Intersection,Stop Sign,Clear,Daylight,Dry,1,Pedestrian Collisions,Passenger,50 to 54,Unknown,Unknown,Unknown,Unknown,Unknown,Unknown,Unknown,Unknown,Yes,No,Rosedale-Moore Park,D53
1/23/2013 10:00:00 AM,1556,EGLINTON AVE E,SINNOTT RD,Major Arterial,Scarborough,43.729346,-79.280689,At Intersection,Traffic Signal,Clear,Daylight,Dry,1,Pedestrian Collisions,Vehicle Owner,unknown,Unknown,Unknown,Unknown,Unknown,Unknown,Unknown,Unknown,Unknown,Yes,No,Clairlea-Birchmount,D41
1/23/2013 10:00:00 AM,1556,EGLINTON AVE E,SINNOTT RD,Major Arterial,Scarborough,43.729346,-79.280689,At Intersection,Traffic Signal,Clear,Daylight,Dry,1,Pedestrian Collisions,Driver,35 to 39,East,Going Ahead,Disobeyed Traffic Control,Inattentive,Unknown,Unknown,Unknown,Unknown,Yes,No,Clairlea-Birchmount,D41
1/23/2013 10:00:00 AM,1556,EGLINTON AVE E,SINNOTT RD,Major Arterial,Scarborough,43.729346,-79.280689,At Intersection,Traffic Signal,Clear,Daylight,Dry,1,Pedestrian Collisions,Pedestrian,45 to 49,North,Unknown,Unknown,Unknown,Pedestrian involved in a collision with transit vehicle anywhere along roadway,Crossing with right of way,Normal,Unknown,Yes,No,Clairlea-Birchmount,D41
2/2/2013 10:00:00 AM,1041,550 BIRCHMOUNT RD,Unknown,Minor Arterial,Scarborough,43.711943,-79.270191,Unknown,No Control,Snow,Daylight,Wet,1,Pedestrian Collisions,Driver,55 to 59,East,Turning Left,Failed to Yield Right of Way,Inattentive,Unknown,Unknown,Unknown,Unknown,Yes,No,Clairlea-Birchmount,D41
2/2/2013 10:00:00 AM,1041,550 BIRCHMOUNT RD,Unknown,Minor Arterial,Scarborough,43.711943,-79.270191,Unknown,No Control,Snow,Daylight,Wet,1,Pedestrian Collisions,Pedestrian,65 to 69,South,Unknown,Unknown,Unknown,Pedestrian hit at private driveway,Crossing with right of way,Normal,Unknown,Yes,No,Clairlea-Birchmount,D41
2/6/2013 10:00:00 AM,1045,DUNDAS ST W,SHERIDAN AVE,Minor Arterial,Toronto and East York,43.649745,-79.433688,At Intersection,Traffic Signal,Clear,Daylight,Dry,1,Pedestrian Collisions,Vehicle Owner,unknown,Unknown,Unknown,Unknown,Unknown,Unknown,Unknown,Unknown,Unknown,Yes,No,Little Portugal,D11
2/6/2013 10:00:00 AM,1045,DUNDAS ST W,SHERIDAN AVE,Minor Arterial,Toronto and East York,43.649745,-79.433688,At Intersection,Traffic Signal,Clear,Daylight,Dry,1,Pedestrian Collisions,Truck Driver,55 to 59,East,Going Ahead,Driving Properly,Normal,Unknown,Unknown,Unknown,Unknown,Yes,No,Little Portugal,D11
2/6/2013 10:00:00 AM,1045,DUNDAS ST W,SHERIDAN AVE,Minor Arterial,Toronto and East York,43.649745,-79.433688,At Intersection,Traffic Signal,Clear,Daylight,Dry,1,Pedestrian Collisions,Other,unknown,Unknown,Unknown,Unknown,Unknown,Unknown,Unknown,Unknown,Unknown,Yes,No,Little Portugal,D11
2/6/2013 10:00:00 AM,1045,DUNDAS ST W,SHERIDAN AVE,Minor Arterial,Toronto and East York,43.649745,-79.433688,At Intersection,Traffic Signal,Clear,Daylight,Dry,1,Pedestrian Collisions,Pedestrian,80 to 84,North,Unknown,Unknown,Unknown,Vehicle is going straight thru inter.while ped cross without ROW,Crossing without right of way,Unknown,Unknown,Yes,No,Little Portugal,D11
3/5/2013 10:00:00 AM,2128,1420 VICTORIA PARK Ave,Unknown,Major Arterial,North York,43.721343,-79.301288,Unknown,No Control,Clear,"Dark, artificial",Wet,1,Pedestrian Collisions,Vehicle Owner,unknown,Unknown,Unknown,Unknown,Unknown,Unknown,Unknown,Unknown,Unknown,Yes,No,Victoria Village,D55
3/5/2013 10:00:00 AM,2128,1420 VICTORIA PARK Ave,Unknown,Major Arterial,North York,43.721343,-79.301288,Unknown,No Control,Clear,"Dark, artificial",Wet,1,Pedestrian Collisions,Driver,30 to 34,North,Going Ahead,Driving Properly,Inattentive,Unknown,Unknown,Unknown,Unknown,Yes,No,Victoria Village,D55
3/5/2013 10:00:00 AM,2128,1420 VICTORIA PARK Ave,Unknown,Major Arterial,North York,43.721343,-79.301288,Unknown,No Control,Clear,"Dark, artificial",Wet,1,Pedestrian Collisions,Pedestrian,35 to 39,East,Unknown,Unknown,Unknown,Pedestrian hit at mid-block,"Crossing, no Traffic Control",Had Been Drinking,Unknown,Yes,No,Victoria Village,D55
3/7/2013 10:00:00 AM,1545,CLIFFSIDE DR,EAST HAVEN DR,Collector,Scarborough,43.703646,-79.25159,Unknown,Stop Sign,Clear,Daylight,Wet,1,Pedestrian Collisions,Vehicle Owner,unknown,Unknown,Unknown,Unknown,Unknown,Unknown,Unknown,Unknown,Unknown,Yes,No,Birchcliffe-Cliffside,D41
3/7/2013 10:00:00 AM,1545,CLIFFSIDE DR,EAST HAVEN DR,Collector,Scarborough,43.703646,-79.25159,Unknown,Stop Sign,Clear,Daylight,Wet,1,Pedestrian Collisions,Truck Driver,60 to 64,West,Turning Left,Failed to Yield Right of Way,Normal,Unknown,Unknown,Unknown,Unknown,Yes,No,Birchcliffe-Cliffside,D41
3/7/2013 10:00:00 AM,1545,CLIFFSIDE DR,EAST HAVEN DR,Collector,Scarborough,43.703646,-79.25159,Unknown,Stop Sign,Clear,Daylight,Wet,1,Pedestrian Collisions,Pedestrian,10 to 14,West,Unknown,Unknown,Unknown,Vehicle turns left while ped crosses with ROW at inter.,Crossing with right of way,Normal,Unknown,Yes,No,Birchcliffe-Cliffside,D41
3/7/2013 10:00:00 AM,1545,CLIFFSIDE DR,EAST HAVEN DR,Collector,Scarborough,43.703646,-79.25159,Unknown,Stop Sign,Clear,Daylight,Wet,1,Pedestrian Collisions,Pedestrian,5 to 9,West,Unknown,Unknown,Unknown,Vehicle turns left while ped crosses with ROW at inter.,Crossing with right of way,Normal,Unknown,Yes,No,Birchcliffe-Cliffside,D41
3/7/2013 10:00:00 AM,1545,CLIFFSIDE DR,EAST HAVEN DR,Collector,Scarborough,43.703646,-79.25159,Unknown,Stop Sign,Clear,Daylight,Wet,1,Pedestrian Collisions,Pedestrian,5 to 9,West,Unknown,Unknown,Unknown,Vehicle turns left while ped crosses with ROW at inter.,Crossing with right of way,Normal,Unknown,Yes,No,Birchcliffe-Cliffside,D41
3/29/2013 8:00:00 AM,1734,LAKE SHORE BLVD E,DON ROADWAY,Major Arterial,Toronto and East York,43.650244,-79.348491,Unknown,No Control,Clear,Daylight,Dry,1,SMV Other,Vehicle Owner,unknown,Unknown,Unknown,Unknown,Unknown,Unknown,Unknown,Unknown,Unknown,No,Yes,St Lawrence-East Bayfront-The Islands,D51
3/29/2013 8:00:00 AM,1734,LAKE SHORE BLVD E,DON ROADWAY,Major Arterial,Toronto and East York,43.650244,-79.348491,Unknown,No Control,Clear,Daylight,Dry,1,SMV Other,Driver,15 to 19,East,Going Ahead,Lost control,Unknown,Unknown,Unknown,Unknown,Unknown,No,Yes,St Lawrence-East Bayfront-The Islands,D51
3/29/2013 8:00:00 AM,1734,LAKE SHORE BLVD E,DON ROADWAY,Major Arterial,Toronto and East York,43.650244,-79.348491,Unknown,No Control,Clear,Daylight,Dry,1,SMV Other,Passenger,15 to 19,Unknown,Unknown,Unknown,Unknown,Unknown,Unknown,Unknown,Unknown,No,Yes,St Lawrence-East Bayfront-The Islands,D51
3/29/2013 8:00:00 AM,1734,LAKE SHORE BLVD E,DON ROADWAY,Major Arterial,Toronto and East York,43.650244,-79.348491,Unknown,No Control,Clear,Daylight,Dry,1,SMV Other,Other Property Owner,unknown,Unknown,Unknown,Unknown,Unknown,Unknown,Unknown,Unknown,Unknown,No,Yes,St Lawrence-East Bayfront-The Islands,D51
3/29/2013 8:00:00 AM,1734,LAKE SHORE BLVD E,DON ROADWAY,Major Arterial,Toronto and East York,43.650244,-79.348491,Unknown,No Control,Clear,Daylight,Dry,1,SMV Other,Passenger,15 to 19,Unknown,Unknown,Unknown,Unknown,Unknown,Unknown,Unknown,Unknown,No,Yes,St Lawrence-East Bayfront-The Islands,D51
3/29/2013 8:00:00 AM,1734,LAKE SHORE BLVD E,DON ROADWAY,Major Arterial,Toronto and East York,43.650244,-79.348491,Unknown,No Control,Clear,Daylight,Dry,1,SMV Other,Passenger,15 to 19,Unknown,Unknown,Unknown,Unknown,Unknown,Unknown,Unknown,Unknown,No,Yes,St Lawrence-East Bayfront-The Islands,D51
3/29/2013 8:00:00 AM,1734,LAKE SHORE BLVD E,DON ROADWAY,Major Arterial,Toronto and East York,43.650244,-79.348491,Unknown,No Control,Clear,Daylight,Dry,1,SMV Other,Passenger,15 to 19,Unknown,Unknown,Unknown,Unknown,Unknown,Unknown,Unknown,Unknown,No,Yes,St Lawrence-East Bayfront-The Islands,D51
4/12/2013 8:00:00 AM,2056,JANE ST,STONG CRT,Major Arterial,Etobicoke York,43.762446,-79.518886,Unknown,No Control,Rain,"Dark, artificial",Wet,1,Pedestrian Collisions,Driver,35 to 39,North,Going Ahead,Exceeding Speed Limit,Inattentive,Unknown,Unknown,Unknown,Unknown,Yes,Yes,Black Creek,D31
4/12/2013 8:00:00 AM,2056,JANE ST,STONG CRT,Major Arterial,Etobicoke York,43.762446,-79.518886,Unknown,No Control,Rain,"Dark, artificial",Wet,1,Pedestrian Collisions,Pedestrian,50 to 54,West,Unknown,Unknown,Unknown,Pedestrian hit at mid-block,"Crossing, no Traffic Control",Unknown,Unknown,Yes,Yes,Black Creek,D31
4/13/2013 8:00:00 AM,1846,KENNEDY RD,401 C E KENNEDY RAMP RD E,Major Arterial,Scarborough,43.773146,-79.283893,At Intersection,Traffic Signal,Clear,Dusk,Dry,1,Cyclist Collisions,Driver,40 to 44,South,Going Ahead,Driving Properly,Normal,Unknown,Unknown,Unknown,Unknown,No,Yes,Dorset Park,D41
4/13/2013 8:00:00 AM,1846,KENNEDY RD,401 C E KENNEDY RAMP RD E,Major Arterial,Scarborough,43.773146,-79.283893,At Intersection,Traffic Signal,Clear,Dusk,Dry,1,Cyclist Collisions,Driver,75 to 79,South,Going Ahead,Driving Properly,Normal,Unknown,Unknown,Unknown,Unknown,No,Yes,Dorset Park,D41
4/13/2013 8:00:00 AM,1846,KENNEDY RD,401 C E KENNEDY RAMP RD E,Major Arterial,Scarborough,43.773146,-79.283893,At Intersection,Traffic Signal,Clear,Dusk,Dry,1,Cyclist Collisions,Passenger,20 to 24,Unknown,Unknown,Unknown,Unknown,Unknown,Unknown,Unknown,Unknown,No,Yes,Dorset Park,D41
4/13/2013 8:00:00 AM,1846,KENNEDY RD,401 C E KENNEDY RAMP RD E,Major Arterial,Scarborough,43.773146,-79.283893,At Intersection,Traffic Signal,Clear,Dusk,Dry,1,Cyclist Collisions,Passenger,20 to 24,Unknown,Unknown,Unknown,Unknown,Unknown,Unknown,Unknown,Unknown,No,Yes,Dorset Park,D41
4/13/2013 8:00:00 AM,1846,KENNEDY RD,401 C E KENNEDY RAMP RD E,Major Arterial,Scarborough,43.773146,-79.283893,At Intersection,Traffic Signal,Clear,Dusk,Dry,1,Cyclist Collisions,Driver,20 to 24,North,Stopped,Driving Properly,Normal,Unknown,Unknown,Unknown,Unknown,No,Yes,Dorset Park,D41
4/13/2013 8:00:00 AM,1846,KENNEDY RD,401 C E KENNEDY RAMP RD E,Major Arterial,Scarborough,43.773146,-79.283893,At Intersection,Traffic Signal,Clear,Dusk,Dry,1,Cyclist Collisions,Driver,45 to 49,East,Going Ahead,Disobeyed Traffic Control,"Ability Impaired, Alcohol Over .08",Unknown,Unknown,Unknown,Unknown,No,Yes,Dorset Park,D41
4/13/2013 8:00:00 AM,1846,KENNEDY RD,401 C E KENNEDY RAMP RD E,Major Arterial,Scarborough,43.773146,-79.283893,At Intersection,Traffic Signal,Clear,Dusk,Dry,1,Cyclist Collisions,Driver,25 to 29,South,Going Ahead,Driving Properly,Normal,Unknown,Unknown,Unknown,Unknown,No,Yes,Dorset Park,D41
4/13/2013 8:00:00 AM,1846,KENNEDY RD,401 C E KENNEDY RAMP RD E,Major Arterial,Scarborough,43.773146,-79.283893,At Intersection,Traffic Signal,Clear,Dusk,Dry,1,Cyclist Collisions,Passenger,50 to 54,Unknown,Unknown,Unknown,Unknown,Unknown,Unknown,Unknown,Unknown,No,Yes,Dorset Park,D41
4/13/2013 8:00:00 AM,1846,KENNEDY RD,401 C E KENNEDY RAMP RD E,Major Arterial,Scarborough,43.773146,-79.283893,At Intersection,Traffic Signal,Clear,Dusk,Dry,1,Cyclist Collisions,Driver,25 to 29,South,Going Ahead,Driving Properly,Normal,Unknown,Unknown,Unknown,Unknown,No,Yes,Dorset Park,D41
4/13/2013 8:00:00 AM,1846,KENNEDY RD,401 C E KENNEDY RAMP RD E,Major Arterial,Scarborough,43.773146,-79.283893,At Intersection,Traffic Signal,Clear,Dusk,Dry,1,Cyclist Collisions,Cyclist,35 to 39,North,Going Ahead,Unknown,Unknown,Unknown,Unknown,Unknown,"Motorist without ROW drives into path of cyclist at inter, lnwy, dwy-Driver not turn.",No,Yes,Dorset Park,D41
4/16/2013 8:00:00 AM,900,HILLHURST BLVD,AVENUE RD,Major Arterial,North York,43.712046,-79.411693,At Intersection,Traffic Signal,Clear,Daylight,Dry,1,SMV Other,Passenger,15 to 19,Unknown,Unknown,Unknown,Unknown,Unknown,Unknown,Unknown,Unknown,No,No,Lawrence Park South,D53
4/16/2013 8:00:00 AM,900,HILLHURST BLVD,AVENUE RD,Major Arterial,North York,43.712046,-79.411693,At Intersection,Traffic Signal,Clear,Daylight,Dry,1,SMV Other,Driver,55 to 59,East,Going Ahead,Lost control,Medical or Physical Disability,Unknown,Unknown,Unknown,Unknown,No,No,Lawrence Park South,D53
4/16/2013 8:00:00 AM,900,HILLHURST BLVD,AVENUE RD,Major Arterial,North York,43.712046,-79.411693,At Intersection,Traffic Signal,Clear,Daylight,Dry,1,SMV Other,Other Property Owner,unknown,Unknown,Unknown,Unknown,Unknown,Unknown,Unknown,Unknown,Unknown,No,No,Lawrence Park South,D53
4/16/2013 8:00:00 AM,1450,AVENUE RD,FAIRLAWN AVE,Major Arterial,North York,43.727843,-79.417888,Unknown,Traffic Signal,Clear,Daylight,Dry,1,Pedestrian Collisions,Truck Driver,35 to 39,North,Going Ahead,Driving Properly,Normal,Unknown,Unknown,Unknown,Unknown,Yes,No,Bedford Park-Nortown,D32
4/16/2013 8:00:00 AM,1450,AVENUE RD,FAIRLAWN AVE,Major Arterial,North York,43.727843,-79.417888,Unknown,Traffic Signal,Clear,Daylight,Dry,1,Pedestrian Collisions,Vehicle Owner,unknown,Unknown,Unknown,Unknown,Unknown,Unknown,Unknown,Unknown,Unknown,Yes,No,Bedford Park-Nortown,D32
4/16/2013 8:00:00 AM,1450,AVENUE RD,FAIRLAWN AVE,Major Arterial,North York,43.727843,-79.417888,Unknown,Traffic Signal,Clear,Daylight,Dry,1,Pedestrian Collisions,Pedestrian,65 to 69,West,Unknown,Unknown,Unknown,Pedestrian hit at mid-block,"Crossing, no Traffic Control",Unknown,Unknown,Yes,No,Bedford Park-Nortown,D32
5/4/2013 8:00:00 AM,1450,YONGE ST,GERRARD ST E,Major Arterial,Toronto and East York,43.659644,-79.382388,Unknown,No Control,Clear,Daylight,Dry,1,Pedestrian Collisions,Motorcycle Driver,40 to 44,North,Changing Lanes,Improper Lane Change,Normal,Unknown,Unknown,Unknown,Unknown,Yes,No,Yonge-Bay Corridor,D52
5/4/2013 8:00:00 AM,1450,YONGE ST,GERRARD ST E,Major Arterial,Toronto and East York,43.659644,-79.382388,Unknown,No Control,Clear,Daylight,Dry,1,Pedestrian Collisions,Pedestrian,65 to 69,North,Unknown,Unknown,Unknown,Pedestrian hit on sidewalk or shoulder,On Sidewalk or Shoulder,Normal,Unknown,Yes,No,Yonge-Bay Corridor,D52
5/4/2013 8:00:00 AM,1450,YONGE ST,GERRARD ST E,Major Arterial,Toronto and East York,43.659644,-79.382388,Unknown,No Control,Clear,Daylight,Dry,1,Pedestrian Collisions,Pedestrian,20 to 24,West,Unknown,Unknown,Unknown,Pedestrian hit at mid-block,"Crossing, no Traffic Control",Medical or Physical Disability,Unknown,Yes,No,Yonge-Bay Corridor,D52
5/12/2013 8:00:00 AM,139,QUEEN ST E,EASTERN AVE,Major Arterial,Toronto and East York,43.667243,-79.312587,At Intersection,Traffic Signal,Rain,"Dark, artificial",Wet,1,Pedestrian Collisions,Vehicle Owner,unknown,Unknown,Unknown,Unknown,Unknown,Unknown,Unknown,Unknown,Unknown,Yes,No,The Beaches,D55
5/12/2013 8:00:00 AM,139,QUEEN ST E,EASTERN AVE,Major Arterial,Toronto and East York,43.667243,-79.312587,At Intersection,Traffic Signal,Rain,"Dark, artificial",Wet,1,Pedestrian Collisions,Pedestrian,60 to 64,Unknown,Unknown,Unknown,Unknown,Pedestrian involved in a collision with transit vehicle anywhere along roadway,Other,Unknown,Unknown,Yes,No,The Beaches,D55
5/12/2013 8:00:00 AM,139,QUEEN ST E,EASTERN AVE,Major Arterial,Toronto and East York,43.667243,-79.312587,At Intersection,Traffic Signal,Rain,"Dark, artificial",Wet,1,Pedestrian Collisions,Driver,25 to 29,East,Going Ahead,Driving Properly,Normal,Unknown,Unknown,Unknown,Unknown,Yes,No,The Beaches,D55
5/16/2013 8:00:00 AM,1231,MILL ST,YONGE ST,Major Arterial,North York,43.740344,-79.405887,At Intersection,Traffic Signal,Clear,Daylight,Dry,1,Pedestrian Collisions,Vehicle Owner,unknown,Unknown,Unknown,Unknown,Unknown,Unknown,Unknown,Unknown,Unknown,Yes,No,Bridle Path-Sunnybrook-York Mills,D32
5/16/2013 8:00:00 AM,1231,MILL ST,YONGE ST,Major Arterial,North York,43.740344,-79.405887,At Intersection,Traffic Signal,Clear,Daylight,Dry,1,Pedestrian Collisions,Driver,25 to 29,West,Turning Right,Disobeyed Traffic Control,Normal,Unknown,Unknown,Unknown,Unknown,Yes,No,Bridle Path-Sunnybrook-York Mills,D32
5/16/2013 8:00:00 AM,1231,MILL ST,YONGE ST,Major Arterial,North York,43.740344,-79.405887,At Intersection,Traffic Signal,Clear,Daylight,Dry,1,Pedestrian Collisions,Pedestrian,90 to 94,South,Unknown,Unknown,Unknown,Vehicle turns right while ped crosses with ROW at inter.,Crossing with right of way,Normal,Unknown,Yes,No,Bridle Path-Sunnybrook-York Mills,D32
6/6/2013 8:00:00 AM,2306,SPADINA AVE,GRANGE AVE,Major Arterial,Toronto and East York,43.651843,-79.397586,Unknown,No Control,Rain,"Dark, artificial",Wet,1,Pedestrian Collisions,Vehicle Owner,unknown,Unknown,Unknown,Unknown,Unknown,Unknown,Unknown,Unknown,Unknown,Yes,No,Kensington-Chinatown,D52
6/6/2013 8:00:00 AM,2306,SPADINA AVE,GRANGE AVE,Major Arterial,Toronto and East York,43.651843,-79.397586,Unknown,No Control,Rain,"Dark, artificial",Wet,1,Pedestrian Collisions,Driver,30 to 34,South,Going Ahead,Driving Properly,Normal,Unknown,Unknown,Unknown,Unknown,Yes,No,Kensington-Chinatown,D52
6/6/2013 8:00:00 AM,2306,SPADINA AVE,GRANGE AVE,Major Arterial,Toronto and East York,43.651843,-79.397586,Unknown,No Control,Rain,"Dark, artificial",Wet,1,Pedestrian Collisions,Pedestrian,75 to 79,West,Unknown,Unknown,Unknown,Pedestrian hit at mid-block,Running onto Roadway,Unknown,Unknown,Yes,No,Kensington-Chinatown,D52
6/16/2013 8:00:00 AM,616,JOE SHUSTER  WAY,KING ST W,Local,Toronto and East York,43.640547,-79.423999,Unknown,No Control,Rain,Daylight,Wet,1,SMV Other,Driver,40 to 44,East,Going Ahead,Other,Unknown,Unknown,Unknown,Unknown,Unknown,No,No,South Parkdale,D14
7/3/2013 8:00:00 AM,1319,LAKE SHORE BLVD W,BAY ST,Major Arterial,Toronto and East York,43.642996,-79.377811,Unknown,Traffic Signal,Clear,Daylight,Dry,1,Pedestrian Collisions,Vehicle Owner,unknown,Unknown,Unknown,Unknown,Unknown,Unknown,Unknown,Unknown,Unknown,Yes,No,St Lawrence-East Bayfront-The Islands,D52
7/3/2013 8:00:00 AM,1319,LAKE SHORE BLVD W,BAY ST,Major Arterial,Toronto and East York,43.642996,-79.377811,Unknown,Traffic Signal,Clear,Daylight,Dry,1,Pedestrian Collisions,Driver,65 to 69,West,Going Ahead,Driving Properly,Normal,Unknown,Unknown,Unknown,Unknown,Yes,No,St Lawrence-East Bayfront-The Islands,D52