DATE,TIME,STREET1,STREET2,ROAD_CLASS,DISTRICT,LATITUDE,LONGITUDE,ACCLOC,TRAFFCTL,VISIBILITY,LIGHT,RDSFCOND,ACCLASS,IMPACTYPE,INVTYPE,INVAGE,INITDIR,MANOEUVER,DRIVACT,DRIVCOND,PEDTYPE,PEDACT,PEDCOND,CYCLISTYPE,PEDESTRIAN,SPEEDING,NEIGHBOURHOOD_158,DIVISION
9/7/2013 8:00:00 AM,205,ROSEDALE VALLEY RD,BAYVIEW AVE,Major Arterial,Toronto and East York,43.670146,-79.360187,Unknown,No Control,Clear,"Dark, artificial",Dry,1,SMV Other,Motorcycle Driver,35 to 39,East,Going Ahead,Speed too Fast For Condition,Unknown,Unknown,Unknown,Unknown,Unknown,No,Yes,Cabbagetown-South St.James Town,D51
9/7/2013 8:00:00 AM,205,ROSEDALE VALLEY RD,BAYVIEW AVE,Major Arterial,Toronto and East York,43.670146,-79.360187,Unknown,No Control,Clear,"Dark, artificial",Dry,1,SMV Other,Other Property Owner,unknown,Unknown,Unknown,Unknown,Unknown,Unknown,Unknown,Unknown,Unknown,No,Yes,Cabbagetown-South St.James Town,D51
9/16/2013 8:00:00 AM,130,STEELES AVE W,BATHURST ST,Major Arterial,North York,43.792533,-79.445163,Unknown,No Control,Rain,"Dark, artificial",Wet,1,Pedestrian Collisions,Driver,20 to 24,West,Going Ahead,Driving Properly,Normal,Unknown,Unknown,Unknown,Unknown,Yes,No,Newtonbrook West,D32
9/16/2013 8:00:00 AM,130,STEELES AVE W,BATHURST ST,Major Arterial,North York,43.792533,-79.445163,Unknown,No Control,Rain,"Dark, artificial",Wet,1,Pedestrian Collisions,Pedestrian,20 to 24,North,Unknown,Unknown,Unknown,Pedestrian hit at mid-block,Running onto Roadway,Unknown,Unknown,Yes,No,Newtonbrook West,D32
9/18/2013 8:00:00 AM,1634,LAKE SHORE BLVD W,DWIGHT AVE,Major Arterial,Etobicoke York,43.602343,-79.497989,Unknown,No Control,Clear,Daylight,Dry,1,Cyclist Collisions,Passenger,unknown,Unknown,Unknown,Unknown,Unknown,Unknown,Unknown,Unknown,Unknown,No,No,New Toronto,D22
9/18/2013 8:00:00 AM,1634,LAKE SHORE BLVD W,DWIGHT AVE,Major Arterial,Etobicoke York,43.602343,-79.497989,Unknown,No Control,Clear,Daylight,Dry,1,Cyclist Collisions,Driver,60 to 64,East,Going Ahead,Driving Properly,Normal,Unknown,Unknown,Unknown,Unknown,No,No,New Toronto,D22
9/18/2013 8:00:00 AM,1634,LAKE SHORE BLVD W,DWIGHT AVE,Major Arterial,Etobicoke York,43.602343,-79.497989,Unknown,No Control,Clear,Daylight,Dry,1,Cyclist Collisions,Cyclist,50 to 54,West,Unknown,Unknown,Unknown,Unknown,Unknown,Unknown,"Cyclist without ROW rides into path of motorist at inter, lnwy, dwy-Cyclist not turn.",No,No,New Toronto,D22
9/25/2013 8:00:00 AM,1859,STEELES AVE W,STEINWAY BLVD,Major Arterial,Etobicoke York,43.754172,-79.619815,Unknown,Stop Sign,Clear,"Dark, artificial",Dry,1,Turning Movement,Motorcycle Driver,55 to 59,East,Going Ahead,Driving Properly,Normal,Unknown,Unknown,Unknown,Unknown,No,Yes,West Humber-Clairville,D23
9/25/2013 8:00:00 AM,1859,STEELES AVE W,STEINWAY BLVD,Major Arterial,Etobicoke York,43.754172,-79.619815,Unknown,Stop Sign,Clear,"Dark, artificial",Dry,1,Turning Movement,Driver,40 to 44,North,Turning Left,Failed to Yield Right of Way,Inattentive,Unknown,Unknown,Unknown,Unknown,No,Yes,West Humber-Clairville,D23
9/26/2013 8:00:00 AM,1050,BROADVIEW AVE,DUNDAS ST E,Major Arterial,Toronto and East York,43.662455,-79.351352,Unknown,Traffic Signal,Clear,Daylight,Dry,1,Pedestrian Collisions,Driver,60 to 64,South,Turning Left,Failed to Yield Right of Way,Inattentive,Unknown,Unknown,Unknown,Unknown,Yes,No,South Riverdale,D55
9/26/2013 8:00:00 AM,1050,BROADVIEW AVE,DUNDAS ST E,Major Arterial,Toronto and East York,43.662455,-79.351352,Unknown,Traffic Signal,Clear,Daylight,Dry,1,Pedestrian Collisions,Pedestrian,90 to 94,North,Unknown,Unknown,Unknown,Vehicle turns left while ped crosses with ROW at inter.,Crossing with right of way,Normal,Unknown,Yes,No,South Riverdale,D55
9/30/2013 8:00:00 AM,857,LAKE SHORE BLVD W,NET DR,Major Arterial,Toronto and East York,43.634032,-79.438045,Unknown,No Control,Clear,Daylight,Dry,1,Turning Movement,Vehicle Owner,unknown,Unknown,Unknown,Unknown,Unknown,Unknown,Unknown,Unknown,Unknown,No,No,South Parkdale,D14
9/30/2013 8:00:00 AM,857,LAKE SHORE BLVD W,NET DR,Major Arterial,Toronto and East York,43.634032,-79.438045,Unknown,No Control,Clear,Daylight,Dry,1,Turning Movement,Driver,20 to 24,West,Turning Left,Improper Turn,Normal,Unknown,Unknown,Unknown,Unknown,No,No,South Parkdale,D14
9/30/2013 8:00:00 AM,857,LAKE SHORE BLVD W,NET DR,Major Arterial,Toronto and East York,43.634032,-79.438045,Unknown,No Control,Clear,Daylight,Dry,1,Turning Movement,Vehicle Owner,unknown,Unknown,Unknown,Unknown,Unknown,Unknown,Unknown,Unknown,Unknown,No,No,South Parkdale,D14
9/30/2013 8:00:00 AM,857,LAKE SHORE BLVD W,NET DR,Major Arterial,Toronto and East York,43.634032,-79.438045,Unknown,No Control,Clear,Daylight,Dry,1,Turning Movement,Passenger,55 to 59,Unknown,Unknown,Unknown,Unknown,Unknown,Unknown,Unknown,Unknown,No,No,South Parkdale,D14
9/30/2013 8:00:00 AM,857,LAKE SHORE BLVD W,NET DR,Major Arterial,Toronto and East York,43.634032,-79.438045,Unknown,No Control,Clear,Daylight,Dry,1,Turning Movement,Driver,35 to 39,East,Going Ahead,Driving Properly,Normal,Unknown,Unknown,Unknown,Unknown,No,No,South Parkdale,D14
10/1/2013 8:00:00 AM,1006,GERRARD ST E,CARLAW AVE,Minor Arterial,Toronto and East York,43.667643,-79.342792,At Intersection,Traffic Signal,Clear,Daylight,Dry,1,Pedestrian Collisions,Vehicle Owner,unknown,Unknown,Unknown,Unknown,Unknown,Unknown,Unknown,Unknown,Unknown,Yes,No,North Riverdale,D55
10/1/2013 8:00:00 AM,1006,GERRARD ST E,CARLAW AVE,Minor Arterial,Toronto and East York,43.667643,-79.342792,At Intersection,Traffic Signal,Clear,Daylight,Dry,1,Pedestrian Collisions,Truck Driver,40 to 44,West,Turning Right,Failed to Yield Right of Way,Inattentive,Unknown,Unknown,Unknown,Unknown,Yes,No,North Riverdale,D55
10/1/2013 8:00:00 AM,1006,GERRARD ST E,CARLAW AVE,Minor Arterial,Toronto and East York,43.667643,-79.342792,At Intersection,Traffic Signal,Clear,Daylight,Dry,1,Pedestrian Collisions,Other,unknown,Unknown,Unknown,Unknown,Unknown,Unknown,Unknown,Unknown,Unknown,Yes,No,North Riverdale,D55
10/1/2013 8:00:00 AM,1006,GERRARD ST E,CARLAW AVE,Minor Arterial,Toronto and East York,43.667643,-79.342792,At Intersection,Traffic Signal,Clear,Daylight,Dry,1,Pedestrian Collisions,Pedestrian,55 to 59,West,Unknown,Unknown,Unknown,Vehicle turns right while ped crosses with ROW at inter.,Crossing with right of way,Unknown,Unknown,Yes,No,North Riverdale,D55
10/5/2013 8:00:00 AM,1945,FINCH AVE W,WILMINGTON AVE,Major Arterial,North York,43.771441,-79.455066,Unknown,No Control,Clear,"Dark, artificial",Dry,1,Pedestrian Collisions,Passenger,50 to 54,Unknown,Unknown,Unknown,Unknown,Unknown,Unknown,Unknown,Unknown,Yes,No,Westminster-Branson,D32
10/5/2013 8:00:00 AM,1945,FINCH AVE W,WILMINGTON AVE,Major Arterial,North York,43.771441,-79.455066,Unknown,No Control,Clear,"Dark, artificial",Dry,1,Pedestrian Collisions,Driver,55 to 59,West,Going Ahead,Driving Properly,Normal,Unknown,Unknown,Unknown,Unknown,Yes,No,Westminster-Branson,D32
10/5/2013 8:00:00 AM,1945,FINCH AVE W,WILMINGTON AVE,Major Arterial,North York,43.771441,-79.455066,Unknown,No Control,Clear,"Dark, artificial",Dry,1,Pedestrian Collisions,Pedestrian,70 to 74,South,Unknown,Unknown,Unknown,Pedestrian hit at mid-block,Running onto Roadway,Unknown,Unknown,Yes,No,Westminster-Branson,D32
10/8/2013 8:00:00 AM,2115,STEELES AVE E,TURFF  AVE,Major Arterial,Scarborough,43.824481,-79.303623,Unknown,No Control,Clear,Dark,Dry,1,Pedestrian Collisions,Passenger,20 to 24,Unknown,Unknown,Unknown,Unknown,Unknown,Unknown,Unknown,Unknown,Yes,No,Milliken,D42
10/8/2013 8:00:00 AM,2115,STEELES AVE E,TURFF  AVE,Major Arterial,Scarborough,43.824481,-79.303623,Unknown,No Control,Clear,Dark,Dry,1,Pedestrian Collisions,Driver,20 to 24,West,Going Ahead,Driving Properly,Normal,Unknown,Unknown,Unknown,Unknown,Yes,No,Milliken,D42
10/8/2013 8:00:00 AM,2115,STEELES AVE E,TURFF  AVE,Major Arterial,Scarborough,43.824481,-79.303623,Unknown,No Control,Clear,Dark,Dry,1,Pedestrian Collisions,Pedestrian,80 to 84,North,Unknown,Unknown,Unknown,Pedestrian hit at mid-block,"Crossing, no Traffic Control",Normal,Unknown,Yes,No,Milliken,D42
10/16/2013 8:00:00 AM,710,SPADINA Ave,DUNDAS St W,Major Arterial,Toronto and East York,43.652507,-79.397853,Unknown,No Control,Clear,Daylight,Wet,1,Cyclist Collisions,Vehicle Owner,unknown,Unknown,Unknown,Unknown,Unknown,Unknown,Unknown,Unknown,Unknown,No,No,Kensington-Chinatown,D52
10/16/2013 8:00:00 AM,710,SPADINA Ave,DUNDAS St W,Major Arterial,Toronto and East York,43.652507,-79.397853,Unknown,No Control,Clear,Daylight,Wet,1,Cyclist Collisions,Truck Driver,50 to 54,North,Going Ahead,Driving Properly,Normal,Unknown,Unknown,Unknown,Unknown,No,No,Kensington-Chinatown,D52
10/16/2013 8:00:00 AM,710,SPADINA Ave,DUNDAS St W,Major Arterial,Toronto and East York,43.652507,-79.397853,Unknown,No Control,Clear,Daylight,Wet,1,Cyclist Collisions,Cyclist,25 to 29,North,Going Ahead,Unknown,Unknown,Unknown,Unknown,Unknown,Cyclist and Driver travelling in same direction. One vehicle sideswipes the other.,No,No,Kensington-Chinatown,D52
10/16/2013 8:00:00 AM,710,SPADINA Ave,DUNDAS St W,Major Arterial,Toronto and East York,43.652507,-79.397853,Unknown,No Control,Clear,Daylight,Wet,1,Cyclist Collisions,Other,unknown,Unknown,Unknown,Unknown,Unknown,Unknown,Unknown,Unknown,Unknown,No,No,Kensington-Chinatown,D52
10/20/2013 8:00:00 AM,45,KENNEDY RD,EGLINTON AVE E,Major Arterial,Scarborough,43.731745,-79.267787,Unknown,No Control,Clear,Dark,Dry,1,Pedestrian Collisions,Vehicle Owner,unknown,Unknown,Unknown,Unknown,Unknown,Unknown,Unknown,Unknown,Unknown,Yes,No,Ionview,D41
10/20/2013 8:00:00 AM,45,KENNEDY RD,EGLINTON AVE E,Major Arterial,Scarborough,43.731745,-79.267787,Unknown,No Control,Clear,Dark,Dry,1,Pedestrian Collisions,Driver,25 to 29,North,Going Ahead,Other,"Ability Impaired, Alcohol Over .08",Unknown,Unknown,Unknown,Unknown,Yes,No,Ionview,D41
10/20/2013 8:00:00 AM,45,KENNEDY RD,EGLINTON AVE E,Major Arterial,Scarborough,43.731745,-79.267787,Unknown,No Control,Clear,Dark,Dry,1,Pedestrian Collisions,Witness,unknown,Unknown,Unknown,Unknown,Unknown,Unknown,Unknown,Unknown,Unknown,Yes,No,Ionview,D41
10/20/2013 8:00:00 AM,45,KENNEDY RD,EGLINTON AVE E,Major Arterial,Scarborough,43.731745,-79.267787,Unknown,No Control,Clear,Dark,Dry,1,Pedestrian Collisions,Pedestrian,20 to 24,East,Unknown,Unknown,Unknown,Pedestrian hit at mid-block,"Crossing, no Traffic Control",Unknown,Unknown,Yes,No,Ionview,D41
10/30/2013 8:00:00 AM,1022,CHILTERN HILL RD,EGLINTON AVE W,Major Arterial,North York,43.700518,-79.427753,Unknown,Stop Sign,Clear,Daylight,Dry,1,Pedestrian Collisions,Unknown,unknown,Unknown,Unknown,Unknown,Unknown,Unknown,Unknown,Unknown,Unknown,Yes,No,Humewood-Cedarvale,D13
10/30/2013 8:00:00 AM,1022,CHILTERN HILL RD,EGLINTON AVE W,Major Arterial,North York,43.700518,-79.427753,Unknown,Stop Sign,Clear,Daylight,Dry,1,Pedestrian Collisions,Driver,55 to 59,South,Going Ahead,Failed to Yield Right of Way,Inattentive,Unknown,Unknown,Unknown,Unknown,Yes,No,Humewood-Cedarvale,D13
10/30/2013 8:00:00 AM,1022,CHILTERN HILL RD,EGLINTON AVE W,Major Arterial,North York,43.700518,-79.427753,Unknown,Stop Sign,Clear,Daylight,Dry,1,Pedestrian Collisions,Pedestrian,Over 95,West,Unknown,Unknown,Unknown,Vehicle is going straight thru inter.while ped cross with ROW,Crossing with right of way,Unknown,Unknown,Yes,No,Humewood-Cedarvale,D13
11/3/2013 9:00:00 AM,1625,18 LONGSPUR RD,Unknown,Collector,Toronto and East York,43.705802,-79.325069,Unknown,No Control,Clear,Daylight,Dry,1,Pedestrian Collisions,Driver,60 to 64,West,Reversing,Other,Normal,Unknown,Unknown,Unknown,Unknown,Yes,No,O'Connor-Parkview,D55
11/3/2013 9:00:00 AM,1625,18 LONGSPUR RD,Unknown,Collector,Toronto and East York,43.705802,-79.325069,Unknown,No Control,Clear,Daylight,Dry,1,Pedestrian Collisions,Pedestrian,85 to 89,West,Unknown,Unknown,Unknown,Vehicle is reversing and hits pedestrian,Other,Normal,Unknown,Yes,No,O'Connor-Parkview,D55
11/7/2013 10:00:00 AM,1141,HARBORD ST,SPADINA AVE,Major Arterial,Toronto and East York,43.663043,-79.402095,Unknown,Traffic Signal,Clear,Daylight,Dry,1,Pedestrian Collisions,Driver,35 to 39,West,Going Ahead,Failed to Yield Right of Way,Unknown,Unknown,Unknown,Unknown,Unknown,Yes,No,University,D52
11/7/2013 10:00:00 AM,1141,HARBORD ST,SPADINA AVE,Major Arterial,Toronto and East York,43.663043,-79.402095,Unknown,Traffic Signal,Clear,Daylight,Dry,1,Pedestrian Collisions,Pedestrian,60 to 64,South,Unknown,Unknown,Unknown,Vehicle is going straight thru inter.while ped cross with ROW,Crossing with right of way,Unknown,Unknown,Yes,No,University,D52
11/8/2013 10:00:00 AM,725,LAWRENCE AVE E,BENNETT RD,Minor Arterial,Scarborough,43.772868,-79.166332,Intersection Related,Traffic Signal,Clear,Daylight,Dry,1,Pedestrian Collisions,Driver,35 to 39,North,Turning Left,Failed to Yield Right of Way,Inattentive,Unknown,Unknown,Unknown,Unknown,Yes,No,West Hill,D43
11/8/2013 10:00:00 AM,725,LAWRENCE AVE E,BENNETT RD,Minor Arterial,Scarborough,43.772868,-79.166332,Intersection Related,Traffic Signal,Clear,Daylight,Dry,1,Pedestrian Collisions,Pedestrian,25 to 29,South,Unknown,Unknown,Unknown,Vehicle turns left while ped crosses with ROW at inter.,Crossing with right of way,Normal,Unknown,Yes,No,West Hill,D43
11/15/2013 10:00:00 AM,1440,64 ST CLAIR AVE W,Unknown,Major Arterial,Toronto and East York,43.68751,-79.396922,Unknown,No Control,Clear,Daylight,Dry,1,Pedestrian Collisions,Passenger,unknown,Unknown,Unknown,Unknown,Unknown,Unknown,Unknown,Unknown,Unknown,Yes,No,Yonge-St.Clair,D53
11/15/2013 10:00:00 AM,1440,64 ST CLAIR AVE W,Unknown,Major Arterial,Toronto and East York,43.68751,-79.396922,Unknown,No Control,Clear,Daylight,Dry,1,Pedestrian Collisions,Passenger,unknown,Unknown,Unknown,Unknown,Unknown,Unknown,Unknown,Unknown,Unknown,Yes,No,Yonge-St.Clair,D53
11/15/2013 10:00:00 AM,1440,64 ST CLAIR AVE W,Unknown,Major Arterial,Toronto and East York,43.68751,-79.396922,Unknown,No Control,Clear,Daylight,Dry,1,Pedestrian Collisions,Pedestrian,80 to 84,South,Unknown,Unknown,Unknown,Pedestrian involved in a collision with transit vehicle anywhere along roadway,"Crossing, no Traffic Control",Inattentive,Unknown,Yes,No,Yonge-St.Clair,D53
11/15/2013 10:00:00 AM,1440,64 ST CLAIR AVE W,Unknown,Major Arterial,Toronto and East York,43.68751,-79.396922,Unknown,No Control,Clear,Daylight,Dry,1,Pedestrian Collisions,Passenger,35 to 39,Unknown,Unknown,Unknown,Unknown,Unknown,Unknown,Unknown,Unknown,Yes,No,Yonge-St.Clair,D53
11/15/2013 10:00:00 AM,1440,64 ST CLAIR AVE W,Unknown,Major Arterial,Toronto and East York,43.68751,-79.396922,Unknown,No Control,Clear,Daylight,Dry,1,Pedestrian Collisions,Driver,25 to 29,West,Going Ahead,Driving Properly,Normal,Unknown,Unknown,Unknown,Unknown,Yes,No,Yonge-St.Clair,D53
11/15/2013 10:00:00 AM,1440,64 ST CLAIR AVE W,Unknown,Major Arterial,Toronto and East York,43.68751,-79.396922,Unknown,No Control,Clear,Daylight,Dry,1,Pedestrian Collisions,Driver,40 to 44,West,Going Ahead,Driving Properly,Normal,Unknown,Unknown,Unknown,Unknown,Yes,No,Yonge-St.Clair,D53
11/20/2013 10:00:00 AM,937,SHEPPARD AVE W,KODIAK CRES,Major Arterial,North York,43.751868,-79.467212,Unknown,Traffic Signal,Clear,Daylight,Dry,1,Cyclist Collisions,Cyclist,20 to 24,West,Going Ahead,Unknown,Unknown,Unknown,Unknown,Unknown,"Motorist without ROW drives into path of cyclist at inter, lnwy, dwy-Driver not turn.",No,Yes,Downsview,D32
11/20/2013 10:00:00 AM,937,SHEPPARD AVE W,KODIAK CRES,Major Arterial,North York,43.751868,-79.467212,Unknown,Traffic Signal,Clear,Daylight,Dry,1,Cyclist Collisions,Driver,20 to 24,North,Going Ahead,Disobeyed Traffic Control,Unknown,Unknown,Unknown,Unknown,Unknown,No,Yes,Downsview,D32
11/24/2013 10:00:00 AM,1018,EGLINTON AVE E,OSWEGO RD,Major Arterial,Scarborough,43.737418,-79.244701,Non Intersection,No Control,Clear,Daylight,Dry,1,Approaching,Driver,40 to 44,West,Changing Lanes,Speed too Fast For Condition,Normal,Unknown,Unknown,Unknown,Unknown,No,Yes,Eglinton East,D43
11/24/2013 10:00:00 AM,1018,EGLINTON AVE E,OSWEGO RD,Major Arterial,Scarborough,43.737418,-79.244701,Non Intersection,No Control,Clear,Daylight,Dry,1,Approaching,Driver,45 to 49,East,Going Ahead,Driving Properly,Normal,Unknown,Unknown,Unknown,Unknown,No,Yes,Eglinton East,D43
11/24/2013 10:00:00 AM,1018,EGLINTON AVE E,OSWEGO RD,Major Arterial,Scarborough,43.737418,-79.244701,Non Intersection,No Control,Clear,Daylight,Dry,1,Approaching,Passenger,30 to 34,Unknown,Unknown,Unknown,Unknown,Unknown,Unknown,Unknown,Unknown,No,Yes,Eglinton East,D43
11/24/2013 10:00:00 AM,1018,EGLINTON AVE E,OSWEGO RD,Major Arterial,Scarborough,43.737418,-79.244701,Non Intersection,No Control,Clear,Daylight,Dry,1,Approaching,Passenger,30 to 34,Unknown,Unknown,Unknown,Unknown,Unknown,Unknown,Unknown,Unknown,No,Yes,Eglinton East,D43
11/24/2013 10:00:00 AM,1018,EGLINTON AVE E,OSWEGO RD,Major Arterial,Scarborough,43.737418,-79.244701,Non Intersection,No Control,Clear,Daylight,Dry,1,Approaching,Passenger,35 to 39,Unknown,Unknown,Unknown,Unknown,Unknown,Unknown,Unknown,Unknown,No,Yes,Eglinton East,D43
11/24/2013 10:00:00 AM,1018,EGLINTON AVE E,OSWEGO RD,Major Arterial,Scarborough,43.737418,-79.244701,Non Intersection,No Control,Clear,Daylight,Dry,1,Approaching,Passenger,35 to 39,Unknown,Unknown,Unknown,Unknown,Unknown,Unknown,Unknown,Unknown,No,Yes,Eglinton East,D43
11/24/2013 10:00:00 AM,1521,100 STEELES AVE W,Unknown,Major Arterial,North York,43.796965,-79.424747,Unknown,Traffic Signal,Clear,"Dark, artificial",Dry,1,Pedestrian Collisions,Driver,30 to 34,South,Turning Right,Improper Passing,Inattentive,Unknown,Unknown,Unknown,Unknown,Yes,No,Newtonbrook West,D32
11/24/2013 10:00:00 AM,1521,100 STEELES AVE W,Unknown,Major Arterial,North York,43.796965,-79.424747,Unknown,Traffic Signal,Clear,"Dark, artificial",Dry,1,Pedestrian Collisions,Pedestrian,40 to 44,South,Unknown,Unknown,Unknown,Vehicle turns right while ped crosses with ROW at inter.,Crossing with right of way,Normal,Unknown,Yes,No,Newtonbrook West,D32
11/29/2013 10:00:00 AM,558,1491 LAKE SHORE BLVD W,Unknown,Major Arterial,Toronto and East York,43.637614,-79.447742,Unknown,No Control,Clear,"Dawn, artificial",Dry,1,SMV Other,Driver,25 to 29,East,Going Ahead,Lost control,Unknown,Unknown,Unknown,Unknown,Unknown,No,Yes,South Parkdale,D11
11/30/2013 10:00:00 AM,1556,BLOOR ST W,NEILSON DR,Major Arterial,Etobicoke York,43.63444,-79.567218,Unknown,Traffic Signal,Other,Daylight,Other,1,Turning Movement,Driver,35 to 39,West,Turning Left,Improper Turn,Unknown,Unknown,Unknown,Unknown,Unknown,No,No,Markland Wood,D22
11/30/2013 10:00:00 AM,1556,BLOOR ST W,NEILSON DR,Major Arterial,Etobicoke York,43.63444,-79.567218,Unknown,Traffic Signal,Other,Daylight,Other,1,Turning Movement,Driver,30 to 34,West,Going Ahead,Driving Properly,Unknown,Unknown,Unknown,Unknown,Unknown,No,No,Markland Wood,D22
12/3/2013 10:00:00 AM,2100,MARKLAND DR,BLOOR ST W,Major Arterial,Etobicoke York,43.633544,-79.570766,Unknown,Traffic Signal,Clear,"Dark, artificial",Dry,1,Pedestrian Collisions,Pedestrian,85 to 89,East,Unknown,Unknown,Unknown,Vehicle turns left while ped crosses with ROW at inter.,Crossing with right of way,Normal,Unknown,Yes,No,Markland Wood,D22
12/3/2013 10:00:00 AM,2100,MARKLAND DR,BLOOR ST W,Major Arterial,Etobicoke York,43.633544,-79.570766,Unknown,Traffic Signal,Clear,"Dark, artificial",Dry,1,Pedestrian Collisions,Pedestrian,80 to 84,East,Unknown,Unknown,Unknown,Vehicle turns left while ped crosses with ROW at inter.,Crossing with right of way,Unknown,Unknown,Yes,No,Markland Wood,D22
12/3/2013 10:00:00 AM,2100,MARKLAND DR,BLOOR ST W,Major Arterial,Etobicoke York,43.633544,-79.570766,Unknown,Traffic Signal,Clear,"Dark, artificial",Dry,1,Pedestrian Collisions,Driver,45 to 49,West,Turning Left,Failed to Yield Right of Way,Inattentive,Unknown,Unknown,Unknown,Unknown,Yes,No,Markland Wood,D22
12/4/2013 10:00:00 AM,1847,DUMONT ST,OTONABEE AVE,Local,North York,43.795355,-79.415706,Unknown,No Control,Clear,"Dark, artificial",Dry,1,Pedestrian Collisions,Driver,25 to 29,North,Going Ahead,Driving Properly,Normal,Unknown,Unknown,Unknown,Unknown,Yes,No,Newtonbrook East,D32
12/4/2013 10:00:00 AM,1847,DUMONT ST,OTONABEE AVE,Local,North York,43.795355,-79.415706,Unknown,No Control,Clear,"Dark, artificial",Dry,1,Pedestrian Collisions,Pedestrian,75 to 79,East,Unknown,Unknown,Unknown,Pedestrian hit at mid-block,"Crossing, no Traffic Control",Unknown,Unknown,Yes,No,Newtonbrook East,D32
12/5/2013 10:00:00 AM,1741,DUNDAS ST W,CLAREMONT ST,Major Arterial,Toronto and East York,43.651168,-79.411594,Unknown,No Control,Clear,"Dark, artificial",Dry,1,Pedestrian Collisions,Driver,45 to 49,West,Going Ahead,Driving Properly,Normal,Unknown,Unknown,Unknown,Unknown,Yes,No,Trinity-Bellwoods,D14
12/5/2013 10:00:00 AM,1741,DUNDAS ST W,CLAREMONT ST,Major Arterial,Toronto and East York,43.651168,-79.411594,Unknown,No Control,Clear,"Dark, artificial",Dry,1,Pedestrian Collisions,Pedestrian,90 to 94,North,Unknown,Unknown,Unknown,Pedestrian hit at mid-block,"Crossing, no Traffic Control",Normal,Unknown,Yes,No,Trinity-Bellwoods,D14
12/24/2013 10:00:00 AM,1500,VICTORIA PARK AVE,O CONNOR DR,Major Arterial,North York,43.722369,-79.301685,Unknown,Stop Sign,Clear,Daylight,Dry,1,Pedestrian Collisions,Driver,65 to 69,West,Turning Left,Driving Properly,Normal,Unknown,Unknown,Unknown,Unknown,Yes,No,Clairlea-Birchmount,D41
12/24/2013 10:00:00 AM,1500,VICTORIA PARK AVE,O CONNOR DR,Major Arterial,North York,43.722369,-79.301685,Unknown,Stop Sign,Clear,Daylight,Dry,1,Pedestrian Collisions,Pedestrian,70 to 74,East,Unknown,Unknown,Unknown,Pedestrian hit at mid-block,"Crossing, no Traffic Control",Unknown,Unknown,Yes,No,Clairlea-Birchmount,D41
1/19/2014 10:00:00 AM,2145,EGLINTON AVE W,NORTHCLIFFE BLVD,Major Arterial,North York,43.69625,-79.447673,At Intersection,Traffic Signal,Clear,"Dark, artificial",Wet,1,Pedestrian Collisions,Driver,15 to 19,West,Going Ahead,Driving Properly,Normal,Unknown,Unknown,Unknown,Unknown,Yes,No,Oakwood Village,D13
1/19/2014 10:00:00 AM,2145,EGLINTON AVE W,NORTHCLIFFE BLVD,Major Arterial,North York,43.69625,-79.447673,At Intersection,Traffic Signal,Clear,"Dark, artificial",Wet,1,Pedestrian Collisions,Pedestrian,35 to 39,South,Unknown,Unknown,Unknown,Vehicle is going straight thru inter.while ped cross without ROW,Crossing without right of way,Unknown,Unknown,Yes,No,Oakwood Village,D13
1/26/2014 10:00:00 AM,1310,SHEPPARD AVE E,CONSUMERS RD,Major Arterial,North York,43.775088,-79.331226,Unknown,Traffic Signal,Snow,Daylight,Loose Snow,1,Rear End,Driver,50 to 54,East,Stopped,Driving Properly,Normal,Unknown,Unknown,Unknown,Unknown,No,No,Henry Farm,D33
1/26/2014 10:00:00 AM,1310,SHEPPARD AVE E,CONSUMERS RD,Major Arterial,North York,43.775088,-79.331226,Unknown,Traffic Signal,Snow,Daylight,Loose Snow,1,Rear End,Passenger,50 to 54,Unknown,Unknown,Unknown,Unknown,Unknown,Unknown,Unknown,Unknown,No,No,Henry Farm,D33
1/26/2014 10:00:00 AM,1310,SHEPPARD AVE E,CONSUMERS RD,Major Arterial,North York,43.775088,-79.331226,Unknown,Traffic Signal,Snow,Daylight,Loose Snow,1,Rear End,Passenger,15 to 19,Unknown,Unknown,Unknown,Unknown,Unknown,Unknown,Unknown,Unknown,No,No,Henry Farm,D33
1/26/2014 10:00:00 AM,1310,SHEPPARD AVE E,CONSUMERS RD,Major Arterial,North York,43.775088,-79.331226,Unknown,Traffic Signal,Snow,Daylight,Loose Snow,1,Rear End,Driver,70 to 74,East,Going Ahead,Other,Unknown,Unknown,Unknown,Unknown,Unknown,No,No,Henry Farm,D33
2/12/2014 10:00:00 AM,127,DANFORTH RD,HIBBERTS DR,Minor Arterial,Scarborough,43.708708,-79.267062,Unknown,No Control,Clear,"Dark, artificial",Dry,1,Pedestrian Collisions,Driver,55 to 59,West,Going Ahead,Driving Properly,Normal,Unknown,Unknown,Unknown,Unknown,Yes,No,Clairlea-Birchmount,D41
2/12/2014 10:00:00 AM,127,DANFORTH RD,HIBBERTS DR,Minor Arterial,Scarborough,43.708708,-79.267062,Unknown,No Control,Clear,"Dark, artificial",Dry,1,Pedestrian Collisions,Pedestrian,50 to 54,Unknown,Unknown,Unknown,Unknown,Other / Undefined,Other,Had Been Drinking,Unknown,Yes,No,Clairlea-Birchmount,D41