DATE,TIME,STREET1,STREET2,ROAD_CLASS,DISTRICT,LATITUDE,LONGITUDE,ACCLOC,TRAFFCTL,VISIBILITY,LIGHT,RDSFCOND,ACCLASS,IMPACTYPE,INVTYPE,INVAGE,INITDIR,MANOEUVER,DRIVACT,DRIVCOND,PEDTYPE,PEDACT,PEDCOND,CYCLISTYPE,PEDESTRIAN,SPEEDING,NEIGHBOURHOOD_158,DIVISION
9/20/2015 8:00:00 AM,2000,MIDLAND AVE,ELLESMERE RD,Major Arterial,Scarborough,43.767913,-79.271098,At Intersection,Traffic Signal,Clear,"Dark, artificial",Dry,1,Turning Movement,Driver,20 to 24,West,Going Ahead,Driving Properly,Normal,Unknown,Unknown,Unknown,Unknown,No,No,Bendale-Glen Andrew,D41
9/20/2015 8:00:00 AM,2000,MIDLAND AVE,ELLESMERE RD,Major Arterial,Scarborough,43.767913,-79.271098,At Intersection,Traffic Signal,Clear,"Dark, artificial",Dry,1,Turning Movement,Driver,20 to 24,East,Stopped,Driving Properly,Normal,Unknown,Unknown,Unknown,Unknown,No,No,Bendale-Glen Andrew,D41
9/20/2015 8:00:00 AM,2000,MIDLAND AVE,ELLESMERE RD,Major Arterial,Scarborough,43.767913,-79.271098,At Intersection,Traffic Signal,Clear,"Dark, artificial",Dry,1,Turning Movement,Driver,25 to 29,West,Stopped,Driving Properly,Normal,Unknown,Unknown,Unknown,Unknown,No,No,Bendale-Glen Andrew,D41
9/20/2015 8:00:00 AM,2000,MIDLAND AVE,ELLESMERE RD,Major Arterial,Scarborough,43.767913,-79.271098,At Intersection,Traffic Signal,Clear,"Dark, artificial",Dry,1,Turning Movement,Passenger,80 to 84,Unknown,Unknown,Unknown,Unknown,Unknown,Unknown,Unknown,Unknown,No,No,Bendale-Glen Andrew,D41
9/20/2015 8:00:00 AM,2000,MIDLAND AVE,ELLESMERE RD,Major Arterial,Scarborough,43.767913,-79.271098,At Intersection,Traffic Signal,Clear,"Dark, artificial",Dry,1,Turning Movement,Passenger,60 to 64,Unknown,Unknown,Unknown,Unknown,Unknown,Unknown,Unknown,Unknown,No,No,Bendale-Glen Andrew,D41
9/20/2015 8:00:00 AM,2000,MIDLAND AVE,ELLESMERE RD,Major Arterial,Scarborough,43.767913,-79.271098,At Intersection,Traffic Signal,Clear,"Dark, artificial",Dry,1,Turning Movement,Passenger,15 to 19,Unknown,Unknown,Unknown,Unknown,Unknown,Unknown,Unknown,Unknown,No,No,Bendale-Glen Andrew,D41
9/20/2015 8:00:00 AM,2000,MIDLAND AVE,ELLESMERE RD,Major Arterial,Scarborough,43.767913,-79.271098,At Intersection,Traffic Signal,Clear,"Dark, artificial",Dry,1,Turning Movement,Passenger,35 to 39,Unknown,Unknown,Unknown,Unknown,Unknown,Unknown,Unknown,Unknown,No,No,Bendale-Glen Andrew,D41
9/20/2015 8:00:00 AM,2000,MIDLAND AVE,ELLESMERE RD,Major Arterial,Scarborough,43.767913,-79.271098,At Intersection,Traffic Signal,Clear,"Dark, artificial",Dry,1,Turning Movement,Passenger,10 to 14,Unknown,Unknown,Unknown,Unknown,Unknown,Unknown,Unknown,Unknown,No,No,Bendale-Glen Andrew,D41
9/20/2015 8:00:00 AM,2000,MIDLAND AVE,ELLESMERE RD,Major Arterial,Scarborough,43.767913,-79.271098,At Intersection,Traffic Signal,Clear,"Dark, artificial",Dry,1,Turning Movement,Passenger,10 to 14,Unknown,Unknown,Unknown,Unknown,Unknown,Unknown,Unknown,Unknown,No,No,Bendale-Glen Andrew,D41
9/22/2015 8:00:00 AM,1751,QUEEN ST E,BERKELEY ST,Major Arterial,Toronto and East York,43.655329,-79.365749,Intersection Related,No Control,Clear,Daylight,Dry,1,Pedestrian Collisions,Driver,30 to 34,West,Going Ahead,Driving Properly,Normal,Unknown,Unknown,Unknown,Unknown,Yes,No,Moss Park,D51
9/22/2015 8:00:00 AM,1751,QUEEN ST E,BERKELEY ST,Major Arterial,Toronto and East York,43.655329,-79.365749,Intersection Related,No Control,Clear,Daylight,Dry,1,Pedestrian Collisions,Pedestrian,90 to 94,South,Unknown,Unknown,Unknown,Vehicle is going straight thru inter.while ped cross without ROW,Crossing without right of way,Normal,Unknown,Yes,No,Moss Park,D51
9/24/2015 8:00:00 AM,636,THE QUEENSWAY,GLENDALE AVE,Major Arterial,Toronto and East York,43.639189,-79.450557,At Intersection,No Control,Clear,"Dark, artificial",Dry,1,Pedestrian Collisions,Driver,55 to 59,East,Going Ahead,Driving Properly,Normal,Unknown,Unknown,Unknown,Unknown,Yes,No,High Park-Swansea,D11
9/24/2015 8:00:00 AM,636,THE QUEENSWAY,GLENDALE AVE,Major Arterial,Toronto and East York,43.639189,-79.450557,At Intersection,No Control,Clear,"Dark, artificial",Dry,1,Pedestrian Collisions,Pedestrian,75 to 79,North,Unknown,Unknown,Unknown,Pedestrian hit at mid-block,"Crossing, no Traffic Control",Normal,Unknown,Yes,No,High Park-Swansea,D11
9/26/2015 8:00:00 AM,1,BURNHAMTHORPE RD,427 C N BURNHAMTHORPE RAMP,Major Arterial,Etobicoke York,43.645896,-79.561664,At Intersection,Traffic Signal,Clear,"Dark, artificial",Dry,1,Turning Movement,Driver,30 to 34,East,Going Ahead,Disobeyed Traffic Control,"Ability Impaired, Alcohol",Unknown,Unknown,Unknown,Unknown,No,Yes,Islington,D22
9/26/2015 8:00:00 AM,1,BURNHAMTHORPE RD,427 C N BURNHAMTHORPE RAMP,Major Arterial,Etobicoke York,43.645896,-79.561664,At Intersection,Traffic Signal,Clear,"Dark, artificial",Dry,1,Turning Movement,Driver,20 to 24,North,Turning Left,Driving Properly,Normal,Unknown,Unknown,Unknown,Unknown,No,Yes,Islington,D22
9/30/2015 8:00:00 AM,2355,WILSON AVE,MURRAY RD,Major Arterial,North York,43.72959,-79.471462,At Intersection,No Control,Clear,"Dark, artificial",Dry,1,Turning Movement,Motorcycle Driver,30 to 34,West,Going Ahead,Exceeding Speed Limit,Unknown,Unknown,Unknown,Unknown,Unknown,No,Yes,Downsview,D32
9/30/2015 8:00:00 AM,2355,WILSON AVE,MURRAY RD,Major Arterial,North York,43.72959,-79.471462,At Intersection,No Control,Clear,"Dark, artificial",Dry,1,Turning Movement,Driver,50 to 54,East,Turning Left,Driving Properly,Normal,Unknown,Unknown,Unknown,Unknown,No,Yes,Downsview,D32
9/30/2015 8:00:00 AM,2355,WILSON AVE,MURRAY RD,Major Arterial,North York,43.72959,-79.471462,At Intersection,No Control,Clear,"Dark, artificial",Dry,1,Turning Movement,Motorcycle Passenger,20 to 24,Unknown,Unknown,Unknown,Unknown,Unknown,Unknown,Unknown,Unknown,No,Yes,Downsview,D32
10/3/2015 8:00:00 AM,351,BURNHAMTHORPE RD,PRENNAN AVE,Major Arterial,Etobicoke York,43.650695,-79.540759,Non Intersection,No Control,Clear,Dark,Dry,1,SMV Other,Driver,35 to 39,West,Going Ahead,Speed too Fast For Condition,Had Been Drinking,Unknown,Unknown,Unknown,Unknown,No,Yes,Islington,D22
10/3/2015 8:00:00 AM,351,BURNHAMTHORPE RD,PRENNAN AVE,Major Arterial,Etobicoke York,43.650695,-79.540759,Non Intersection,No Control,Clear,Dark,Dry,1,SMV Other,Passenger,40 to 44,Unknown,Unknown,Unknown,Unknown,Unknown,Unknown,Unknown,Unknown,No,Yes,Islington,D22
10/6/2015 8:00:00 AM,621,MORNINGSIDE AVE,SHEPPARD AVE E,Major Arterial,Scarborough,43.805159,-79.20087,Non Intersection,No Control,Clear,"Dawn, artificial",Dry,1,Rear End,Driver,50 to 54,South,Going Ahead,Lost control,Unknown,Unknown,Unknown,Unknown,Unknown,No,No,Malvern East,D42
10/6/2015 8:00:00 AM,621,MORNINGSIDE AVE,SHEPPARD AVE E,Major Arterial,Scarborough,43.805159,-79.20087,Non Intersection,No Control,Clear,"Dawn, artificial",Dry,1,Rear End,Driver,30 to 34,South,Stopped,Driving Properly,Normal,Unknown,Unknown,Unknown,Unknown,No,No,Malvern East,D42
10/10/2015 8:00:00 AM,1919,ISLINGTON AVE,DEERFOOT RD,Major Arterial,Etobicoke York,43.685214,-79.541393,Unknown,No Control,Clear,Dark,Dry,1,Pedestrian Collisions,Driver,20 to 24,North,Going Ahead,Exceeding Speed Limit,Inattentive,Unknown,Unknown,Unknown,Unknown,Yes,Yes,Willowridge-Martingrove-Richview,D23
10/10/2015 8:00:00 AM,1919,ISLINGTON AVE,DEERFOOT RD,Major Arterial,Etobicoke York,43.685214,-79.541393,Unknown,No Control,Clear,Dark,Dry,1,Pedestrian Collisions,Driver,55 to 59,South,Going Ahead,Driving Properly,Normal,Unknown,Unknown,Unknown,Unknown,Yes,Yes,Willowridge-Martingrove-Richview,D23
10/10/2015 8:00:00 AM,1919,ISLINGTON AVE,DEERFOOT RD,Major Arterial,Etobicoke York,43.685214,-79.541393,Unknown,No Control,Clear,Dark,Dry,1,Pedestrian Collisions,Pedestrian,20 to 24,Unknown,Unknown,Unknown,Unknown,Vehicle is going straight thru inter.while ped cross without ROW,"Crossing, no Traffic Control",Inattentive,Unknown,Yes,Yes,Willowridge-Martingrove-Richview,D23
10/23/2015 8:00:00 AM,1437,KEELE ST,DONALD AVE,Major Arterial,Etobicoke York,43.684897,-79.472804,Intersection Related,Traffic Signal,Clear,Daylight,Dry,1,Pedestrian Collisions,Driver,40 to 44,West,Turning Left,Improper Turn,Inattentive,Unknown,Unknown,Unknown,Unknown,Yes,No,Keelesdale-Eglinton West,D12
10/23/2015 8:00:00 AM,1437,KEELE ST,DONALD AVE,Major Arterial,Etobicoke York,43.684897,-79.472804,Intersection Related,Traffic Signal,Clear,Daylight,Dry,1,Pedestrian Collisions,Pedestrian,75 to 79,East,Unknown,Unknown,Unknown,Vehicle turns left while ped crosses with ROW at inter.,Crossing with right of way,Normal,Unknown,Yes,No,Keelesdale-Eglinton West,D12
11/3/2015 10:00:00 AM,1755,HIGHWAY 27  N,VICE REGENT BLVD,Major Arterial,Etobicoke York,43.711352,-79.592754,Intersection Related,No Control,Clear,"Dark, artificial",Dry,1,Cyclist Collisions,Cyclist,55 to 59,East,Going Ahead,Unknown,Unknown,Unknown,Unknown,Unknown,"Cyclist without ROW rides into path of motorist at inter, lnwy, dwy-Cyclist not turn.",No,No,West Humber-Clairville,D23
11/3/2015 10:00:00 AM,1755,HIGHWAY 27  N,VICE REGENT BLVD,Major Arterial,Etobicoke York,43.711352,-79.592754,Intersection Related,No Control,Clear,"Dark, artificial",Dry,1,Cyclist Collisions,Driver,55 to 59,South,Going Ahead,Driving Properly,Normal,Unknown,Unknown,Unknown,Unknown,No,No,West Humber-Clairville,D23
11/3/2015 10:00:00 AM,1755,HIGHWAY 27  N,VICE REGENT BLVD,Major Arterial,Etobicoke York,43.711352,-79.592754,Intersection Related,No Control,Clear,"Dark, artificial",Dry,1,Cyclist Collisions,Driver,60 to 64,South,Going Ahead,Driving Properly,Normal,Unknown,Unknown,Unknown,Unknown,No,No,West Humber-Clairville,D23
11/11/2015 10:00:00 AM,2004,LAWRENCE AVE W,JANE ST,Major Arterial,Etobicoke York,43.702868,-79.503825,Non Intersection,No Control,Clear,"Dark, artificial",Dry,1,Pedestrian Collisions,Driver,55 to 59,East,Going Ahead,Driving Properly,Normal,Unknown,Unknown,Unknown,Unknown,Yes,No,Brookhaven-Amesbury,D12
11/11/2015 10:00:00 AM,2004,LAWRENCE AVE W,JANE ST,Major Arterial,Etobicoke York,43.702868,-79.503825,Non Intersection,No Control,Clear,"Dark, artificial",Dry,1,Pedestrian Collisions,Pedestrian,85 to 89,South,Unknown,Unknown,Unknown,Pedestrian hit at mid-block,"Crossing, no Traffic Control",Inattentive,Unknown,Yes,No,Brookhaven-Amesbury,D12
11/14/2015 10:00:00 AM,825,1996 BATHURST ST,Unknown,Major Arterial,Toronto and East York,43.699485,-79.424945,Non Intersection,No Control,Clear,Daylight,Dry,1,Pedestrian Collisions,Pedestrian,85 to 89,Unknown,Unknown,Unknown,Unknown,Pedestrian hit at parking lot,Other,Normal,Unknown,Yes,No,Forest Hill South,D13
11/18/2015 10:00:00 AM,1710,MARKHAM RD,EGLINTON AVE E,Major Arterial,Scarborough,43.743716,-79.219142,Non Intersection,No Control,Rain,"Dark, artificial",Wet,1,Pedestrian Collisions,Driver,65 to 69,South,Going Ahead,Driving Properly,Normal,Unknown,Unknown,Unknown,Unknown,Yes,No,Scarborough Village,D43
11/18/2015 10:00:00 AM,1710,MARKHAM RD,EGLINTON AVE E,Major Arterial,Scarborough,43.743716,-79.219142,Non Intersection,No Control,Rain,"Dark, artificial",Wet,1,Pedestrian Collisions,Driver,50 to 54,North,Going Ahead,Driving Properly,Normal,Unknown,Unknown,Unknown,Unknown,Yes,No,Scarborough Village,D43
11/18/2015 10:00:00 AM,1710,MARKHAM RD,EGLINTON AVE E,Major Arterial,Scarborough,43.743716,-79.219142,Non Intersection,No Control,Rain,"Dark, artificial",Wet,1,Pedestrian Collisions,Pedestrian,45 to 49,East,Unknown,Unknown,Unknown,Pedestrian hit at mid-block,"Crossing, no Traffic Control",Inattentive,Unknown,Yes,No,Scarborough Village,D43
11/24/2015 10:00:00 AM,603,MCCOWAN RD,KENHATCH BLVD,Major Arterial,Scarborough,43.801421,-79.263774,At Intersection,Traffic Signal,Snow,Dark,Wet,1,Pedestrian Collisions,Driver,25 to 29,North,Going Ahead,Disobeyed Traffic Control,Had Been Drinking,Unknown,Unknown,Unknown,Unknown,Yes,Yes,Agincourt North,D42
11/24/2015 10:00:00 AM,603,MCCOWAN RD,KENHATCH BLVD,Major Arterial,Scarborough,43.801421,-79.263774,At Intersection,Traffic Signal,Snow,Dark,Wet,1,Pedestrian Collisions,Pedestrian,25 to 29,Unknown,Unknown,Unknown,Unknown,Vehicle is going straight thru inter.while ped cross with ROW,Crossing with right of way,Normal,Unknown,Yes,Yes,Agincourt North,D42
11/26/2015 10:00:00 AM,934,EGLINTON AVE W,ELMSTHORPE AVE,Major Arterial,North York,43.704074,-79.410945,At Intersection,No Control,Clear,Daylight,Dry,1,Pedestrian Collisions,Driver,90 to 94,West,Turning Left,Failed to Yield Right of Way,Inattentive,Unknown,Unknown,Unknown,Unknown,Yes,No,Yonge-Eglinton,D53
11/26/2015 10:00:00 AM,934,EGLINTON AVE W,ELMSTHORPE AVE,Major Arterial,North York,43.704074,-79.410945,At Intersection,No Control,Clear,Daylight,Dry,1,Pedestrian Collisions,Pedestrian,85 to 89,West,Unknown,Unknown,Unknown,Vehicle turns left while ped crosses with ROW at inter.,Crossing with right of way,Normal,Unknown,Yes,No,Yonge-Eglinton,D53
11/27/2015 10:00:00 AM,532,EGLINTON AVE W,BATHURST ST,Major Arterial,North York,43.700984,-79.425548,At Intersection,Traffic Signal,Clear,Dark,Dry,1,Pedestrian Collisions,Truck Driver,45 to 49,East,Turning Right,Disobeyed Traffic Control,Normal,Unknown,Unknown,Unknown,Unknown,Yes,No,Forest Hill South,D13
11/27/2015 10:00:00 AM,532,EGLINTON AVE W,BATHURST ST,Major Arterial,North York,43.700984,-79.425548,At Intersection,Traffic Signal,Clear,Dark,Dry,1,Pedestrian Collisions,Pedestrian,20 to 24,South,Unknown,Unknown,Unknown,Vehicle turns right while ped crosses with ROW at inter.,Crossing with right of way,Normal,Unknown,Yes,No,Forest Hill South,D13
11/30/2015 10:00:00 AM,1715,BATHURST ST,MARMION AVE,Major Arterial,North York,43.726615,-79.431415,Intersection Related,No Control,Clear,"Dark, artificial",Dry,1,Pedestrian Collisions,Driver,25 to 29,South,Turning Left,Failed to Yield Right of Way,Inattentive,Unknown,Unknown,Unknown,Unknown,Yes,No,Bedford Park-Nortown,D32
11/30/2015 10:00:00 AM,1715,BATHURST ST,MARMION AVE,Major Arterial,North York,43.726615,-79.431415,Intersection Related,No Control,Clear,"Dark, artificial",Dry,1,Pedestrian Collisions,Pedestrian,65 to 69,Unknown,Unknown,Unknown,Unknown,Vehicle turns left while ped crosses with ROW at inter.,"Crossing, no Traffic Control",Normal,Unknown,Yes,No,Bedford Park-Nortown,D32
12/2/2015 10:00:00 AM,1419,LAWRENCE AVE W,BATHURST ST,Major Arterial,North York,43.719248,-79.429813,Intersection Related,Traffic Signal,Clear,Daylight,Dry,1,Pedestrian Collisions,Driver,45 to 49,East,Turning Left,Failed to Yield Right of Way,Inattentive,Unknown,Unknown,Unknown,Unknown,Yes,No,Englemount-Lawrence,D13
12/2/2015 10:00:00 AM,1419,LAWRENCE AVE W,BATHURST ST,Major Arterial,North York,43.719248,-79.429813,Intersection Related,Traffic Signal,Clear,Daylight,Dry,1,Pedestrian Collisions,Pedestrian,90 to 94,North,Unknown,Unknown,Unknown,Vehicle turns left while ped crosses without ROW at inter.,Crossing without right of way,Inattentive,Unknown,Yes,No,Englemount-Lawrence,D13
12/3/2015 10:00:00 AM,2038,KINGSTON RD,FAIRCROFT BLVD,Major Arterial,Scarborough,43.729457,-79.22742,Non Intersection,No Control,Clear,"Dark, artificial",Dry,1,SMV Unattended Vehicle,Driver,30 to 34,West,Going Ahead,Lost control,Inattentive,Unknown,Unknown,Unknown,Unknown,No,Yes,Cliffcrest,D43
12/3/2015 10:00:00 AM,2038,KINGSTON RD,FAIRCROFT BLVD,Major Arterial,Scarborough,43.729457,-79.22742,Non Intersection,No Control,Clear,"Dark, artificial",Dry,1,SMV Unattended Vehicle,Other,unknown,Unknown,Parked,Unknown,Unknown,Unknown,Unknown,Unknown,Unknown,No,Yes,Cliffcrest,D43
12/15/2015 10:00:00 AM,1100,JANE ST,SPEERS AVE,Major Arterial,Etobicoke York,43.701564,-79.503444,At Intersection,No Control,Clear,Daylight,Dry,1,Turning Movement,Driver,80 to 84,South,Turning Left,Improper Turn,Unknown,Unknown,Unknown,Unknown,Unknown,No,No,Brookhaven-Amesbury,D12
12/15/2015 10:00:00 AM,1100,JANE ST,SPEERS AVE,Major Arterial,Etobicoke York,43.701564,-79.503444,At Intersection,No Control,Clear,Daylight,Dry,1,Turning Movement,Driver,55 to 59,North,Slowing or Stopping,Driving Properly,Normal,Unknown,Unknown,Unknown,Unknown,No,No,Brookhaven-Amesbury,D12
12/15/2015 10:00:00 AM,1100,JANE ST,SPEERS AVE,Major Arterial,Etobicoke York,43.701564,-79.503444,At Intersection,No Control,Clear,Daylight,Dry,1,Turning Movement,Passenger,80 to 84,Unknown,Unknown,Unknown,Unknown,Unknown,Unknown,Unknown,Unknown,No,No,Brookhaven-Amesbury,D12
12/30/2015 10:00:00 AM,2339,DANFORTH AVE,GILLARD AVE,Major Arterial,Toronto and East York,43.682341,-79.328265,At Intersection,No Control,Clear,"Dark, artificial",Dry,1,Pedestrian Collisions,Driver,25 to 29,West,Going Ahead,Failed to Yield Right of Way,Unknown,Unknown,Unknown,Unknown,Unknown,Yes,No,Greenwood-Coxwell,D55
12/30/2015 10:00:00 AM,2339,DANFORTH AVE,GILLARD AVE,Major Arterial,Toronto and East York,43.682341,-79.328265,At Intersection,No Control,Clear,"Dark, artificial",Dry,1,Pedestrian Collisions,Pedestrian,60 to 64,South,Unknown,Unknown,Unknown,Vehicle is going straight thru inter.while ped cross with ROW,"Crossing, no Traffic Control",Normal,Unknown,Yes,No,Greenwood-Coxwell,D55
1/3/2016 10:00:00 AM,1915,1400 KENNEDY RD,Unknown,Major Arterial,Scarborough,43.764498,-79.280681,Non Intersection,No Control,Clear,"Dark, artificial",Dry,1,Pedestrian Collisions,Driver,40 to 44,South,Going Ahead,Driving Properly,Normal,Unknown,Unknown,Unknown,Unknown,Yes,No,Dorset Park,D41
1/3/2016 10:00:00 AM,1915,1400 KENNEDY RD,Unknown,Major Arterial,Scarborough,43.764498,-79.280681,Non Intersection,No Control,Clear,"Dark, artificial",Dry,1,Pedestrian Collisions,Passenger,40 to 44,Unknown,Unknown,Unknown,Unknown,Unknown,Unknown,Unknown,Unknown,Yes,No,Dorset Park,D41
1/3/2016 10:00:00 AM,1915,1400 KENNEDY RD,Unknown,Major Arterial,Scarborough,43.764498,-79.280681,Non Intersection,No Control,Clear,"Dark, artificial",Dry,1,Pedestrian Collisions,Passenger,5 to 9,Unknown,Unknown,Unknown,Unknown,Unknown,Unknown,Unknown,Unknown,Yes,No,Dorset Park,D41
1/3/2016 10:00:00 AM,1915,1400 KENNEDY RD,Unknown,Major Arterial,Scarborough,43.764498,-79.280681,Non Intersection,No Control,Clear,"Dark, artificial",Dry,1,Pedestrian Collisions,Passenger,5 to 9,Unknown,Unknown,Unknown,Unknown,Unknown,Unknown,Unknown,Unknown,Yes,No,Dorset Park,D41
1/3/2016 10:00:00 AM,1915,1400 KENNEDY RD,Unknown,Major Arterial,Scarborough,43.764498,-79.280681,Non Intersection,No Control,Clear,"Dark, artificial",Dry,1,Pedestrian Collisions,Pedestrian,35 to 39,Unknown,Unknown,Unknown,Unknown,Pedestrian hit at mid-block,Crossing without right of way,Had Been Drinking,Unknown,Yes,No,Dorset Park,D41
1/6/2016 10:00:00 AM,1429,BLACK CREEK DR,EGLINTON AVE W,Major Arterial,Etobicoke York,43.688357,-79.482868,Intersection Related,Traffic Signal,Clear,Daylight,Dry,1,Turning Movement,Driver,40 to 44,East,Turning Left,Improper Turn,Normal,Unknown,Unknown,Unknown,Unknown,No,No,Keelesdale-Eglinton West,D12
1/6/2016 10:00:00 AM,1429,BLACK CREEK DR,EGLINTON AVE W,Major Arterial,Etobicoke York,43.688357,-79.482868,Intersection Related,Traffic Signal,Clear,Daylight,Dry,1,Turning Movement,Driver,90 to 94,West,Going Ahead,Driving Properly,Normal,Unknown,Unknown,Unknown,Unknown,No,No,Keelesdale-Eglinton West,D12
1/8/2016 10:00:00 AM,520,BROWN S LINE,LAKE SHORE BLVD W,Major Arterial,Etobicoke York,43.593039,-79.54156,Non Intersection,No Control,Clear,"Dark, artificial",Wet,1,SMV Other,Driver,40 to 44,South,Going Ahead,Speed too Fast For Condition,Unknown,Unknown,Unknown,Unknown,Unknown,No,Yes,Long Branch,D22
1/14/2016 10:00:00 AM,1129,STEELES AVE E,PHARMACY AVE,Major Arterial,Scarborough,43.816844,-79.336467,At Intersection,Traffic Signal,Clear,Daylight,Wet,1,Turning Movement,Driver,35 to 39,West,Turning Left,Failed to Yield Right of Way,Unknown,Unknown,Unknown,Unknown,Unknown,No,No,Steeles,D42
1/14/2016 10:00:00 AM,1129,STEELES AVE E,PHARMACY AVE,Major Arterial,Scarborough,43.816844,-79.336467,At Intersection,Traffic Signal,Clear,Daylight,Wet,1,Turning Movement,Truck Driver,55 to 59,East,Going Ahead,Driving Properly,Unknown,Unknown,Unknown,Unknown,Unknown,No,No,Steeles,D42
1/15/2016 10:00:00 AM,1435,BAYVIEW AVE,EGLINTON AVE E,Major Arterial,North York,43.711028,-79.377147,Intersection Related,Traffic Signal,Clear,Daylight,Wet,1,Pedestrian Collisions,Driver,20 to 24,South,Turning Right,Improper Turn,Inattentive,Unknown,Unknown,Unknown,Unknown,Yes,No,Leaside-Bennington,D53
1/15/2016 10:00:00 AM,1435,BAYVIEW AVE,EGLINTON AVE E,Major Arterial,North York,43.711028,-79.377147,Intersection Related,Traffic Signal,Clear,Daylight,Wet,1,Pedestrian Collisions,Passenger,20 to 24,Unknown,Unknown,Unknown,Unknown,Unknown,Unknown,Unknown,Unknown,Yes,No,Leaside-Bennington,D53
1/15/2016 10:00:00 AM,1435,BAYVIEW AVE,EGLINTON AVE E,Major Arterial,North York,43.711028,-79.377147,Intersection Related,Traffic Signal,Clear,Daylight,Wet,1,Pedestrian Collisions,Pedestrian,80 to 84,East,Unknown,Unknown,Unknown,Vehicle turns right while ped crosses with ROW at inter.,Crossing with right of way,Normal,Unknown,Yes,No,Leaside-Bennington,D53
1/17/2016 10:00:00 AM,1935,SHEPPARD AVE E,CHICHESTER PL,Major Arterial,Scarborough,43.775893,-79.320316,At Intersection,No Control,Clear,"Dark, artificial",Dry,1,Pedestrian Collisions,Driver,35 to 39,West,Going Ahead,Driving Properly,Normal,Unknown,Unknown,Unknown,Unknown,Yes,No,Tam O'Shanter-Sullivan,D42
1/17/2016 10:00:00 AM,1935,SHEPPARD AVE E,CHICHESTER PL,Major Arterial,Scarborough,43.775893,-79.320316,At Intersection,No Control,Clear,"Dark, artificial",Dry,1,Pedestrian Collisions,Pedestrian,75 to 79,North,Unknown,Unknown,Unknown,Vehicle is going straight thru inter.while ped cross without ROW,"Crossing, no Traffic Control",Inattentive,Unknown,Yes,No,Tam O'Shanter-Sullivan,D42
1/28/2016 10:00:00 AM,925,DUNDAS ST W,POPLAR AVE,Major Arterial,Etobicoke York,43.636099,-79.540073,At Intersection,Traffic Signal,Clear,Daylight,Dry,1,Pedestrian Collisions,Pedestrian,45 to 49,South,Unknown,Unknown,Unknown,Pedestrian involved in a collision with transit vehicle anywhere along roadway,Crossing with right of way,Normal,Unknown,Yes,No,Etobicoke City Centre,D22
1/28/2016 10:00:00 AM,925,DUNDAS ST W,POPLAR AVE,Major Arterial,Etobicoke York,43.636099,-79.540073,At Intersection,Traffic Signal,Clear,Daylight,Dry,1,Pedestrian Collisions,Driver,30 to 34,North,Turning Left,Failed to Yield Right of Way,Normal,Unknown,Unknown,Unknown,Unknown,Yes,No,Etobicoke City Centre,D22
1/30/2016 10:00:00 AM,1753,DUFFERIN ST,ARMSTRONG AVE,Major Arterial,Toronto and East York,43.664706,-79.437427,Unknown,No Control,Clear,"Dark, artificial",Dry,1,Pedestrian Collisions,Driver,35 to 39,North,Going Ahead,Driving Properly,Normal,Unknown,Unknown,Unknown,Unknown,Yes,No,Dovercourt Village,D14
1/30/2016 10:00:00 AM,1753,DUFFERIN ST,ARMSTRONG AVE,Major Arterial,Toronto and East York,43.664706,-79.437427,Unknown,No Control,Clear,"Dark, artificial",Dry,1,Pedestrian Collisions,Pedestrian,90 to 94,West,Unknown,Unknown,Unknown,Vehicle is going straight thru inter.while ped cross without ROW,"Crossing, no Traffic Control",Inattentive,Unknown,Yes,No,Dovercourt Village,D14
1/31/2016 10:00:00 AM,230,DERRYDOWN RD,ROMFIELD DR,Local,Etobicoke York,43.760321,-79.493961,Unknown,Stop Sign,Clear,"Dark, artificial",Wet,1,SMV Other,Driver,50 to 54,North,Going Ahead,Lost control,"Ability Impaired, Alcohol",Unknown,Unknown,Unknown,Unknown,No,No,York University Heights,D31
1/31/2016 10:00:00 AM,230,DERRYDOWN RD,ROMFIELD DR,Local,Etobicoke York,43.760321,-79.493961,Unknown,Stop Sign,Clear,"Dark, artificial",Wet,1,SMV Other,Passenger,55 to 59,Unknown,Unknown,Unknown,Unknown,Unknown,Unknown,Unknown,Unknown,No,No,York University Heights,D31
1/31/2016 10:00:00 AM,230,DERRYDOWN RD,ROMFIELD DR,Local,Etobicoke York,43.760321,-79.493961,Unknown,Stop Sign,Clear,"Dark, artificial",Wet,1,SMV Other,Passenger,45 to 49,Unknown,Unknown,Unknown,Unknown,Unknown,Unknown,Unknown,Unknown,No,No,York University Heights,D31