DATE,TIME,STREET1,STREET2,ROAD_CLASS,DISTRICT,LATITUDE,LONGITUDE,ACCLOC,TRAFFCTL,VISIBILITY,LIGHT,RDSFCOND,ACCLASS,IMPACTYPE,INVTYPE,INVAGE,INITDIR,MANOEUVER,DRIVACT,DRIVCOND,PEDTYPE,PEDACT,PEDCOND,CYCLISTYPE,PEDESTRIAN,SPEEDING,NEIGHBOURHOOD_158,DIVISION
7/5/2016 8:00:00 AM,1120,ALBION RD,ISLINGTON AVE,Major Arterial,Etobicoke York,43.737166,-79.565257,At Intersection,Traffic Signal,Clear,Daylight,Dry,1,Pedestrian Collisions,Driver,45 to 49,West,Going Ahead,Driving Properly,Inattentive,Unknown,Unknown,Unknown,Unknown,Yes,No,Thistletown-Beaumond Heights,D23
7/5/2016 8:00:00 AM,1247,740 DUPONT ST,Unknown,Major Arterial,Toronto and East York,43.671199,-79.423724,Non Intersection,No Control,Clear,Daylight,Dry,1,Cyclist Collisions,Cyclist,70 to 74,West,Overtaking,Unknown,Unknown,Unknown,Unknown,Unknown,Cyclist strikes a parked vehicle.,No,No,Dovercourt Village,D14
7/5/2016 8:00:00 AM,1247,740 DUPONT ST,Unknown,Major Arterial,Toronto and East York,43.671199,-79.423724,Non Intersection,No Control,Clear,Daylight,Dry,1,Cyclist Collisions,Driver - Not Hit,unknown,Unknown,Unknown,Unknown,Unknown,Unknown,Unknown,Unknown,Unknown,No,No,Dovercourt Village,D14
7/5/2016 8:00:00 AM,1247,740 DUPONT ST,Unknown,Major Arterial,Toronto and East York,43.671199,-79.423724,Non Intersection,No Control,Clear,Daylight,Dry,1,Cyclist Collisions,Other,unknown,West,Parked,Unknown,Unknown,Unknown,Unknown,Unknown,Unknown,No,No,Dovercourt Village,D14
7/6/2016 8:00:00 AM,1831,401 C W MCCOWAN N RAMP RD,MCCOWAN RD,Major Arterial,Scarborough,43.783583,-79.255756,At Intersection,No Control,Clear,Daylight,Dry,1,SMV Other,Motorcycle Driver,40 to 44,West,Going Ahead,Lost control,Unknown,Unknown,Unknown,Unknown,Unknown,No,Yes,Agincourt South-Malvern West,D42
7/6/2016 8:00:00 AM,1831,401 C W MCCOWAN N RAMP RD,MCCOWAN RD,Major Arterial,Scarborough,43.783583,-79.255756,At Intersection,No Control,Clear,Daylight,Dry,1,SMV Other,Driver,20 to 24,South,Going Ahead,Driving Properly,Normal,Unknown,Unknown,Unknown,Unknown,No,Yes,Agincourt South-Malvern West,D42
7/12/2016 8:00:00 AM,1710,BIRMINGHAM ST,ELSINORE PATH,Collector,Etobicoke York,43.602278,-79.510753,At Intersection,No Control,Clear,Daylight,Dry,1,SMV Other,Driver,55 to 59,West,Going Ahead,Lost control,Medical or Physical Disability,Unknown,Unknown,Unknown,Unknown,No,No,New Toronto,D22
7/22/2016 8:00:00 AM,1948,ROYAL YORK RD,STRATH HUMBER CRT,Minor Arterial,Etobicoke York,43.661376,-79.517581,At Intersection,No Control,Clear,Daylight,Dry,1,Turning Movement,Motorcycle Driver,30 to 34,South,Going Ahead,Exceeding Speed Limit,Normal,Unknown,Unknown,Unknown,Unknown,No,Yes,Edenbridge-Humber Valley,D22
7/22/2016 8:00:00 AM,1948,ROYAL YORK RD,STRATH HUMBER CRT,Minor Arterial,Etobicoke York,43.661376,-79.517581,At Intersection,No Control,Clear,Daylight,Dry,1,Turning Movement,Driver,15 to 19,North,Turning Left,Failed to Yield Right of Way,Normal,Unknown,Unknown,Unknown,Unknown,No,Yes,Edenbridge-Humber Valley,D22
7/22/2016 8:00:00 AM,1948,ROYAL YORK RD,STRATH HUMBER CRT,Minor Arterial,Etobicoke York,43.661376,-79.517581,At Intersection,No Control,Clear,Daylight,Dry,1,Turning Movement,Passenger,20 to 24,Unknown,Unknown,Unknown,Unknown,Unknown,Unknown,Unknown,Unknown,No,Yes,Edenbridge-Humber Valley,D22
7/28/2016 8:00:00 AM,1450,PARLIAMENT ST,SHUTER ST,Minor Arterial,Toronto and East York,43.656932,-79.364993,At Intersection,Traffic Signal,Clear,Daylight,Dry,1,Pedestrian Collisions,Pedestrian,80 to 84,West,Unknown,Unknown,Unknown,Vehicle is going straight thru inter.while ped cross without ROW,Crossing without right of way,Normal,Unknown,Yes,No,Regent Park,D51
7/28/2016 8:00:00 AM,1450,PARLIAMENT ST,SHUTER ST,Minor Arterial,Toronto and East York,43.656932,-79.364993,At Intersection,Traffic Signal,Clear,Daylight,Dry,1,Pedestrian Collisions,Truck Driver,45 to 49,North,Going Ahead,Driving Properly,Normal,Unknown,Unknown,Unknown,Unknown,Yes,No,Regent Park,D51
7/29/2016 8:00:00 AM,1825,KINGSTON RD,GUILDCREST DR,Major Arterial,Scarborough,43.747851,-79.207637,At Intersection,No Control,Clear,Daylight,Dry,1,Pedestrian Collisions,Driver,25 to 29,North,Going Ahead,Failed to Yield Right of Way,Normal,Unknown,Unknown,Unknown,Unknown,Yes,Yes,Guildwood,D43
7/29/2016 8:00:00 AM,1825,KINGSTON RD,GUILDCREST DR,Major Arterial,Scarborough,43.747851,-79.207637,At Intersection,No Control,Clear,Daylight,Dry,1,Pedestrian Collisions,Driver,30 to 34,West,Going Ahead,Driving Properly,Unknown,Unknown,Unknown,Unknown,Unknown,Yes,Yes,Guildwood,D43
7/29/2016 8:00:00 AM,1825,KINGSTON RD,GUILDCREST DR,Major Arterial,Scarborough,43.747851,-79.207637,At Intersection,No Control,Clear,Daylight,Dry,1,Pedestrian Collisions,Pedestrian,60 to 64,East,Unknown,Unknown,Unknown,Vehicle is going straight thru inter.while ped cross with ROW,Crossing with right of way,Unknown,Unknown,Yes,Yes,Guildwood,D43
7/29/2016 8:00:00 AM,1825,KINGSTON RD,GUILDCREST DR,Major Arterial,Scarborough,43.747851,-79.207637,At Intersection,No Control,Clear,Daylight,Dry,1,Pedestrian Collisions,Pedestrian,60 to 64,East,Unknown,Unknown,Unknown,Vehicle is going straight thru inter.while ped cross with ROW,Crossing with right of way,Unknown,Unknown,Yes,Yes,Guildwood,D43
8/5/2016 8:00:00 AM,1225,FINCH AVE W,TALBOT RD,Major Arterial,North York,43.778243,-79.422359,Non Intersection,No Control,Clear,Daylight,Dry,1,Pedestrian Collisions,Pedestrian,80 to 84,North,Unknown,Unknown,Unknown,Pedestrian hit at mid-block,"Crossing, no Traffic Control",Inattentive,Unknown,Yes,No,Willowdale West,D32
8/5/2016 8:00:00 AM,1225,FINCH AVE W,TALBOT RD,Major Arterial,North York,43.778243,-79.422359,Non Intersection,No Control,Clear,Daylight,Dry,1,Pedestrian Collisions,Driver,45 to 49,West,Going Ahead,Driving Properly,Normal,Unknown,Unknown,Unknown,Unknown,Yes,No,Willowdale West,D32
8/5/2016 8:00:00 AM,1829,REXDALE BLVD,HUMBERWOOD BLVD,Major Arterial,Etobicoke York,43.720599,-79.611308,Non Intersection,No Control,Clear,Daylight,Dry,1,Approaching,Truck Driver,45 to 49,West,Going Ahead,Driving Properly,Normal,Unknown,Unknown,Unknown,Unknown,No,Yes,West Humber-Clairville,D23
8/5/2016 8:00:00 AM,1829,REXDALE BLVD,HUMBERWOOD BLVD,Major Arterial,Etobicoke York,43.720599,-79.611308,Non Intersection,No Control,Clear,Daylight,Dry,1,Approaching,Motorcycle Driver,25 to 29,East,Going Ahead,Lost control,Unknown,Unknown,Unknown,Unknown,Unknown,No,Yes,West Humber-Clairville,D23
8/14/2016 8:00:00 AM,250,STEELES AVE E,REESOR RD,Minor Arterial,Scarborough,43.84878,-79.197955,Non Intersection,No Control,Clear,Dark,Dry,1,Approaching,Driver,20 to 24,East,Going Ahead,Driving Properly,Normal,Unknown,Unknown,Unknown,Unknown,No,Yes,Morningside Heights,D42
8/14/2016 8:00:00 AM,250,STEELES AVE E,REESOR RD,Minor Arterial,Scarborough,43.84878,-79.197955,Non Intersection,No Control,Clear,Dark,Dry,1,Approaching,Passenger,20 to 24,Unknown,Unknown,Unknown,Unknown,Unknown,Unknown,Unknown,Unknown,No,Yes,Morningside Heights,D42
8/14/2016 8:00:00 AM,250,STEELES AVE E,REESOR RD,Minor Arterial,Scarborough,43.84878,-79.197955,Non Intersection,No Control,Clear,Dark,Dry,1,Approaching,Driver,30 to 34,West,Going Ahead,Driving Properly,Normal,Unknown,Unknown,Unknown,Unknown,No,Yes,Morningside Heights,D42
8/14/2016 8:00:00 AM,250,STEELES AVE E,REESOR RD,Minor Arterial,Scarborough,43.84878,-79.197955,Non Intersection,No Control,Clear,Dark,Dry,1,Approaching,Driver,55 to 59,West,Overtaking,Improper Passing,Had Been Drinking,Unknown,Unknown,Unknown,Unknown,No,Yes,Morningside Heights,D42
8/19/2016 8:00:00 AM,904,FINCH AVE E,SKYMARK DR,Major Arterial,North York,43.793151,-79.352275,Intersection Related,Traffic Signal,Clear,Daylight,Dry,1,Pedestrian Collisions,Pedestrian,80 to 84,North,Unknown,Unknown,Unknown,Pedestrian hit at mid-block,"Crossing, no Traffic Control",Other,Unknown,Yes,No,Don Valley Village,D33
8/19/2016 8:00:00 AM,904,FINCH AVE E,SKYMARK DR,Major Arterial,North York,43.793151,-79.352275,Intersection Related,Traffic Signal,Clear,Daylight,Dry,1,Pedestrian Collisions,Driver,65 to 69,South,Turning Left,Driving Properly,Normal,Unknown,Unknown,Unknown,Unknown,Yes,No,Don Valley Village,D33
8/19/2016 8:00:00 AM,904,FINCH AVE E,SKYMARK DR,Major Arterial,North York,43.793151,-79.352275,Intersection Related,Traffic Signal,Clear,Daylight,Dry,1,Pedestrian Collisions,Passenger,10 to 14,Unknown,Unknown,Unknown,Unknown,Unknown,Unknown,Unknown,Unknown,Yes,No,Don Valley Village,D33
8/30/2016 8:00:00 AM,630,WARDEN AVE,FINCH AVE E,Major Arterial,Scarborough,43.796763,-79.315753,At Intersection,Traffic Signal,Clear,Daylight,Dry,1,Rear End,Passenger,25 to 29,Unknown,Unknown,Unknown,Unknown,Unknown,Unknown,Unknown,Unknown,No,No,East L'Amoreaux,D42
8/30/2016 8:00:00 AM,630,WARDEN AVE,FINCH AVE E,Major Arterial,Scarborough,43.796763,-79.315753,At Intersection,Traffic Signal,Clear,Daylight,Dry,1,Rear End,Driver,50 to 54,South,Going Ahead,Lost control,Inattentive,Unknown,Unknown,Unknown,Unknown,No,No,East L'Amoreaux,D42
8/30/2016 8:00:00 AM,630,WARDEN AVE,FINCH AVE E,Major Arterial,Scarborough,43.796763,-79.315753,At Intersection,Traffic Signal,Clear,Daylight,Dry,1,Rear End,Driver,65 to 69,South,Stopped,Driving Properly,Normal,Unknown,Unknown,Unknown,Unknown,No,No,East L'Amoreaux,D42
8/30/2016 8:00:00 AM,630,WARDEN AVE,FINCH AVE E,Major Arterial,Scarborough,43.796763,-79.315753,At Intersection,Traffic Signal,Clear,Daylight,Dry,1,Rear End,Passenger,55 to 59,Unknown,Unknown,Unknown,Unknown,Unknown,Unknown,Unknown,Unknown,No,No,East L'Amoreaux,D42
9/1/2016 8:00:00 AM,2230,BAY ST,HARBOUR ST,Major Arterial,Toronto and East York,43.642066,-79.377452,Intersection Related,Traffic Signal,Clear,"Dark, artificial",Dry,1,Turning Movement,Motorcycle Driver,30 to 34,North,Going Ahead,Driving Properly,Unknown,Unknown,Unknown,Unknown,Unknown,No,No,St Lawrence-East Bayfront-The Islands,D52
9/1/2016 8:00:00 AM,2230,BAY ST,HARBOUR ST,Major Arterial,Toronto and East York,43.642066,-79.377452,Intersection Related,Traffic Signal,Clear,"Dark, artificial",Dry,1,Turning Movement,Driver,65 to 69,South,Turning Left,Improper Turn,Inattentive,Unknown,Unknown,Unknown,Unknown,No,No,St Lawrence-East Bayfront-The Islands,D52
9/5/2016 8:00:00 AM,220,MOUNT PLEASANT RD,ROXBOROUGH DR,Major Arterial,Toronto and East York,43.680724,-79.382404,At Intersection,No Control,Clear,Dark,Dry,1,SMV Other,Passenger,25 to 29,Unknown,Unknown,Unknown,Unknown,Unknown,Unknown,Unknown,Unknown,No,Yes,Rosedale-Moore Park,D53
9/5/2016 8:00:00 AM,220,MOUNT PLEASANT RD,ROXBOROUGH DR,Major Arterial,Toronto and East York,43.680724,-79.382404,At Intersection,No Control,Clear,Dark,Dry,1,SMV Other,Driver,20 to 24,North,Going Ahead,Lost control,"Ability Impaired, Alcohol",Unknown,Unknown,Unknown,Unknown,No,Yes,Rosedale-Moore Park,D53
9/5/2016 8:00:00 AM,220,MOUNT PLEASANT RD,ROXBOROUGH DR,Major Arterial,Toronto and East York,43.680724,-79.382404,At Intersection,No Control,Clear,Dark,Dry,1,SMV Other,Passenger,25 to 29,Unknown,Unknown,Unknown,Unknown,Unknown,Unknown,Unknown,Unknown,No,Yes,Rosedale-Moore Park,D53
9/5/2016 8:00:00 AM,220,MOUNT PLEASANT RD,ROXBOROUGH DR,Major Arterial,Toronto and East York,43.680724,-79.382404,At Intersection,No Control,Clear,Dark,Dry,1,SMV Other,Passenger,15 to 19,Unknown,Unknown,Unknown,Unknown,Unknown,Unknown,Unknown,Unknown,No,Yes,Rosedale-Moore Park,D53
9/16/2016 8:00:00 AM,1242,110 ST REGIS CRES,Unknown,Local,North York,43.754729,-79.482974,At/Near Private Drive,No Control,Clear,Daylight,Dry,1,Pedestrian Collisions,Driver,50 to 54,North,Reversing,Failed to Yield Right of Way,Normal,Unknown,Unknown,Unknown,Unknown,Yes,No,York University Heights,D31
9/16/2016 8:00:00 AM,1242,110 ST REGIS CRES,Unknown,Local,North York,43.754729,-79.482974,At/Near Private Drive,No Control,Clear,Daylight,Dry,1,Pedestrian Collisions,Pedestrian,80 to 84,Unknown,Unknown,Unknown,Unknown,Vehicle is reversing and hits pedestrian,On Sidewalk or Shoulder,Unknown,Unknown,Yes,No,York University Heights,D31
9/21/2016 8:00:00 AM,1735,ST CLAIR AVE W,RUSHTON RD,Major Arterial,Toronto and East York,43.681227,-79.427661,Intersection Related,No Control,Clear,Daylight,Dry,1,Pedestrian Collisions,Driver,30 to 34,West,Going Ahead,Driving Properly,Normal,Unknown,Unknown,Unknown,Unknown,Yes,No,Wychwood,D13
9/21/2016 8:00:00 AM,1735,ST CLAIR AVE W,RUSHTON RD,Major Arterial,Toronto and East York,43.681227,-79.427661,Intersection Related,No Control,Clear,Daylight,Dry,1,Pedestrian Collisions,Passenger,25 to 29,Unknown,Unknown,Unknown,Unknown,Unknown,Unknown,Unknown,Unknown,Yes,No,Wychwood,D13
9/21/2016 8:00:00 AM,1735,ST CLAIR AVE W,RUSHTON RD,Major Arterial,Toronto and East York,43.681227,-79.427661,Intersection Related,No Control,Clear,Daylight,Dry,1,Pedestrian Collisions,Pedestrian,65 to 69,South,Unknown,Unknown,Unknown,Pedestrian hit at mid-block,"Crossing, no Traffic Control",Had Been Drinking,Unknown,Yes,No,Wychwood,D13
9/29/2016 8:00:00 AM,1040,2336 ST CLAIR AVE W,Unknown,Major Arterial,Etobicoke York,43.669959,-79.479152,Non Intersection,No Control,Rain,Daylight,Wet,1,Sideswipe,Driver,70 to 74,West,Going Ahead,Driving Properly,Normal,Unknown,Unknown,Unknown,Unknown,No,Yes,Junction Area,D11
9/29/2016 8:00:00 AM,1040,2336 ST CLAIR AVE W,Unknown,Major Arterial,Etobicoke York,43.669959,-79.479152,Non Intersection,No Control,Rain,Daylight,Wet,1,Sideswipe,Driver,35 to 39,East,Going Ahead,Speed too Fast For Condition,Unknown,Unknown,Unknown,Unknown,Unknown,No,Yes,Junction Area,D11
9/29/2016 8:00:00 AM,1040,2336 ST CLAIR AVE W,Unknown,Major Arterial,Etobicoke York,43.669959,-79.479152,Non Intersection,No Control,Rain,Daylight,Wet,1,Sideswipe,Driver,50 to 54,East,Going Ahead,Driving Properly,Unknown,Unknown,Unknown,Unknown,Unknown,No,Yes,Junction Area,D11
9/29/2016 8:00:00 AM,1040,2336 ST CLAIR AVE W,Unknown,Major Arterial,Etobicoke York,43.669959,-79.479152,Non Intersection,No Control,Rain,Daylight,Wet,1,Sideswipe,Passenger,40 to 44,Unknown,Unknown,Unknown,Unknown,Unknown,Unknown,Unknown,Unknown,No,Yes,Junction Area,D11
9/30/2016 8:00:00 AM,1928,EGLINTON AVE W,CHILTERN HILL RD,Major Arterial,North York,43.700667,-79.427036,Non Intersection,No Control,Clear,Dark,Dry,1,Pedestrian Collisions,Pedestrian,Over 95,North,Unknown,Unknown,Unknown,Pedestrian hit at mid-block,"Crossing, no Traffic Control",Normal,Unknown,Yes,No,Humewood-Cedarvale,D13
9/30/2016 8:00:00 AM,1928,EGLINTON AVE W,CHILTERN HILL RD,Major Arterial,North York,43.700667,-79.427036,Non Intersection,No Control,Clear,Dark,Dry,1,Pedestrian Collisions,Driver,40 to 44,East,Going Ahead,Driving Properly,Normal,Unknown,Unknown,Unknown,Unknown,Yes,No,Humewood-Cedarvale,D13
10/2/2016 8:00:00 AM,1058,EGLINTON AVE E,WINTER AVE,Major Arterial,Scarborough,43.735331,-79.25436,Intersection Related,Stop Sign,Clear,Daylight,Dry,1,Pedestrian Collisions,Driver,20 to 24,North,Turning Left,Driving Properly,Inattentive,Unknown,Unknown,Unknown,Unknown,Yes,No,Kennedy Park,D41
10/2/2016 8:00:00 AM,1058,EGLINTON AVE E,WINTER AVE,Major Arterial,Scarborough,43.735331,-79.25436,Intersection Related,Stop Sign,Clear,Daylight,Dry,1,Pedestrian Collisions,Passenger,20 to 24,Unknown,Unknown,Unknown,Unknown,Unknown,Unknown,Unknown,Unknown,Yes,No,Kennedy Park,D41
10/2/2016 8:00:00 AM,1058,EGLINTON AVE E,WINTER AVE,Major Arterial,Scarborough,43.735331,-79.25436,Intersection Related,Stop Sign,Clear,Daylight,Dry,1,Pedestrian Collisions,Pedestrian,80 to 84,South,Unknown,Unknown,Unknown,Vehicle turns left while ped crosses without ROW at inter.,Crossing without right of way,Medical or Physical Disability,Unknown,Yes,No,Kennedy Park,D41
10/2/2016 8:00:00 AM,1940,EGLINTON AVE E,MIDLAND AVE,Major Arterial,Scarborough,43.734049,-79.260188,Non Intersection,No Control,Rain,"Dark, artificial",Wet,1,Pedestrian Collisions,Pedestrian,70 to 74,South,Unknown,Unknown,Unknown,Pedestrian hit at mid-block,Crossing without right of way,Inattentive,Unknown,Yes,No,Kennedy Park,D41
10/2/2016 8:00:00 AM,1940,EGLINTON AVE E,MIDLAND AVE,Major Arterial,Scarborough,43.734049,-79.260188,Non Intersection,No Control,Rain,"Dark, artificial",Wet,1,Pedestrian Collisions,Driver,75 to 79,East,Going Ahead,Driving Properly,Normal,Unknown,Unknown,Unknown,Unknown,Yes,No,Kennedy Park,D41
10/11/2016 8:00:00 AM,1152,8 SILVERDALE CRES,Unknown,Collector,North York,43.756446,-79.341022,At/Near Private Drive,No Control,Clear,Daylight,Dry,1,Pedestrian Collisions,Pedestrian,80 to 84,South,Unknown,Unknown,Unknown,Pedestrian hit on sidewalk or shoulder,On Sidewalk or Shoulder,Normal,Unknown,Yes,No,Parkwoods-O'Connor Hills,D33
10/11/2016 8:00:00 AM,1152,8 SILVERDALE CRES,Unknown,Collector,North York,43.756446,-79.341022,At/Near Private Drive,No Control,Clear,Daylight,Dry,1,Pedestrian Collisions,Driver,25 to 29,South,Going Ahead,Lost control,Unknown,Unknown,Unknown,Unknown,Unknown,Yes,No,Parkwoods-O'Connor Hills,D33
10/12/2016 8:00:00 AM,1109,DAVENPORT RD,OSSINGTON AVE,Minor Arterial,Toronto and East York,43.674712,-79.430972,Intersection Related,Traffic Signal,Clear,Daylight,Dry,1,Pedestrian Collisions,Driver,50 to 54,North,Turning Left,Failed to Yield Right of Way,Inattentive,Unknown,Unknown,Unknown,Unknown,Yes,No,Wychwood,D13
10/12/2016 8:00:00 AM,1109,DAVENPORT RD,OSSINGTON AVE,Minor Arterial,Toronto and East York,43.674712,-79.430972,Intersection Related,Traffic Signal,Clear,Daylight,Dry,1,Pedestrian Collisions,Pedestrian,Over 95,North,Unknown,Unknown,Unknown,Vehicle turns left while ped crosses with ROW at inter.,Crossing with right of way,Normal,Unknown,Yes,No,Wychwood,D13
10/12/2016 8:00:00 AM,1117,EGLINTON AVE E,MIDLAND AVE,Major Arterial,Scarborough,43.734519,-79.258098,Intersection Related,Traffic Signal,Clear,Daylight,Dry,1,Pedestrian Collisions,Pedestrian,40 to 44,Unknown,Unknown,Unknown,Unknown,Pedestrian hit at mid-block,Playing or Working on Highway,Normal,Unknown,Yes,Yes,Kennedy Park,D41
10/12/2016 8:00:00 AM,1117,EGLINTON AVE E,MIDLAND AVE,Major Arterial,Scarborough,43.734519,-79.258098,Intersection Related,Traffic Signal,Clear,Daylight,Dry,1,Pedestrian Collisions,Driver,unknown,East,Going Ahead,Disobeyed Traffic Control,Unknown,Unknown,Unknown,Unknown,Unknown,Yes,Yes,Kennedy Park,D41
10/20/2016 8:00:00 AM,1922,EGLINTON AVE E,HANNA RD,Major Arterial,North York,43.712084,-79.372058,Non Intersection,No Control,Rain,Dark,Wet,1,Pedestrian Collisions,Pedestrian,60 to 64,Unknown,Unknown,Unknown,Unknown,Pedestrian hit at mid-block,"Crossing, no Traffic Control",Inattentive,Unknown,Yes,No,Leaside-Bennington,D53
10/20/2016 8:00:00 AM,1922,EGLINTON AVE E,HANNA RD,Major Arterial,North York,43.712084,-79.372058,Non Intersection,No Control,Rain,Dark,Wet,1,Pedestrian Collisions,Passenger,40 to 44,Unknown,Unknown,Unknown,Unknown,Unknown,Unknown,Unknown,Unknown,Yes,No,Leaside-Bennington,D53
10/20/2016 8:00:00 AM,1922,EGLINTON AVE E,HANNA RD,Major Arterial,North York,43.712084,-79.372058,Non Intersection,No Control,Rain,Dark,Wet,1,Pedestrian Collisions,Driver,30 to 34,East,Going Ahead,Driving Properly,Normal,Unknown,Unknown,Unknown,Unknown,Yes,No,Leaside-Bennington,D53
10/27/2016 8:00:00 AM,1549,CHERRY ST,POLSON ST,Collector,Toronto and East York,43.641406,-79.349178,Overpass or Bridge,No Control,Rain,Daylight,Wet,1,SMV Other,Driver,50 to 54,North,Going Ahead,Lost control,Unknown,Unknown,Unknown,Unknown,Unknown,No,Yes,South Riverdale,NSA
10/30/2016 8:00:00 AM,227,PHARMACY AVE,EGLINTON AVE E,Major Arterial,Scarborough,43.725642,-79.297504,Intersection Related,No Control,Clear,Dark,Dry,1,SMV Other,Driver,30 to 34,North,Going Ahead,Lost control,Had Been Drinking,Unknown,Unknown,Unknown,Unknown,No,Yes,Clairlea-Birchmount,D41
10/31/2016 8:00:00 AM,257,F G GARDINER XY  E,JAMESON AVE,Unknown,Toronto and East York,43.633078,-79.435222,Non Intersection,No Control,Clear,Dark,Dry,1,SMV Other,Driver,25 to 29,East,Going Ahead,Lost control,Unknown,Unknown,Unknown,Unknown,Unknown,No,Yes,South Parkdale,D14
11/2/2016 8:00:00 AM,1948,486 COLLEGE ST,Unknown,Major Arterial,Toronto and East York,43.656096,-79.409488,Non Intersection,No Control,Rain,"Dark, artificial",Wet,1,Pedestrian Collisions,Pedestrian,65 to 69,North,Unknown,Unknown,Unknown,Pedestrian hit at mid-block,"Crossing, no Traffic Control",Inattentive,Unknown,Yes,No,Trinity-Bellwoods,D14
11/2/2016 8:00:00 AM,1948,486 COLLEGE ST,Unknown,Major Arterial,Toronto and East York,43.656096,-79.409488,Non Intersection,No Control,Rain,"Dark, artificial",Wet,1,Pedestrian Collisions,Driver,30 to 34,East,Going Ahead,Driving Properly,Normal,Unknown,Unknown,Unknown,Unknown,Yes,No,Trinity-Bellwoods,D14
11/2/2016 8:00:00 AM,1948,486 COLLEGE ST,Unknown,Major Arterial,Toronto and East York,43.656096,-79.409488,Non Intersection,No Control,Rain,"Dark, artificial",Wet,1,Pedestrian Collisions,Pedestrian,60 to 64,North,Unknown,Unknown,Unknown,Pedestrian hit at mid-block,"Crossing, no Traffic Control",Normal,Unknown,Yes,No,Trinity-Bellwoods,D14
11/2/2016 8:00:00 AM,1948,486 COLLEGE ST,Unknown,Major Arterial,Toronto and East York,43.656096,-79.409488,Non Intersection,No Control,Rain,"Dark, artificial",Wet,1,Pedestrian Collisions,Driver,45 to 49,West,Going Ahead,Driving Properly,Normal,Unknown,Unknown,Unknown,Unknown,Yes,No,Trinity-Bellwoods,D14
11/6/2016 9:00:00 AM,1155,BLOOR ST W,GRENVIEW BLVD N,Major Arterial,Etobicoke York,43.648158,-79.507747,At Intersection,Stop Sign,Clear,Daylight,Dry,1,Pedestrian Collisions,Pedestrian,Over 95,East,Unknown,Unknown,Unknown,Vehicle turns right while ped crosses with ROW at inter.,Crossing with right of way,Other,Unknown,Yes,No,Stonegate-Queensway,D22
11/6/2016 9:00:00 AM,1155,BLOOR ST W,GRENVIEW BLVD N,Major Arterial,Etobicoke York,43.648158,-79.507747,At Intersection,Stop Sign,Clear,Daylight,Dry,1,Pedestrian Collisions,Driver,25 to 29,South,Turning Right,Failed to Yield Right of Way,Normal,Unknown,Unknown,Unknown,Unknown,Yes,No,Stonegate-Queensway,D22
11/10/2016 10:00:00 AM,1732,BRIMLEY RD,GAGE AVE,Major Arterial,Scarborough,43.750491,-79.254108,Non Intersection,No Control,Clear,"Dark, artificial",Dry,1,Pedestrian Collisions,Driver,70 to 74,South,Going Ahead,Driving Properly,Normal,Unknown,Unknown,Unknown,Unknown,Yes,No,Bendale South,D41
11/10/2016 10:00:00 AM,1732,BRIMLEY RD,GAGE AVE,Major Arterial,Scarborough,43.750491,-79.254108,Non Intersection,No Control,Clear,"Dark, artificial",Dry,1,Pedestrian Collisions,Pedestrian,60 to 64,West,Unknown,Unknown,Unknown,Pedestrian hit at mid-block,"Crossing, no Traffic Control",Inattentive,Unknown,Yes,No,Bendale South,D41
11/10/2016 10:00:00 AM,1732,BRIMLEY RD,GAGE AVE,Major Arterial,Scarborough,43.750491,-79.254108,Non Intersection,No Control,Clear,"Dark, artificial",Dry,1,Pedestrian Collisions,Pedestrian,65 to 69,West,Unknown,Unknown,Unknown,Pedestrian hit at mid-block,"Crossing, no Traffic Control",Unknown,Unknown,Yes,No,Bendale South,D41
11/14/2016 10:00:00 AM,814,ARAGON AVE,SHEPPARD AVE E,Major Arterial,Scarborough,43.77949,-79.304355,At Intersection,Traffic Signal,Clear,Daylight,Dry,1,Pedestrian Collisions,Driver,unknown,North,Turning Right,Failed to Yield Right of Way,Unknown,Unknown,Unknown,Unknown,Unknown,Yes,No,Tam O'Shanter-Sullivan,D42
11/14/2016 10:00:00 AM,814,ARAGON AVE,SHEPPARD AVE E,Major Arterial,Scarborough,43.77949,-79.304355,At Intersection,Traffic Signal,Clear,Daylight,Dry,1,Pedestrian Collisions,Pedestrian,75 to 79,East,Unknown,Unknown,Unknown,Vehicle turns right while ped crosses with ROW at inter.,Crossing with right of way,Normal,Unknown,Yes,No,Tam O'Shanter-Sullivan,D42
11/24/2016 10:00:00 AM,2010,300 GEORGE ST,Unknown,Local,Toronto and East York,43.657778,-79.373676,At/Near Private Drive,No Control,Clear,Dark,Wet,1,Pedestrian Collisions,Pedestrian,70 to 74,Unknown,Unknown,Unknown,Unknown,Pedestrian hit at private driveway,Other,Unknown,Unknown,Yes,No,Moss Park,D51