DATE,TIME,STREET1,STREET2,ROAD_CLASS,DISTRICT,LATITUDE,LONGITUDE,ACCLOC,TRAFFCTL,VISIBILITY,LIGHT,RDSFCOND,ACCLASS,IMPACTYPE,INVTYPE,INVAGE,INITDIR,MANOEUVER,DRIVACT,DRIVCOND,PEDTYPE,PEDACT,PEDCOND,CYCLISTYPE,PEDESTRIAN,SPEEDING,NEIGHBOURHOOD_158,DIVISION
11/24/2016 10:00:00 AM,2010,300 GEORGE ST,Unknown,Local,Toronto and East York,43.657778,-79.373676,At/Near Private Drive,No Control,Clear,Dark,Wet,1,Pedestrian Collisions,Driver,35 to 39,East,Going Ahead,Other,Normal,Unknown,Unknown,Unknown,Unknown,Yes,No,Moss Park,D51
11/28/2016 10:00:00 AM,2153,BLOOR ST E,PARLIAMENT ST,Major Arterial,Toronto and East York,43.671935,-79.370654,At Intersection,Traffic Signal,Clear,Dark,Dry,1,SMV Other,Driver,20 to 24,East,Going Ahead,Lost control,"Ability Impaired, Drugs",Unknown,Unknown,Unknown,Unknown,No,Yes,Cabbagetown-South St.James Town,D51
11/28/2016 10:00:00 AM,2153,BLOOR ST E,PARLIAMENT ST,Major Arterial,Toronto and East York,43.671935,-79.370654,At Intersection,Traffic Signal,Clear,Dark,Dry,1,SMV Other,Passenger,25 to 29,Unknown,Unknown,Unknown,Unknown,Unknown,Unknown,Unknown,Unknown,No,Yes,Cabbagetown-South St.James Town,D51
11/28/2016 10:00:00 AM,2153,BLOOR ST E,PARLIAMENT ST,Major Arterial,Toronto and East York,43.671935,-79.370654,At Intersection,Traffic Signal,Clear,Dark,Dry,1,SMV Other,Passenger,20 to 24,Unknown,Unknown,Unknown,Unknown,Unknown,Unknown,Unknown,Unknown,No,Yes,Cabbagetown-South St.James Town,D51
11/28/2016 10:00:00 AM,2153,BLOOR ST E,PARLIAMENT ST,Major Arterial,Toronto and East York,43.671935,-79.370654,At Intersection,Traffic Signal,Clear,Dark,Dry,1,SMV Other,Passenger,20 to 24,Unknown,Unknown,Unknown,Unknown,Unknown,Unknown,Unknown,Unknown,No,Yes,Cabbagetown-South St.James Town,D51
12/1/2016 10:00:00 AM,1335,COSBURN AVE,CEDARVALE AVE,Collector,Toronto and East York,43.696753,-79.315616,At Intersection,Pedestrian Crossover,Clear,Daylight,Dry,1,Pedestrian Collisions,Driver,60 to 64,South,Turning Left,Failed to Yield Right of Way,Inattentive,Unknown,Unknown,Unknown,Unknown,Yes,No,Woodbine-Lumsden,D55
12/1/2016 10:00:00 AM,1335,COSBURN AVE,CEDARVALE AVE,Collector,Toronto and East York,43.696753,-79.315616,At Intersection,Pedestrian Crossover,Clear,Daylight,Dry,1,Pedestrian Collisions,Pedestrian,65 to 69,North,Unknown,Unknown,Unknown,Pedestrian hit a PXO/ped. Mid-block signal,"Crossing, Pedestrian Crossover",Normal,Unknown,Yes,No,Woodbine-Lumsden,D55
12/6/2016 10:00:00 AM,712,BATHURST ST,REINER RD,Major Arterial,North York,43.752669,-79.437747,At Intersection,No Control,Clear,Daylight,Dry,1,Pedestrian Collisions,Pedestrian,85 to 89,East,Unknown,Unknown,Unknown,Pedestrian hit at mid-block,"Crossing, no Traffic Control",Unknown,Unknown,Yes,No,Lansing-Westgate,D32
12/6/2016 10:00:00 AM,712,BATHURST ST,REINER RD,Major Arterial,North York,43.752669,-79.437747,At Intersection,No Control,Clear,Daylight,Dry,1,Pedestrian Collisions,Driver,50 to 54,North,Going Ahead,Driving Properly,Unknown,Unknown,Unknown,Unknown,Unknown,Yes,No,Lansing-Westgate,D32
12/13/2016 10:00:00 AM,1440,MIDLAND AVE,KILCULLEN CASTLE GT,Major Arterial,Scarborough,43.81116,-79.290668,Non Intersection,No Control,Clear,Daylight,Dry,1,Pedestrian Collisions,Driver,55 to 59,South,Going Ahead,Driving Properly,Normal,Unknown,Unknown,Unknown,Unknown,Yes,No,Milliken,D42
12/13/2016 10:00:00 AM,1440,MIDLAND AVE,KILCULLEN CASTLE GT,Major Arterial,Scarborough,43.81116,-79.290668,Non Intersection,No Control,Clear,Daylight,Dry,1,Pedestrian Collisions,Pedestrian,70 to 74,West,Unknown,Unknown,Unknown,Pedestrian hit at mid-block,"Crossing, no Traffic Control",Normal,Unknown,Yes,No,Milliken,D42
1/3/2017 10:00:00 AM,717,LOWER SHERBOURNE ST,THE ESPLANADE,Minor Arterial,Toronto and East York,43.648974,-79.367259,At Intersection,Traffic Signal,Rain,Dark,Wet,1,Pedestrian Collisions,Driver,35 to 39,South,Going Ahead,Driving Properly,Normal,Unknown,Unknown,Unknown,Unknown,Yes,No,St Lawrence-East Bayfront-The Islands,D51
1/3/2017 10:00:00 AM,717,LOWER SHERBOURNE ST,THE ESPLANADE,Minor Arterial,Toronto and East York,43.648974,-79.367259,At Intersection,Traffic Signal,Rain,Dark,Wet,1,Pedestrian Collisions,Pedestrian,80 to 84,West,Unknown,Unknown,Unknown,Vehicle is going straight thru inter.while ped cross without ROW,Crossing without right of way,Normal,Unknown,Yes,No,St Lawrence-East Bayfront-The Islands,D51
1/8/2017 10:00:00 AM,1829,ELLESMERE RD,MONDEO DR,Major Arterial,Scarborough,43.764189,-79.287677,At Intersection,Traffic Signal,Clear,"Dark, artificial",Dry,1,Pedestrian Collisions,Driver,25 to 29,West,Going Ahead,Driving Properly,Normal,Unknown,Unknown,Unknown,Unknown,Yes,No,Dorset Park,D41
1/8/2017 10:00:00 AM,1829,ELLESMERE RD,MONDEO DR,Major Arterial,Scarborough,43.764189,-79.287677,At Intersection,Traffic Signal,Clear,"Dark, artificial",Dry,1,Pedestrian Collisions,Pedestrian,75 to 79,North,Unknown,Unknown,Unknown,Vehicle is going straight thru inter.while ped cross without ROW,Crossing without right of way,Inattentive,Unknown,Yes,No,Dorset Park,D41
1/21/2017 10:00:00 AM,40,BROWNS LINE,LAKESHORE W BROWNS LI RAMP,Major Arterial,Etobicoke York,43.592673,-79.542079,Non Intersection,No Control,"Fog, Mist, Smoke, Dust","Dark, artificial",Wet,1,SMV Other,Driver,20 to 24,South,Going Ahead,Lost control,Had Been Drinking,Unknown,Unknown,Unknown,Unknown,No,Yes,Long Branch,D22
1/25/2017 10:00:00 AM,1440,FINCH AVE W,WESTON RD,Major Arterial,Etobicoke York,43.752017,-79.542331,At Intersection,Traffic Signal,Clear,Daylight,Wet,1,Angle,Truck Driver,55 to 59,North,Going Ahead,Driving Properly,Normal,Unknown,Unknown,Unknown,Unknown,No,No,Humbermede,D31
1/25/2017 10:00:00 AM,1440,FINCH AVE W,WESTON RD,Major Arterial,Etobicoke York,43.752017,-79.542331,At Intersection,Traffic Signal,Clear,Daylight,Wet,1,Angle,Driver,85 to 89,South,Going Ahead,Disobeyed Traffic Control,Medical or Physical Disability,Unknown,Unknown,Unknown,Unknown,No,No,Humbermede,D31
1/25/2017 10:00:00 AM,1440,FINCH AVE W,WESTON RD,Major Arterial,Etobicoke York,43.752017,-79.542331,At Intersection,Traffic Signal,Clear,Daylight,Wet,1,Angle,Driver,40 to 44,Unknown,Going Ahead,Unknown,Unknown,Unknown,Unknown,Unknown,Unknown,No,No,Humbermede,D31
1/25/2017 10:00:00 AM,1440,FINCH AVE W,WESTON RD,Major Arterial,Etobicoke York,43.752017,-79.542331,At Intersection,Traffic Signal,Clear,Daylight,Wet,1,Angle,Driver,50 to 54,East,Going Ahead,Driving Properly,Normal,Unknown,Unknown,Unknown,Unknown,No,No,Humbermede,D31
1/29/2017 10:00:00 AM,110,F G GARDINER XY  E,SPADINA AVE,Major Arterial,Toronto and East York,43.637957,-79.395633,Non Intersection,No Control,Clear,Dark,Dry,1,Pedestrian Collisions,Driver,20 to 24,East,Going Ahead,Driving Properly,Normal,Unknown,Unknown,Unknown,Unknown,Yes,No,Harbourfront-CityPlace,D14
1/29/2017 10:00:00 AM,110,F G GARDINER XY  E,SPADINA AVE,Major Arterial,Toronto and East York,43.637957,-79.395633,Non Intersection,No Control,Clear,Dark,Dry,1,Pedestrian Collisions,Pedestrian,15 to 19,West,Unknown,Unknown,Unknown,Pedestrian hit at mid-block,Walking on Roadway Against Traffic,Other,Unknown,Yes,No,Harbourfront-CityPlace,D14
1/29/2017 10:00:00 AM,345,F G GARDINER XY  W,SOUTH KINGSWAY RAMP,Major Arterial,Toronto and East York,43.633498,-79.472667,Non Intersection,No Control,Clear,"Dark, artificial",Dry,1,Rear End,Driver,40 to 44,West,Going Ahead,Driving Properly,Normal,Unknown,Unknown,Unknown,Unknown,No,Yes,South Parkdale,D11
1/29/2017 10:00:00 AM,345,F G GARDINER XY  W,SOUTH KINGSWAY RAMP,Major Arterial,Toronto and East York,43.633498,-79.472667,Non Intersection,No Control,Clear,"Dark, artificial",Dry,1,Rear End,Driver,20 to 24,West,Going Ahead,Lost control,"Ability Impaired, Alcohol Over .08",Unknown,Unknown,Unknown,Unknown,No,Yes,South Parkdale,D11
2/2/2017 10:00:00 AM,219,BRIMLEY RD,ELGAR AVE,Major Arterial,Scarborough,43.741065,-79.250186,At Intersection,Stop Sign,Clear,Dark,Wet,1,Turning Movement,Driver,25 to 29,South,Going Ahead,Driving Properly,Unknown,Unknown,Unknown,Unknown,Unknown,No,Yes,Eglinton East,D43
2/2/2017 10:00:00 AM,219,BRIMLEY RD,ELGAR AVE,Major Arterial,Scarborough,43.741065,-79.250186,At Intersection,Stop Sign,Clear,Dark,Wet,1,Turning Movement,Driver,15 to 19,West,Turning Left,Improper Turn,Normal,Unknown,Unknown,Unknown,Unknown,No,Yes,Eglinton East,D43
2/18/2017 10:00:00 AM,29,KIPLING AVE,NEW TORONTO ST,Major Arterial,Etobicoke York,43.604773,-79.519672,Underpass or Tunnel,No Control,Clear,"Dark, artificial",Dry,1,SMV Other,Passenger,30 to 34,Unknown,Unknown,Unknown,Unknown,Unknown,Unknown,Unknown,Unknown,No,Yes,Mimico-Queensway,D22
2/18/2017 10:00:00 AM,29,KIPLING AVE,NEW TORONTO ST,Major Arterial,Etobicoke York,43.604773,-79.519672,Underpass or Tunnel,No Control,Clear,"Dark, artificial",Dry,1,SMV Other,Driver,30 to 34,South,Going Ahead,Failed to Yield Right of Way,Had Been Drinking,Unknown,Unknown,Unknown,Unknown,No,Yes,Mimico-Queensway,D22
2/23/2017 10:00:00 AM,1022,ADELAIDE ST W,BAY ST,Major Arterial,Toronto and East York,43.649821,-79.380771,At Intersection,Traffic Signal,Clear,"Daylight, artificial",Dry,1,Pedestrian Collisions,Pedestrian,75 to 79,East,Unknown,Unknown,Unknown,Vehicle turns right while ped crosses with ROW at inter.,Crossing with right of way,Normal,Unknown,Yes,No,Yonge-Bay Corridor,D52
2/23/2017 10:00:00 AM,1022,ADELAIDE ST W,BAY ST,Major Arterial,Toronto and East York,43.649821,-79.380771,At Intersection,Traffic Signal,Clear,"Daylight, artificial",Dry,1,Pedestrian Collisions,Driver,20 to 24,East,Turning Right,Failed to Yield Right of Way,Inattentive,Unknown,Unknown,Unknown,Unknown,Yes,No,Yonge-Bay Corridor,D52
3/4/2017 10:00:00 AM,1001,SHEPPARD AVE W,MAGELLAN DR,Major Arterial,Etobicoke York,43.7396,-79.509639,At Intersection,Traffic Signal,Clear,Daylight,Dry,1,Pedestrian Collisions,Driver,20 to 24,East,Going Ahead,Disobeyed Traffic Control,Inattentive,Unknown,Unknown,Unknown,Unknown,Yes,No,Glenfield-Jane Heights,D31
3/4/2017 10:00:00 AM,1001,SHEPPARD AVE W,MAGELLAN DR,Major Arterial,Etobicoke York,43.7396,-79.509639,At Intersection,Traffic Signal,Clear,Daylight,Dry,1,Pedestrian Collisions,Pedestrian,5 to 9,North,Unknown,Unknown,Unknown,Vehicle is going straight thru inter.while ped cross with ROW,Crossing with right of way,Normal,Unknown,Yes,No,Glenfield-Jane Heights,D31
3/4/2017 10:00:00 AM,1001,SHEPPARD AVE W,MAGELLAN DR,Major Arterial,Etobicoke York,43.7396,-79.509639,At Intersection,Traffic Signal,Clear,Daylight,Dry,1,Pedestrian Collisions,Pedestrian,5 to 9,North,Unknown,Unknown,Unknown,Vehicle is going straight thru inter.while ped cross with ROW,Crossing with right of way,Normal,Unknown,Yes,No,Glenfield-Jane Heights,D31
3/4/2017 10:00:00 AM,1249,REXDALE BLVD,RAMP TO ENTRANCE RD,Major Arterial,Etobicoke York,43.720431,-79.61201,Non Intersection,No Control,Clear,Daylight,Dry,1,Pedestrian Collisions,Pedestrian,90 to 94,South,Unknown,Unknown,Unknown,Pedestrian hit at mid-block,"Crossing, no Traffic Control",Inattentive,Unknown,Yes,No,West Humber-Clairville,D23
3/4/2017 10:00:00 AM,1249,REXDALE BLVD,RAMP TO ENTRANCE RD,Major Arterial,Etobicoke York,43.720431,-79.61201,Non Intersection,No Control,Clear,Daylight,Dry,1,Pedestrian Collisions,Driver,75 to 79,East,Going Ahead,Driving Properly,Normal,Unknown,Unknown,Unknown,Unknown,Yes,No,West Humber-Clairville,D23
3/7/2017 10:00:00 AM,1538,BLOOR ST W,KENNEDY PARK RD,Major Arterial,Toronto and East York,43.652056,-79.471744,Intersection Related,No Control,Clear,Daylight,Dry,1,Approaching,Driver,30 to 34,West,Overtaking,Improper Passing,Unknown,Unknown,Unknown,Unknown,Unknown,No,Yes,High Park-Swansea,D11
3/7/2017 10:00:00 AM,1538,BLOOR ST W,KENNEDY PARK RD,Major Arterial,Toronto and East York,43.652056,-79.471744,Intersection Related,No Control,Clear,Daylight,Dry,1,Approaching,Driver,80 to 84,East,Going Ahead,Driving Properly,Normal,Unknown,Unknown,Unknown,Unknown,No,Yes,High Park-Swansea,D11
3/7/2017 10:00:00 AM,1538,BLOOR ST W,KENNEDY PARK RD,Major Arterial,Toronto and East York,43.652056,-79.471744,Intersection Related,No Control,Clear,Daylight,Dry,1,Approaching,Passenger,35 to 39,Unknown,Unknown,Unknown,Unknown,Unknown,Unknown,Unknown,Unknown,No,Yes,High Park-Swansea,D11
3/7/2017 10:00:00 AM,1538,BLOOR ST W,KENNEDY PARK RD,Major Arterial,Toronto and East York,43.652056,-79.471744,Intersection Related,No Control,Clear,Daylight,Dry,1,Approaching,Driver,20 to 24,East,Going Ahead,Driving Properly,Normal,Unknown,Unknown,Unknown,Unknown,No,Yes,High Park-Swansea,D11
3/7/2017 10:00:00 AM,1538,BLOOR ST W,KENNEDY PARK RD,Major Arterial,Toronto and East York,43.652056,-79.471744,Intersection Related,No Control,Clear,Daylight,Dry,1,Approaching,Passenger,35 to 39,Unknown,Unknown,Unknown,Unknown,Unknown,Unknown,Unknown,Unknown,No,Yes,High Park-Swansea,D11
3/18/2017 8:00:00 AM,1932,JARVIS ST,EARL PL,Major Arterial,Toronto and East York,43.667636,-79.378894,Intersection Related,No Control,Rain,"Dark, artificial",Wet,1,Pedestrian Collisions,Pedestrian,60 to 64,East,Unknown,Unknown,Unknown,Pedestrian hit at mid-block,"Crossing, no Traffic Control",Medical or Physical Disability,Unknown,Yes,No,North St.James Town,D51
3/18/2017 8:00:00 AM,1932,JARVIS ST,EARL PL,Major Arterial,Toronto and East York,43.667636,-79.378894,Intersection Related,No Control,Rain,"Dark, artificial",Wet,1,Pedestrian Collisions,Driver,65 to 69,South,Going Ahead,Driving Properly,Unknown,Unknown,Unknown,Unknown,Unknown,Yes,No,North St.James Town,D51
3/19/2017 8:00:00 AM,255,106 YORK MILLS RD,Unknown,Major Arterial,North York,43.745097,-79.397746,Non Intersection,No Control,Clear,"Dark, artificial",Wet,1,SMV Other,Driver,45 to 49,West,Going Ahead,Driving Properly,Normal,Unknown,Unknown,Unknown,Unknown,No,Yes,Bridle Path-Sunnybrook-York Mills,D32
3/19/2017 8:00:00 AM,255,106 YORK MILLS RD,Unknown,Major Arterial,North York,43.745097,-79.397746,Non Intersection,No Control,Clear,"Dark, artificial",Wet,1,SMV Other,Driver,15 to 19,East,Going Ahead,Lost control,Inattentive,Unknown,Unknown,Unknown,Unknown,No,Yes,Bridle Path-Sunnybrook-York Mills,D32
4/6/2017 8:00:00 AM,1403,CLIFFSIDE DR,FOLCROFT AVE,Local,Scarborough,43.701213,-79.251239,Intersection Related,No Control,Rain,Daylight,Wet,1,Other,Passenger,55 to 59,Unknown,Unknown,Unknown,Unknown,Unknown,Unknown,Unknown,Unknown,No,No,Birchcliffe-Cliffside,D41
4/6/2017 8:00:00 AM,1403,CLIFFSIDE DR,FOLCROFT AVE,Local,Scarborough,43.701213,-79.251239,Intersection Related,No Control,Rain,Daylight,Wet,1,Other,Truck Driver,50 to 54,North,Going Ahead,Driving Properly,Normal,Unknown,Unknown,Unknown,Unknown,No,No,Birchcliffe-Cliffside,D41
4/11/2017 8:00:00 AM,1056,WILSON AVE,DUFFERIN ST,Major Arterial,North York,43.73202,-79.458873,At Intersection,Traffic Signal,Clear,Daylight,Dry,1,Pedestrian Collisions,Pedestrian,50 to 54,East,Unknown,Unknown,Unknown,Vehicle turns right while ped crosses with ROW at inter.,Crossing with right of way,Normal,Unknown,Yes,No,Clanton Park,D32
4/11/2017 8:00:00 AM,1056,WILSON AVE,DUFFERIN ST,Major Arterial,North York,43.73202,-79.458873,At Intersection,Traffic Signal,Clear,Daylight,Dry,1,Pedestrian Collisions,Truck Driver,60 to 64,East,Turning Right,Failed to Yield Right of Way,Inattentive,Unknown,Unknown,Unknown,Unknown,Yes,No,Clanton Park,D32
4/13/2017 8:00:00 AM,144,CUMMER AVE,SNOWCREST AVE,Collector,North York,43.795336,-79.380786,Non Intersection,No Control,Clear,"Dark, artificial",Dry,1,SMV Other,Passenger,25 to 29,Unknown,Unknown,Unknown,Unknown,Unknown,Unknown,Unknown,Unknown,No,Yes,Bayview Woods-Steeles,D33
4/13/2017 8:00:00 AM,144,CUMMER AVE,SNOWCREST AVE,Collector,North York,43.795336,-79.380786,Non Intersection,No Control,Clear,"Dark, artificial",Dry,1,SMV Other,Driver,25 to 29,East,Going Ahead,Lost control,Unknown,Unknown,Unknown,Unknown,Unknown,No,Yes,Bayview Woods-Steeles,D33
4/14/2017 8:00:00 AM,1805,SPADINA AVE,SULLIVAN ST,Major Arterial,Toronto and East York,43.651316,-79.397403,Non Intersection,No Control,Clear,Daylight,Dry,1,Pedestrian Collisions,Pedestrian,65 to 69,East,Unknown,Unknown,Unknown,Pedestrian involved in a collision with transit vehicle anywhere along roadway,"Crossing, no Traffic Control",Had Been Drinking,Unknown,Yes,No,Kensington-Chinatown,D52
4/14/2017 8:00:00 AM,1805,SPADINA AVE,SULLIVAN ST,Major Arterial,Toronto and East York,43.651316,-79.397403,Non Intersection,No Control,Clear,Daylight,Dry,1,Pedestrian Collisions,Driver,40 to 44,South,Going Ahead,Driving Properly,Normal,Unknown,Unknown,Unknown,Unknown,Yes,No,Kensington-Chinatown,D52
4/21/2017 8:00:00 AM,1530,HALFMOON SQ,CANMORE BLVD,Collector,Scarborough,43.793753,-79.17908,Intersection Related,No Control,Clear,"Daylight, artificial",Dry,1,Pedestrian Collisions,Pedestrian,5 to 9,East,Unknown,Unknown,Unknown,Vehicle hits the pedestrian walking or running out from between parked vehicles at mid-block,Running onto Roadway,Inattentive,Unknown,Yes,No,Highland Creek,D43
4/21/2017 8:00:00 AM,1530,HALFMOON SQ,CANMORE BLVD,Collector,Scarborough,43.793753,-79.17908,Intersection Related,No Control,Clear,"Daylight, artificial",Dry,1,Pedestrian Collisions,Driver,50 to 54,North,Going Ahead,Driving Properly,Inattentive,Unknown,Unknown,Unknown,Unknown,Yes,No,Highland Creek,D43
4/26/2017 8:00:00 AM,1857,LESLIE ST,CORNING RD,Major Arterial,North York,43.781909,-79.366107,At/Near Private Drive,No Control,Clear,Daylight,Dry,1,Angle,Motorcycle Driver,30 to 34,South,Going Ahead,Driving Properly,Unknown,Unknown,Unknown,Unknown,Unknown,No,No,Don Valley Village,D33
4/26/2017 8:00:00 AM,1857,LESLIE ST,CORNING RD,Major Arterial,North York,43.781909,-79.366107,At/Near Private Drive,No Control,Clear,Daylight,Dry,1,Angle,Driver,45 to 49,East,Going Ahead,Failed to Yield Right of Way,Normal,Unknown,Unknown,Unknown,Unknown,No,No,Don Valley Village,D33
5/5/2017 8:00:00 AM,2359,MORNINGSIDE AVE,SEWELLS RD,Minor Arterial,Scarborough,43.816607,-79.211665,Non Intersection,No Control,Clear,"Dark, artificial",Unknown,1,Approaching,Driver,40 to 44,South,Going Ahead,Driving Properly,Normal,Unknown,Unknown,Unknown,Unknown,No,No,Malvern East,D42
5/5/2017 8:00:00 AM,2359,MORNINGSIDE AVE,SEWELLS RD,Minor Arterial,Scarborough,43.816607,-79.211665,Non Intersection,No Control,Clear,"Dark, artificial",Unknown,1,Approaching,Passenger,30 to 34,Unknown,Unknown,Unknown,Unknown,Unknown,Unknown,Unknown,Unknown,No,No,Malvern East,D42
5/5/2017 8:00:00 AM,2359,MORNINGSIDE AVE,SEWELLS RD,Minor Arterial,Scarborough,43.816607,-79.211665,Non Intersection,No Control,Clear,"Dark, artificial",Unknown,1,Approaching,Driver,60 to 64,South,Going Ahead,Driving Properly,Normal,Unknown,Unknown,Unknown,Unknown,No,No,Malvern East,D42
5/5/2017 8:00:00 AM,2359,MORNINGSIDE AVE,SEWELLS RD,Minor Arterial,Scarborough,43.816607,-79.211665,Non Intersection,No Control,Clear,"Dark, artificial",Unknown,1,Approaching,Driver,20 to 24,North,Going Ahead,Driving Properly,Normal,Unknown,Unknown,Unknown,Unknown,No,No,Malvern East,D42
5/5/2017 8:00:00 AM,2359,MORNINGSIDE AVE,SEWELLS RD,Minor Arterial,Scarborough,43.816607,-79.211665,Non Intersection,No Control,Clear,"Dark, artificial",Unknown,1,Approaching,Driver,70 to 74,South,Unknown,Unknown,Unknown,Unknown,Unknown,Unknown,Unknown,No,No,Malvern East,D42
5/8/2017 8:00:00 AM,1815,WILSON AVE,WILSON HEIGHTS BLVD,Major Arterial,North York,43.734515,-79.447238,At Intersection,Traffic Signal,Clear,Daylight,Dry,1,Turning Movement,Motorcycle Driver,25 to 29,North,Going Ahead,Driving Properly,Normal,Unknown,Unknown,Unknown,Unknown,No,No,Clanton Park,D32
5/8/2017 8:00:00 AM,1815,WILSON AVE,WILSON HEIGHTS BLVD,Major Arterial,North York,43.734515,-79.447238,At Intersection,Traffic Signal,Clear,Daylight,Dry,1,Turning Movement,Driver,45 to 49,South,Turning Left,Failed to Yield Right of Way,Inattentive,Unknown,Unknown,Unknown,Unknown,No,No,Clanton Park,D32
5/16/2017 8:00:00 AM,1135,95 ELLESMERE RD,Unknown,Major Arterial,Scarborough,43.758727,-79.311122,Non Intersection,No Control,Clear,Daylight,Dry,1,SMV Other,Driver,80 to 84,East,Going Ahead,Lost control,Medical or Physical Disability,Unknown,Unknown,Unknown,Unknown,No,No,Wexford/Maryvale,D41
5/24/2017 8:00:00 AM,1815,1395 LAKE SHORE BLVD W,Unknown,Major Arterial,Toronto and East York,43.635432,-79.441371,Non Intersection,No Control,Clear,Daylight,Dry,1,Cyclist Collisions,Cyclist,5 to 9,West,Going Ahead,Unknown,Unknown,Unknown,Unknown,Unknown,Insufficient information (to determine cyclist crash type).,No,No,South Parkdale,D14
5/31/2017 8:00:00 AM,950,BAYVIEW AVE,BURLEIGH HEIGHTS DR,Major Arterial,North York,43.779303,-79.390872,At Intersection,No Control,Clear,Daylight,Dry,1,Pedestrian Collisions,Driver,40 to 44,South,Going Ahead,Driving Properly,Normal,Unknown,Unknown,Unknown,Unknown,Yes,No,Bayview Village,D33
5/31/2017 8:00:00 AM,950,BAYVIEW AVE,BURLEIGH HEIGHTS DR,Major Arterial,North York,43.779303,-79.390872,At Intersection,No Control,Clear,Daylight,Dry,1,Pedestrian Collisions,Pedestrian,15 to 19,West,Unknown,Unknown,Unknown,Vehicle is going straight thru inter.while ped cross without ROW,"Crossing, no Traffic Control",Normal,Unknown,Yes,No,Bayview Village,D33
5/31/2017 8:00:00 AM,950,BAYVIEW AVE,BURLEIGH HEIGHTS DR,Major Arterial,North York,43.779303,-79.390872,At Intersection,No Control,Clear,Daylight,Dry,1,Pedestrian Collisions,Pedestrian,15 to 19,West,Unknown,Unknown,Unknown,Vehicle is going straight thru inter.while ped cross without ROW,Crossing without right of way,Normal,Unknown,Yes,No,Bayview Village,D33
6/3/2017 8:00:00 AM,1134,RIDGEMOOR AVE,KINGSTON RD,Major Arterial,Scarborough,43.706267,-79.251254,At Intersection,Traffic Signal,Clear,Daylight,Dry,1,Pedestrian Collisions,Driver,55 to 59,North,Turning Left,Failed to Yield Right of Way,Inattentive,Unknown,Unknown,Unknown,Unknown,Yes,No,Birchcliffe-Cliffside,D41
6/3/2017 8:00:00 AM,1134,RIDGEMOOR AVE,KINGSTON RD,Major Arterial,Scarborough,43.706267,-79.251254,At Intersection,Traffic Signal,Clear,Daylight,Dry,1,Pedestrian Collisions,Pedestrian,70 to 74,Unknown,Unknown,Unknown,Unknown,Vehicle turns left while ped crosses with ROW at inter.,Crossing with right of way,Normal,Unknown,Yes,No,Birchcliffe-Cliffside,D41
6/13/2017 8:00:00 AM,1606,5085 SHEPPARD AVE E,Unknown,Major Arterial,Scarborough,43.793505,-79.24007,Non Intersection,No Control,Clear,Daylight,Dry,1,Turning Movement,Driver,25 to 29,West,Turning Left,Improper Turn,Normal,Unknown,Unknown,Unknown,Unknown,No,No,Agincourt South-Malvern West,D42
6/13/2017 8:00:00 AM,1606,5085 SHEPPARD AVE E,Unknown,Major Arterial,Scarborough,43.793505,-79.24007,Non Intersection,No Control,Clear,Daylight,Dry,1,Turning Movement,Passenger,40 to 44,Unknown,Unknown,Unknown,Unknown,Unknown,Unknown,Unknown,Unknown,No,No,Agincourt South-Malvern West,D42
6/13/2017 8:00:00 AM,1606,5085 SHEPPARD AVE E,Unknown,Major Arterial,Scarborough,43.793505,-79.24007,Non Intersection,No Control,Clear,Daylight,Dry,1,Turning Movement,Passenger,0 to 4,Unknown,Unknown,Unknown,Unknown,Unknown,Unknown,Unknown,Unknown,No,No,Agincourt South-Malvern West,D42
6/13/2017 8:00:00 AM,1606,5085 SHEPPARD AVE E,Unknown,Major Arterial,Scarborough,43.793505,-79.24007,Non Intersection,No Control,Clear,Daylight,Dry,1,Turning Movement,Driver,55 to 59,East,Going Ahead,Driving Properly,Normal,Unknown,Unknown,Unknown,Unknown,No,No,Agincourt South-Malvern West,D42
6/30/2017 8:00:00 AM,1304,847 JANE ST,Unknown,Collector,Etobicoke York,43.676146,-79.494518,Non Intersection,No Control,Clear,Daylight,Dry,1,Cyclist Collisions,Cyclist,70 to 74,West,Going Ahead,Unknown,Unknown,Unknown,Unknown,Unknown,"Motorist turns right at non-signal Inter.(stop, yield, no cont.,and dwy) and strikes cyclist.",No,No,Rockcliffe-Smythe,D12
6/30/2017 8:00:00 AM,1304,847 JANE ST,Unknown,Collector,Etobicoke York,43.676146,-79.494518,Non Intersection,No Control,Clear,Daylight,Dry,1,Cyclist Collisions,Driver,60 to 64,West,Turning Right,Improper Turn,Normal,Unknown,Unknown,Unknown,Unknown,No,No,Rockcliffe-Smythe,D12