DATE,TIME,STREET1,STREET2,ROAD_CLASS,DISTRICT,LATITUDE,LONGITUDE,ACCLOC,TRAFFCTL,VISIBILITY,LIGHT,RDSFCOND,ACCLASS,IMPACTYPE,INVTYPE,INVAGE,INITDIR,MANOEUVER,DRIVACT,DRIVCOND,PEDTYPE,PEDACT,PEDCOND,CYCLISTYPE,PEDESTRIAN,SPEEDING,NEIGHBOURHOOD_158,DIVISION
12/20/2017 10:00:00 AM,1845,PASSMORE AVE,MAYBROOK DR,Collector,Scarborough,43.827811,-79.262767,Non Intersection,No Control,Other,Daylight,Other,1,Pedestrian Collisions,Driver,50 to 54,East,Going Ahead,Driving Properly,Unknown,Unknown,Unknown,Unknown,Unknown,Yes,No,Milliken,D42
12/21/2017 10:00:00 AM,1528,KINGSTON RD,WARDEN AVE,Major Arterial,Scarborough,43.687686,-79.270885,At Intersection,Traffic Signal,Clear,Daylight,Dry,1,Pedestrian Collisions,Pedestrian,40 to 44,South,Unknown,Unknown,Unknown,Vehicle is going straight thru inter.while ped cross with ROW,Crossing with right of way,Unknown,Unknown,Yes,Yes,Birchcliffe-Cliffside,D41
12/21/2017 10:00:00 AM,1528,KINGSTON RD,WARDEN AVE,Major Arterial,Scarborough,43.687686,-79.270885,At Intersection,Traffic Signal,Clear,Daylight,Dry,1,Pedestrian Collisions,Driver,25 to 29,West,Going Ahead,Disobeyed Traffic Control,"Ability Impaired, Alcohol",Unknown,Unknown,Unknown,Unknown,Yes,Yes,Birchcliffe-Cliffside,D41
1/1/2018 10:00:00 AM,125,BAYVIEW AVE,POTTERY RD,Major Arterial,North York,43.692008,-79.361987,Non Intersection,No Control,Clear,"Dark, artificial",Dry,1,SMV Other,Driver,35 to 39,South,Going Ahead,Speed too Fast For Condition,Unknown,Unknown,Unknown,Unknown,Unknown,No,Yes,Leaside-Bennington,D53
1/2/2018 10:00:00 AM,1718,BRIMLEY RD,HEATHER RD,Major Arterial,Scarborough,43.790507,-79.269923,Intersection Related,No Control,Clear,"Dusk, artificial",Dry,1,Pedestrian Collisions,Pedestrian,70 to 74,West,Unknown,Unknown,Unknown,Pedestrian hit at mid-block,"Crossing, no Traffic Control",Inattentive,Unknown,Yes,No,Agincourt North,D42
1/2/2018 10:00:00 AM,1718,BRIMLEY RD,HEATHER RD,Major Arterial,Scarborough,43.790507,-79.269923,Intersection Related,No Control,Clear,"Dusk, artificial",Dry,1,Pedestrian Collisions,Driver,60 to 64,South,Going Ahead,Driving Properly,Normal,Unknown,Unknown,Unknown,Unknown,Yes,No,Agincourt North,D42
1/5/2018 10:00:00 AM,1145,SHEPPARD ST,ADELAIDE ST W,Major Arterial,Toronto and East York,43.649542,-79.382091,At Intersection,Traffic Signal,Other,Daylight,Other,1,Pedestrian Collisions,Driver,50 to 54,South,Turning Left,Failed to Yield Right of Way,Unknown,Unknown,Unknown,Unknown,Unknown,Yes,No,Yonge-Bay Corridor,D52
1/5/2018 10:00:00 AM,1145,SHEPPARD ST,ADELAIDE ST W,Major Arterial,Toronto and East York,43.649542,-79.382091,At Intersection,Traffic Signal,Other,Daylight,Other,1,Pedestrian Collisions,Pedestrian,85 to 89,North,Unknown,Unknown,Unknown,Vehicle turns left while ped crosses with ROW at inter.,Crossing with right of way,Unknown,Unknown,Yes,No,Yonge-Bay Corridor,D52
1/7/2018 10:00:00 AM,1816,EGLINTON AVE W,ROYAL YORK RD,Major Arterial,Etobicoke York,43.68162,-79.52972,Non Intersection,Traffic Signal,Other,Daylight,Other,1,Approaching,Driver,25 to 29,East,Going Ahead,Failed to Yield Right of Way,"Ability Impaired, Alcohol Over .08",Unknown,Unknown,Unknown,Unknown,No,No,Edenbridge-Humber Valley,D22
1/7/2018 10:00:00 AM,1816,EGLINTON AVE W,ROYAL YORK RD,Major Arterial,Etobicoke York,43.68162,-79.52972,Non Intersection,Traffic Signal,Other,Daylight,Other,1,Approaching,Driver,85 to 89,West,Going Ahead,Driving Properly,Unknown,Unknown,Unknown,Unknown,Unknown,No,No,Edenbridge-Humber Valley,D22
1/7/2018 10:00:00 AM,2151,STEELES AVE E,EASTVALE  DR,Major Arterial,Scarborough,43.837935,-79.245151,Intersection Related,No Control,Other,Dark,Other,1,Pedestrian Collisions,Driver,60 to 64,West,Going Ahead,Driving Properly,Unknown,Unknown,Unknown,Unknown,Unknown,Yes,No,Morningside Heights,D42
1/7/2018 10:00:00 AM,2151,STEELES AVE E,EASTVALE  DR,Major Arterial,Scarborough,43.837935,-79.245151,Intersection Related,No Control,Other,Dark,Other,1,Pedestrian Collisions,Pedestrian,20 to 24,North,Unknown,Unknown,Unknown,Pedestrian hit at mid-block,"Crossing, no Traffic Control",Unknown,Unknown,Yes,No,Morningside Heights,D42
1/9/2018 10:00:00 AM,1817,EGLINTON AVE E,ROSEMOUNT DR,Major Arterial,Scarborough,43.730475,-79.275096,Non Intersection,No Control,Clear,Dark,Wet,1,Pedestrian Collisions,Driver,45 to 49,West,Going Ahead,Driving Properly,Normal,Unknown,Unknown,Unknown,Unknown,Yes,No,Ionview,D41
1/9/2018 10:00:00 AM,1817,EGLINTON AVE E,ROSEMOUNT DR,Major Arterial,Scarborough,43.730475,-79.275096,Non Intersection,No Control,Clear,Dark,Wet,1,Pedestrian Collisions,Pedestrian,70 to 74,North,Unknown,Unknown,Unknown,Pedestrian hit at mid-block,"Crossing, no Traffic Control",Normal,Unknown,Yes,No,Ionview,D41
1/15/2018 10:00:00 AM,1520,23 IANHALL RD,Unknown,Local,North York,43.727904,-79.488223,Non Intersection,No Control,Snow,Daylight,Loose Snow,1,Pedestrian Collisions,Unknown,unknown,East,Going Ahead,Unknown,Unknown,Unknown,Unknown,Unknown,Unknown,Yes,No,Downsview,D31
1/15/2018 10:00:00 AM,1520,23 IANHALL RD,Unknown,Local,North York,43.727904,-79.488223,Non Intersection,No Control,Snow,Daylight,Loose Snow,1,Pedestrian Collisions,Pedestrian,40 to 44,Unknown,Unknown,Unknown,Unknown,Pedestrian hit at mid-block,Person Getting on/off Vehicle,Normal,Unknown,Yes,No,Downsview,D31
1/15/2018 10:00:00 AM,1520,23 IANHALL RD,Unknown,Local,North York,43.727904,-79.488223,Non Intersection,No Control,Snow,Daylight,Loose Snow,1,Pedestrian Collisions,Pedestrian,5 to 9,Unknown,Unknown,Unknown,Unknown,Pedestrian hit at mid-block,Person Getting on/off Vehicle,Normal,Unknown,Yes,No,Downsview,D31
1/24/2018 10:00:00 AM,1150,WARDEN AVE,BAMBURGH CRCL,Major Arterial,Scarborough,43.81428,-79.324542,Non Intersection,Traffic Signal,Clear,Daylight,Dry,1,Pedestrian Collisions,Pedestrian,60 to 64,West,Unknown,Unknown,Unknown,Vehicle is going straight thru inter.while ped cross with ROW,Crossing with right of way,Normal,Unknown,Yes,No,Steeles,D42
1/24/2018 10:00:00 AM,1150,WARDEN AVE,BAMBURGH CRCL,Major Arterial,Scarborough,43.81428,-79.324542,Non Intersection,Traffic Signal,Clear,Daylight,Dry,1,Pedestrian Collisions,Driver,55 to 59,South,Going Ahead,Disobeyed Traffic Control,Normal,Unknown,Unknown,Unknown,Unknown,Yes,No,Steeles,D42
2/2/2018 10:00:00 AM,943,FINCH AVE W,ARDWICK BLVD,Major Arterial,Etobicoke York,43.747714,-79.562267,At Intersection,Traffic Signal,Clear,Daylight,Dry,1,Pedestrian Collisions,Pedestrian,70 to 74,North,Unknown,Unknown,Unknown,Vehicle turns left while ped crosses with ROW at inter.,Crossing with right of way,Normal,Unknown,Yes,No,Humbermede,D31
2/2/2018 10:00:00 AM,943,FINCH AVE W,ARDWICK BLVD,Major Arterial,Etobicoke York,43.747714,-79.562267,At Intersection,Traffic Signal,Clear,Daylight,Dry,1,Pedestrian Collisions,Driver,50 to 54,South,Turning Left,Failed to Yield Right of Way,Normal,Unknown,Unknown,Unknown,Unknown,Yes,No,Humbermede,D31
2/17/2018 10:00:00 AM,2319,3230 BAYVIEW AVE,Unknown,Major Arterial,North York,43.788287,-79.392772,Non Intersection,No Control,Unknown,Dark,Unknown,1,SMV Other,Driver,45 to 49,West,Going Ahead,Exceeding Speed Limit,Unknown,Unknown,Unknown,Unknown,Unknown,No,Yes,Bayview Woods-Steeles,D33
2/20/2018 10:00:00 AM,1645,BATHURST ST,ELLERSLIE AVE,Major Arterial,North York,43.765391,-79.440891,At Intersection,Traffic Signal,Rain,Daylight,Wet,1,Pedestrian Collisions,Pedestrian,65 to 69,West,Unknown,Unknown,Unknown,Vehicle turns left while ped crosses with ROW at inter.,Crossing with right of way,Normal,Unknown,Yes,No,Willowdale West,D32
2/20/2018 10:00:00 AM,1645,BATHURST ST,ELLERSLIE AVE,Major Arterial,North York,43.765391,-79.440891,At Intersection,Traffic Signal,Rain,Daylight,Wet,1,Pedestrian Collisions,Truck Driver,20 to 24,East,Turning Left,Failed to Yield Right of Way,Normal,Unknown,Unknown,Unknown,Unknown,Yes,No,Willowdale West,D32
2/21/2018 10:00:00 AM,1838,37 WILLIAM KITCHEN RD,Unknown,Collector,Scarborough,43.773322,-79.282741,Non Intersection,No Control,Clear,"Dark, artificial",Dry,1,Pedestrian Collisions,Pedestrian,40 to 44,North,Unknown,Unknown,Unknown,Pedestrian hit at mid-block,"Crossing, no Traffic Control",Inattentive,Unknown,Yes,No,Dorset Park,D41
2/21/2018 10:00:00 AM,1838,37 WILLIAM KITCHEN RD,Unknown,Collector,Scarborough,43.773322,-79.282741,Non Intersection,No Control,Clear,"Dark, artificial",Dry,1,Pedestrian Collisions,Truck Driver,30 to 34,East,Going Ahead,Driving Properly,Normal,Unknown,Unknown,Unknown,Unknown,Yes,No,Dorset Park,D41
2/27/2018 10:00:00 AM,1530,CANONGATE TRL,OCKWELL MANOR  DR,Collector,Scarborough,43.818522,-79.306857,At Intersection,No Control,Clear,Daylight,Dry,1,Pedestrian Collisions,Pedestrian,10 to 14,East,Unknown,Unknown,Unknown,Vehicle is going straight thru inter.while ped cross without ROW,Crossing without right of way,Normal,Unknown,Yes,No,Steeles,D42
2/27/2018 10:00:00 AM,1530,CANONGATE TRL,OCKWELL MANOR  DR,Collector,Scarborough,43.818522,-79.306857,At Intersection,No Control,Clear,Daylight,Dry,1,Pedestrian Collisions,Driver,75 to 79,North,Going Ahead,Driving Properly,Normal,Unknown,Unknown,Unknown,Unknown,Yes,No,Steeles,D42
2/27/2018 10:00:00 AM,1530,CANONGATE TRL,OCKWELL MANOR  DR,Collector,Scarborough,43.818522,-79.306857,At Intersection,No Control,Clear,Daylight,Dry,1,Pedestrian Collisions,Driver,75 to 79,North,Going Ahead,Driving Properly,Normal,Unknown,Unknown,Unknown,Unknown,Yes,No,Steeles,D42
3/2/2018 10:00:00 AM,1914,GREENCEDAR CRCT,DAPHNE RD,Collector,Scarborough,43.756827,-79.22932,At Intersection,No Control,Other,Dark,Other,1,Pedestrian Collisions,Pedestrian,65 to 69,North,Unknown,Unknown,Unknown,Vehicle is going straight thru inter.while ped cross without ROW,"Crossing, no Traffic Control",Unknown,Unknown,Yes,No,Golfdale-Cedarbrae-Woburn,D43
3/2/2018 10:00:00 AM,1914,GREENCEDAR CRCT,DAPHNE RD,Collector,Scarborough,43.756827,-79.22932,At Intersection,No Control,Other,Dark,Other,1,Pedestrian Collisions,Driver,65 to 69,West,Going Ahead,Driving Properly,Unknown,Unknown,Unknown,Unknown,Unknown,Yes,No,Golfdale-Cedarbrae-Woburn,D43
3/15/2018 8:00:00 AM,226,COLLEGE ST,HURON ST,Major Arterial,Toronto and East York,43.658187,-79.398158,At Intersection,Traffic Signal,Clear,"Dark, artificial",Dry,1,Pedestrian Collisions,Driver,15 to 19,North,Going Ahead,Failed to Yield Right of Way,"Ability Impaired, Alcohol Over .08",Unknown,Unknown,Unknown,Unknown,Yes,Yes,Kensington-Chinatown,D52
3/15/2018 8:00:00 AM,226,COLLEGE ST,HURON ST,Major Arterial,Toronto and East York,43.658187,-79.398158,At Intersection,Traffic Signal,Clear,"Dark, artificial",Dry,1,Pedestrian Collisions,Pedestrian,20 to 24,West,Unknown,Unknown,Unknown,Vehicle is going straight thru inter.while ped cross with ROW,Crossing with right of way,Normal,Unknown,Yes,Yes,Kensington-Chinatown,D52
3/21/2018 8:00:00 AM,331,F G GARDINER XY  W,ROYAL YORK RD,Unknown,Etobicoke York,43.623107,-79.499957,Non Intersection,No Control,Clear,"Dark, artificial",Dry,1,Rear End,Passenger,25 to 29,Unknown,Unknown,Unknown,Unknown,Unknown,Unknown,Unknown,Unknown,No,Yes,Mimico-Queensway,D22
3/21/2018 8:00:00 AM,331,F G GARDINER XY  W,ROYAL YORK RD,Unknown,Etobicoke York,43.623107,-79.499957,Non Intersection,No Control,Clear,"Dark, artificial",Dry,1,Rear End,Passenger,25 to 29,Unknown,Unknown,Unknown,Unknown,Unknown,Unknown,Unknown,Unknown,No,Yes,Mimico-Queensway,D22
3/21/2018 8:00:00 AM,331,F G GARDINER XY  W,ROYAL YORK RD,Unknown,Etobicoke York,43.623107,-79.499957,Non Intersection,No Control,Clear,"Dark, artificial",Dry,1,Rear End,Driver,30 to 34,West,Going Ahead,Exceeding Speed Limit,Normal,Unknown,Unknown,Unknown,Unknown,No,Yes,Mimico-Queensway,D22
3/21/2018 8:00:00 AM,331,F G GARDINER XY  W,ROYAL YORK RD,Unknown,Etobicoke York,43.623107,-79.499957,Non Intersection,No Control,Clear,"Dark, artificial",Dry,1,Rear End,Driver,20 to 24,West,Pulling Away from Shoulder or Curb,Improper Lane Change,Inattentive,Unknown,Unknown,Unknown,Unknown,No,Yes,Mimico-Queensway,D22
3/28/2018 8:00:00 AM,1749,MOUNT PLEASANT RD,CARSTOWE RD,Major Arterial,Toronto and East York,43.68439,-79.383662,Non Intersection,No Control,Clear,Daylight,Dry,1,Turning Movement,Driver,15 to 19,North,Making U Turn,Improper Turn,Normal,Unknown,Unknown,Unknown,Unknown,No,Yes,Rosedale-Moore Park,D53
3/28/2018 8:00:00 AM,1749,MOUNT PLEASANT RD,CARSTOWE RD,Major Arterial,Toronto and East York,43.68439,-79.383662,Non Intersection,No Control,Clear,Daylight,Dry,1,Turning Movement,Motorcycle Driver,35 to 39,North,Going Ahead,Improper Passing,Normal,Unknown,Unknown,Unknown,Unknown,No,Yes,Rosedale-Moore Park,D53
3/29/2018 8:00:00 AM,1221,WILSON AVE,JULIAN RD,Major Arterial,North York,43.724532,-79.491092,Intersection Related,Traffic Signal,Rain,Daylight,Wet,1,Pedestrian Collisions,Passenger,90 to 94,Unknown,Unknown,Unknown,Unknown,Unknown,Unknown,Unknown,Unknown,Yes,No,Oakdale-Beverley Heights,D31
3/29/2018 8:00:00 AM,1221,WILSON AVE,JULIAN RD,Major Arterial,North York,43.724532,-79.491092,Intersection Related,Traffic Signal,Rain,Daylight,Wet,1,Pedestrian Collisions,Pedestrian,75 to 79,North,Unknown,Unknown,Unknown,Vehicle is going straight thru inter.while ped cross without ROW,"Crossing, no Traffic Control",Inattentive,Unknown,Yes,No,Oakdale-Beverley Heights,D31
3/29/2018 8:00:00 AM,1221,WILSON AVE,JULIAN RD,Major Arterial,North York,43.724532,-79.491092,Intersection Related,Traffic Signal,Rain,Daylight,Wet,1,Pedestrian Collisions,Driver,50 to 54,West,Going Ahead,Driving Properly,Normal,Unknown,Unknown,Unknown,Unknown,Yes,No,Oakdale-Beverley Heights,D31
4/13/2018 8:00:00 AM,1512,JANE ST,BEVERLY HILLS DR,Major Arterial,Etobicoke York,43.719008,-79.508113,At Intersection,Traffic Signal,Unknown,Daylight,Unknown,1,Pedestrian Collisions,Driver,55 to 59,North,Turning Left,Failed to Yield Right of Way,Unknown,Unknown,Unknown,Unknown,Unknown,Yes,Yes,Oakdale-Beverley Heights,D31
4/13/2018 8:00:00 AM,1512,JANE ST,BEVERLY HILLS DR,Major Arterial,Etobicoke York,43.719008,-79.508113,At Intersection,Traffic Signal,Unknown,Daylight,Unknown,1,Pedestrian Collisions,Pedestrian,40 to 44,South,Unknown,Unknown,Unknown,Vehicle turns left while ped crosses with ROW at inter.,Crossing with right of way,Normal,Unknown,Yes,Yes,Oakdale-Beverley Heights,D31
4/21/2018 8:00:00 AM,2341,SEWELLS RD,HUPFIELD TRL,Minor Arterial,Scarborough,43.814105,-79.213535,Non Intersection,No Control,Clear,"Dark, artificial",Dry,1,SMV Other,Driver,25 to 29,East,Going Ahead,Lost control,Unknown,Unknown,Unknown,Unknown,Unknown,No,Yes,Malvern East,D42
4/23/2018 8:00:00 AM,20,FINCH AVE W,SIGNET DR,Major Arterial,Etobicoke York,43.753218,-79.53622,At Intersection,Traffic Signal,Clear,"Dark, artificial",Dry,1,Angle,Driver,15 to 19,South,Going Ahead,Driving Properly,Normal,Unknown,Unknown,Unknown,Unknown,No,Yes,Humbermede,D31
4/23/2018 8:00:00 AM,20,FINCH AVE W,SIGNET DR,Major Arterial,Etobicoke York,43.753218,-79.53622,At Intersection,Traffic Signal,Clear,"Dark, artificial",Dry,1,Angle,Driver,55 to 59,Unknown,Unknown,Unknown,Unknown,Unknown,Unknown,Unknown,Unknown,No,Yes,Humbermede,D31
4/23/2018 8:00:00 AM,20,FINCH AVE W,SIGNET DR,Major Arterial,Etobicoke York,43.753218,-79.53622,At Intersection,Traffic Signal,Clear,"Dark, artificial",Dry,1,Angle,Driver,40 to 44,West,Going Ahead,Disobeyed Traffic Control,Normal,Unknown,Unknown,Unknown,Unknown,No,Yes,Humbermede,D31
5/4/2018 8:00:00 AM,2354,DIXON RD,27 S DIXON W RAMP,Major Arterial,Etobicoke York,43.688479,-79.583987,Overpass or Bridge,No Control,Unknown,Dark,Unknown,1,Pedestrian Collisions,Pedestrian,60 to 64,North,Unknown,Unknown,Unknown,Pedestrian hit at mid-block,"Crossing, no Traffic Control",Unknown,Unknown,Yes,No,West Humber-Clairville,D23
5/4/2018 8:00:00 AM,2354,DIXON RD,27 S DIXON W RAMP,Major Arterial,Etobicoke York,43.688479,-79.583987,Overpass or Bridge,No Control,Unknown,Dark,Unknown,1,Pedestrian Collisions,Driver,25 to 29,West,Going Ahead,Driving Properly,Unknown,Unknown,Unknown,Unknown,Unknown,Yes,No,West Humber-Clairville,D23
5/15/2018 8:00:00 AM,935,YONGE ST,LAWRENCE AVE E,Major Arterial,North York,43.725032,-79.402156,At Intersection,Traffic Signal,Unknown,Daylight,Unknown,1,Pedestrian Collisions,Driver,85 to 89,North,Turning Right,Failed to Yield Right of Way,Unknown,Unknown,Unknown,Unknown,Unknown,Yes,No,Lawrence Park South,D53
5/15/2018 8:00:00 AM,935,YONGE ST,LAWRENCE AVE E,Major Arterial,North York,43.725032,-79.402156,At Intersection,Traffic Signal,Unknown,Daylight,Unknown,1,Pedestrian Collisions,Pedestrian,70 to 74,Unknown,Unknown,Unknown,Unknown,Vehicle turns right while ped crosses with ROW at inter.,Crossing with right of way,Unknown,Unknown,Yes,No,Lawrence Park South,D53
5/15/2018 8:00:00 AM,1558,LAKE SHORE BV W,COLBORNE LODGE DR,Major Arterial,Toronto and East York,43.637709,-79.458881,At Intersection,Traffic Signal,Clear,Daylight,Dry,1,Cyclist Collisions,Driver,25 to 29,East,Going Ahead,Disobeyed Traffic Control,Inattentive,Unknown,Unknown,Unknown,Unknown,No,No,South Parkdale,D11
5/15/2018 8:00:00 AM,1558,LAKE SHORE BV W,COLBORNE LODGE DR,Major Arterial,Toronto and East York,43.637709,-79.458881,At Intersection,Traffic Signal,Clear,Daylight,Dry,1,Cyclist Collisions,Cyclist,35 to 39,South,Going Ahead,Unknown,Unknown,Unknown,Unknown,Unknown,"Motorist without ROW drives into path of cyclist at inter, lnwy, dwy-Driver not turn.",No,No,South Parkdale,D11
5/15/2018 8:00:00 AM,2237,LAKE SHORE BLVD W,THIRTEENTH ST,Major Arterial,Etobicoke York,43.599005,-79.512874,Intersection Related,No Control,Unknown,Dark,Unknown,1,Sideswipe,Driver,20 to 24,East,Changing Lanes,Improper Lane Change,"Ability Impaired, Alcohol Over .08",Unknown,Unknown,Unknown,Unknown,No,Yes,New Toronto,D22
5/15/2018 8:00:00 AM,2237,LAKE SHORE BLVD W,THIRTEENTH ST,Major Arterial,Etobicoke York,43.599005,-79.512874,Intersection Related,No Control,Unknown,Dark,Unknown,1,Sideswipe,Passenger,25 to 29,Unknown,Unknown,Unknown,Unknown,Unknown,Unknown,Unknown,Unknown,No,Yes,New Toronto,D22
5/15/2018 8:00:00 AM,2237,LAKE SHORE BLVD W,THIRTEENTH ST,Major Arterial,Etobicoke York,43.599005,-79.512874,Intersection Related,No Control,Unknown,Dark,Unknown,1,Sideswipe,Other,unknown,East,Parked,Unknown,Unknown,Unknown,Unknown,Unknown,Unknown,No,Yes,New Toronto,D22
5/16/2018 8:00:00 AM,800,JONES AVE,DUNDAS ST E,Minor Arterial,Toronto and East York,43.666098,-79.334277,At Intersection,Traffic Signal,Clear,Daylight,Dry,1,Cyclist Collisions,Truck Driver,25 to 29,West,Turning Right,Failed to Yield Right of Way,Normal,Unknown,Unknown,Unknown,Unknown,No,No,South Riverdale,D55
5/16/2018 8:00:00 AM,800,JONES AVE,DUNDAS ST E,Minor Arterial,Toronto and East York,43.666098,-79.334277,At Intersection,Traffic Signal,Clear,Daylight,Dry,1,Cyclist Collisions,Cyclist,50 to 54,West,Going Ahead,Unknown,Unknown,Unknown,Unknown,Unknown,Motorist turning right on green or amber at signalized intersection strikes cyclist.,No,No,South Riverdale,D55
5/20/2018 8:00:00 AM,2307,WILSON AVE,401 C W WILSON AV RAMP,Major Arterial,Etobicoke York,43.736342,-79.438586,Non Intersection,No Control,Clear,"Dark, artificial",Dry,1,Approaching,Driver,40 to 44,West,Changing Lanes,Improper Lane Change,Inattentive,Unknown,Unknown,Unknown,Unknown,No,Yes,Clanton Park,D32
5/20/2018 8:00:00 AM,2307,WILSON AVE,401 C W WILSON AV RAMP,Major Arterial,Etobicoke York,43.736342,-79.438586,Non Intersection,No Control,Clear,"Dark, artificial",Dry,1,Approaching,Driver,40 to 44,East,Going Ahead,Driving Properly,Normal,Unknown,Unknown,Unknown,Unknown,No,Yes,Clanton Park,D32
5/20/2018 8:00:00 AM,2307,WILSON AVE,401 C W WILSON AV RAMP,Major Arterial,Etobicoke York,43.736342,-79.438586,Non Intersection,No Control,Clear,"Dark, artificial",Dry,1,Approaching,Passenger,35 to 39,Unknown,Unknown,Unknown,Unknown,Unknown,Unknown,Unknown,Unknown,No,Yes,Clanton Park,D32
5/20/2018 8:00:00 AM,2307,WILSON AVE,401 C W WILSON AV RAMP,Major Arterial,Etobicoke York,43.736342,-79.438586,Non Intersection,No Control,Clear,"Dark, artificial",Dry,1,Approaching,Passenger,10 to 14,Unknown,Unknown,Unknown,Unknown,Unknown,Unknown,Unknown,Unknown,No,Yes,Clanton Park,D32
5/20/2018 8:00:00 AM,2307,WILSON AVE,401 C W WILSON AV RAMP,Major Arterial,Etobicoke York,43.736342,-79.438586,Non Intersection,No Control,Clear,"Dark, artificial",Dry,1,Approaching,Passenger,10 to 14,Unknown,Unknown,Unknown,Unknown,Unknown,Unknown,Unknown,Unknown,No,Yes,Clanton Park,D32
5/29/2018 8:00:00 AM,934,STEELES AVE E,KENNEDY RD,Major Arterial,Scarborough,43.823569,-79.307048,Intersection Related,No Control,Clear,Daylight,Dry,1,Other,Passenger,80 to 84,Unknown,Unknown,Unknown,Unknown,Unknown,Unknown,Unknown,Unknown,No,No,Steeles,D42
5/29/2018 8:00:00 AM,934,STEELES AVE E,KENNEDY RD,Major Arterial,Scarborough,43.823569,-79.307048,Intersection Related,No Control,Clear,Daylight,Dry,1,Other,Driver,45 to 49,West,Slowing or Stopping,Driving Properly,Normal,Unknown,Unknown,Unknown,Unknown,No,No,Steeles,D42
5/30/2018 8:00:00 AM,329,MARTIN GROVE RD,VULCAN ST,Major Arterial,Etobicoke York,43.705172,-79.577121,At Intersection,Traffic Signal,Unknown,Dark,Unknown,1,Turning Movement,Truck Driver,50 to 54,North,Turning Left,Driving Properly,Normal,Unknown,Unknown,Unknown,Unknown,No,Yes,West Humber-Clairville,D23
5/30/2018 8:00:00 AM,329,MARTIN GROVE RD,VULCAN ST,Major Arterial,Etobicoke York,43.705172,-79.577121,At Intersection,Traffic Signal,Unknown,Dark,Unknown,1,Turning Movement,Motorcycle Driver,20 to 24,South,Going Ahead,Exceeding Speed Limit,Unknown,Unknown,Unknown,Unknown,Unknown,No,Yes,West Humber-Clairville,D23
6/2/2018 8:00:00 AM,1903,LAKE SHORE BLVD W,BRITISH COLUMBIA RD,Major Arterial,North York,43.630515,-79.427158,Non Intersection,No Control,Clear,Daylight,Dry,1,Approaching,Motorcycle Driver,50 to 54,East,Going Ahead,Driving Properly,Normal,Unknown,Unknown,Unknown,Unknown,No,No,Fort York-Liberty Village,D14
6/2/2018 8:00:00 AM,1903,LAKE SHORE BLVD W,BRITISH COLUMBIA RD,Major Arterial,North York,43.630515,-79.427158,Non Intersection,No Control,Clear,Daylight,Dry,1,Approaching,Driver,30 to 34,East,Going Ahead,Driving Properly,Normal,Unknown,Unknown,Unknown,Unknown,No,No,Fort York-Liberty Village,D14
6/2/2018 8:00:00 AM,1903,LAKE SHORE BLVD W,BRITISH COLUMBIA RD,Major Arterial,North York,43.630515,-79.427158,Non Intersection,No Control,Clear,Daylight,Dry,1,Approaching,Driver,30 to 34,East,Going Ahead,Driving Properly,Normal,Unknown,Unknown,Unknown,Unknown,No,No,Fort York-Liberty Village,D14
6/2/2018 8:00:00 AM,1903,LAKE SHORE BLVD W,BRITISH COLUMBIA RD,Major Arterial,North York,43.630515,-79.427158,Non Intersection,No Control,Clear,Daylight,Dry,1,Approaching,Driver,55 to 59,West,Going Ahead,Lost control,Inattentive,Unknown,Unknown,Unknown,Unknown,No,No,Fort York-Liberty Village,D14
6/11/2018 8:00:00 AM,1500,DUFFERIN ST,BRIAR HILL AVE,Major Arterial,North York,43.702281,-79.452075,Intersection Related,Traffic Signal,Clear,Daylight,Dry,1,Pedestrian Collisions,Driver,25 to 29,Unknown,Unknown,Disobeyed Traffic Control,Unknown,Unknown,Unknown,Unknown,Unknown,Yes,Yes,Briar Hill-Belgravia,D13
6/11/2018 8:00:00 AM,1500,DUFFERIN ST,BRIAR HILL AVE,Major Arterial,North York,43.702281,-79.452075,Intersection Related,Traffic Signal,Clear,Daylight,Dry,1,Pedestrian Collisions,Pedestrian,50 to 54,North,Unknown,Unknown,Unknown,Unknown,Crossing with right of way,Unknown,Unknown,Yes,Yes,Briar Hill-Belgravia,D13
6/12/2018 8:00:00 AM,1204,ST GEORGE ST,BLOOR ST W,Major Arterial,Toronto and East York,43.667445,-79.399799,At Intersection,Traffic Signal,Clear,Daylight,Dry,1,Cyclist Collisions,Truck Driver,65 to 69,North,Turning Right,Other,Normal,Unknown,Unknown,Unknown,Unknown,No,No,University,D52