DATE,TIME,STREET1,STREET2,ROAD_CLASS,DISTRICT,LATITUDE,LONGITUDE,ACCLOC,TRAFFCTL,VISIBILITY,LIGHT,RDSFCOND,ACCLASS,IMPACTYPE,INVTYPE,INVAGE,INITDIR,MANOEUVER,DRIVACT,DRIVCOND,PEDTYPE,PEDACT,PEDCOND,CYCLISTYPE,PEDESTRIAN,SPEEDING,NEIGHBOURHOOD_158,DIVISION
12/2/2020 10:00:00 AM,1829,DUFFERIN ST,SYLVAN AVE,Major Arterial,Toronto and East York,43.654608,-79.433322,Intersection Related,No Control,Clear,Daylight,Dry,1,Cyclist Collisions,Cyclist,20 to 24,South,Going Ahead,Unknown,Unknown,Unknown,Unknown,Unknown,Cyclist and Driver travelling in same direction. One vehicle sideswipes the other.,No,No,Dufferin Grove,D14
12/2/2020 10:00:00 AM,1829,DUFFERIN ST,SYLVAN AVE,Major Arterial,Toronto and East York,43.654608,-79.433322,Intersection Related,No Control,Clear,Daylight,Dry,1,Cyclist Collisions,Driver,35 to 39,South,Going Ahead,Following too Close,Inattentive,Unknown,Unknown,Unknown,Unknown,No,No,Dufferin Grove,D14
12/2/2020 10:00:00 AM,1829,DUFFERIN ST,SYLVAN AVE,Major Arterial,Toronto and East York,43.654608,-79.433322,Intersection Related,No Control,Clear,Daylight,Dry,1,Cyclist Collisions,Driver,30 to 34,North,Going Ahead,Other,Inattentive,Unknown,Unknown,Unknown,Unknown,No,No,Dufferin Grove,D14
12/5/2020 10:00:00 AM,1716,2255 MARKHAM RD,Unknown,Major Arterial,Scarborough,43.809523,-79.243236,Non Intersection,No Control,Clear,"Dusk, artificial",Dry,1,Pedestrian Collisions,Pedestrian,35 to 39,East,Unknown,Unknown,Unknown,Pedestrian hit at mid-block,"Crossing, no Traffic Control",Inattentive,Unknown,Yes,No,Malvern West,D42
12/5/2020 10:00:00 AM,1716,2255 MARKHAM RD,Unknown,Major Arterial,Scarborough,43.809523,-79.243236,Non Intersection,No Control,Clear,"Dusk, artificial",Dry,1,Pedestrian Collisions,Truck Driver,45 to 49,North,Going Ahead,Driving Properly,Inattentive,Unknown,Unknown,Unknown,Unknown,Yes,No,Malvern West,D42
12/10/2020 10:00:00 AM,2344,MARTIN GROVE RD,GIHON SPRING DR,Minor Arterial,Etobicoke York,43.754725,-79.600589,Non Intersection,No Control,Clear,"Dark, artificial",Dry,1,SMV Other,Driver,25 to 29,North,Going Ahead,Lost control,Unknown,Unknown,Unknown,Unknown,Unknown,No,No,West Humber-Clairville,D23
12/17/2020 10:00:00 AM,1141,LAWRENCE AVE E,HOWDEN RD,Major Arterial,Scarborough,43.746749,-79.287921,At Intersection,Traffic Signal,Clear,Daylight,Dry,1,Pedestrian Collisions,Truck Driver,50 to 54,South,Turning Right,Failed to Yield Right of Way,Normal,Unknown,Unknown,Unknown,Unknown,Yes,No,Wexford/Maryvale,D41
12/17/2020 10:00:00 AM,1141,LAWRENCE AVE E,HOWDEN RD,Major Arterial,Scarborough,43.746749,-79.287921,At Intersection,Traffic Signal,Clear,Daylight,Dry,1,Pedestrian Collisions,Pedestrian,40 to 44,North,Unknown,Unknown,Unknown,Vehicle turns right while ped crosses with ROW at inter.,Crossing with right of way,Normal,Unknown,Yes,No,Wexford/Maryvale,D41
12/17/2020 10:00:00 AM,1550,168 CLONMORE DR,Unknown,Minor Arterial,Scarborough,43.690203,-79.277072,Non Intersection,No Control,Clear,Daylight,Dry,1,Pedestrian Collisions,Pedestrian,30 to 34,Unknown,Unknown,Unknown,Unknown,Pedestrian hit at mid-block,Playing or Working on Highway,Normal,Unknown,Yes,No,Birchcliffe-Cliffside,D41
12/17/2020 10:00:00 AM,1550,168 CLONMORE DR,Unknown,Minor Arterial,Scarborough,43.690203,-79.277072,Non Intersection,No Control,Clear,Daylight,Dry,1,Pedestrian Collisions,Driver,20 to 24,West,Going Ahead,Failed to Yield Right of Way,Inattentive,Unknown,Unknown,Unknown,Unknown,Yes,No,Birchcliffe-Cliffside,D41
12/30/2020 10:00:00 AM,1721,KENNEDY RD,SHEPPARD AVE E,Major Arterial,Scarborough,43.783213,-79.288211,Intersection Related,Traffic Signal,Rain,"Dark, artificial",Wet,1,Pedestrian Collisions,Driver,35 to 39,North,Going Ahead,Other,Unknown,Unknown,Unknown,Unknown,Unknown,Yes,No,Agincourt South-Malvern West,D42
12/30/2020 10:00:00 AM,1721,KENNEDY RD,SHEPPARD AVE E,Major Arterial,Scarborough,43.783213,-79.288211,Intersection Related,Traffic Signal,Rain,"Dark, artificial",Wet,1,Pedestrian Collisions,Pedestrian,55 to 59,Unknown,Unknown,Unknown,Unknown,Vehicle is going straight thru inter.while ped cross without ROW,Crossing marked crosswalk without ROW,Unknown,Unknown,Yes,No,Agincourt South-Malvern West,D42
1/1/2021 10:00:00 AM,1129,KEELE ST,SHEPPARD AVE W,Major Arterial,North York,43.744704,-79.486408,Non Intersection,Traffic Signal,Clear,Daylight,Dry,1,Angle,Driver,20 to 24,North,Going Ahead,Exceeding Speed Limit,Unknown,Unknown,Unknown,Unknown,Unknown,No,Yes,Downsview,D31
1/1/2021 10:00:00 AM,1129,KEELE ST,SHEPPARD AVE W,Major Arterial,North York,43.744704,-79.486408,Non Intersection,Traffic Signal,Clear,Daylight,Dry,1,Angle,Driver,40 to 44,South,Stopped,Driving Properly,Normal,Unknown,Unknown,Unknown,Unknown,No,Yes,Downsview,D31
1/1/2021 10:00:00 AM,1129,KEELE ST,SHEPPARD AVE W,Major Arterial,North York,43.744704,-79.486408,Non Intersection,Traffic Signal,Clear,Daylight,Dry,1,Angle,Passenger,35 to 39,Unknown,Unknown,Unknown,Unknown,Unknown,Unknown,Unknown,Unknown,No,Yes,Downsview,D31
1/1/2021 10:00:00 AM,1129,KEELE ST,SHEPPARD AVE W,Major Arterial,North York,43.744704,-79.486408,Non Intersection,Traffic Signal,Clear,Daylight,Dry,1,Angle,Passenger,10 to 14,Unknown,Unknown,Unknown,Unknown,Unknown,Unknown,Unknown,Unknown,No,Yes,Downsview,D31
1/1/2021 10:00:00 AM,1129,KEELE ST,SHEPPARD AVE W,Major Arterial,North York,43.744704,-79.486408,Non Intersection,Traffic Signal,Clear,Daylight,Dry,1,Angle,Passenger,5 to 9,Unknown,Unknown,Unknown,Unknown,Unknown,Unknown,Unknown,Unknown,No,Yes,Downsview,D31
1/1/2021 10:00:00 AM,1129,KEELE ST,SHEPPARD AVE W,Major Arterial,North York,43.744704,-79.486408,Non Intersection,Traffic Signal,Clear,Daylight,Dry,1,Angle,Driver,65 to 69,West,Going Ahead,Driving Properly,Normal,Unknown,Unknown,Unknown,Unknown,No,Yes,Downsview,D31
1/12/2021 10:00:00 AM,1903,FINCH AVE W,KIPLING AVE,Major Arterial,Etobicoke York,43.744063,-79.577297,Non Intersection,No Control,Clear,"Dark, artificial",Wet,1,Pedestrian Collisions,Pedestrian,40 to 44,North,Unknown,Unknown,Unknown,Pedestrian hit at mid-block,"Crossing, no Traffic Control",Unknown,Unknown,Yes,No,Thistletown-Beaumond Heights,D23
1/12/2021 10:00:00 AM,1903,FINCH AVE W,KIPLING AVE,Major Arterial,Etobicoke York,43.744063,-79.577297,Non Intersection,No Control,Clear,"Dark, artificial",Wet,1,Pedestrian Collisions,Driver,60 to 64,East,Going Ahead,Driving Properly,Normal,Unknown,Unknown,Unknown,Unknown,Yes,No,Thistletown-Beaumond Heights,D23
3/25/2021 8:00:00 AM,2300,VICTORIA PARK AVE,SPARKS AVE,Major Arterial,Scarborough,43.808455,-79.338275,At/Near Private Drive,No Control,Rain,"Dark, artificial",Wet,1,Pedestrian Collisions,Pedestrian,30 to 34,West,Unknown,Unknown,Unknown,Pedestrian hit at mid-block,"Crossing, no Traffic Control",Inattentive,Unknown,Yes,No,Steeles,D42
3/25/2021 8:00:00 AM,2300,VICTORIA PARK AVE,SPARKS AVE,Major Arterial,Scarborough,43.808455,-79.338275,At/Near Private Drive,No Control,Rain,"Dark, artificial",Wet,1,Pedestrian Collisions,Driver,45 to 49,North,Going Ahead,Driving Properly,Normal,Unknown,Unknown,Unknown,Unknown,Yes,No,Steeles,D42
4/15/2021 8:00:00 AM,1530,FINCH AVE W,SENTINEL RD,Major Arterial,North York,43.760363,-79.502773,Non Intersection,No Control,Clear,Daylight,Dry,1,Pedestrian Collisions,Pedestrian,45 to 49,South,Unknown,Unknown,Unknown,Pedestrian hit at mid-block,"Crossing, no Traffic Control",Normal,Unknown,Yes,No,York University Heights,D31
4/15/2021 8:00:00 AM,1530,FINCH AVE W,SENTINEL RD,Major Arterial,North York,43.760363,-79.502773,Non Intersection,No Control,Clear,Daylight,Dry,1,Pedestrian Collisions,Truck Driver,55 to 59,West,Going Ahead,Driving Properly,Normal,Unknown,Unknown,Unknown,Unknown,Yes,No,York University Heights,D31
4/21/2021 8:00:00 AM,2305,DUNDAS ST W,AUGUSTA AVE,Major Arterial,Toronto and East York,43.652201,-79.401103,Intersection Related,No Control,Clear,"Dark, artificial",Dry,1,SMV Unattended Vehicle,Driver,30 to 34,East,Going Ahead,Exceeding Speed Limit,Unknown,Unknown,Unknown,Unknown,Unknown,No,Yes,Kensington-Chinatown,D14
4/21/2021 8:00:00 AM,2305,DUNDAS ST W,AUGUSTA AVE,Major Arterial,Toronto and East York,43.652201,-79.401103,Intersection Related,No Control,Clear,"Dark, artificial",Dry,1,SMV Unattended Vehicle,Driver,30 to 34,East,Going Ahead,Driving Properly,Normal,Unknown,Unknown,Unknown,Unknown,No,Yes,Kensington-Chinatown,D14
4/21/2021 8:00:00 AM,2305,DUNDAS ST W,AUGUSTA AVE,Major Arterial,Toronto and East York,43.652201,-79.401103,Intersection Related,No Control,Clear,"Dark, artificial",Dry,1,SMV Unattended Vehicle,Passenger,35 to 39,Unknown,Unknown,Unknown,Unknown,Unknown,Unknown,Unknown,Unknown,No,Yes,Kensington-Chinatown,D14
4/27/2021 8:00:00 AM,1510,MAIN ST,DANFORTH AVE,Major Arterial,Toronto and East York,43.688071,-79.301791,At Intersection,Traffic Signal,Clear,Daylight,Dry,1,Pedestrian Collisions,Driver,50 to 54,North,Turning Right,Improper Turn,Inattentive,Unknown,Unknown,Unknown,Unknown,Yes,No,East End-Danforth,D55
4/27/2021 8:00:00 AM,1510,MAIN ST,DANFORTH AVE,Major Arterial,Toronto and East York,43.688071,-79.301791,At Intersection,Traffic Signal,Clear,Daylight,Dry,1,Pedestrian Collisions,Wheelchair,80 to 84,North,Unknown,Unknown,Unknown,Vehicle turns right while ped crosses with ROW at inter.,Crossing with right of way,Normal,Unknown,Yes,No,East End-Danforth,D55
5/20/2021 8:00:00 AM,1438,KINGSTON RD,DORSET RD,Major Arterial,Scarborough,43.724314,-79.233272,At Intersection,No Control,Clear,Daylight,Dry,1,Pedestrian Collisions,Wheelchair,65 to 69,East,Making U Turn,Unknown,Unknown,Vehicle is going straight thru inter.while ped cross without ROW,Crossing without right of way,Inattentive,Unknown,Yes,No,Cliffcrest,D43
5/20/2021 8:00:00 AM,1438,KINGSTON RD,DORSET RD,Major Arterial,Scarborough,43.724314,-79.233272,At Intersection,No Control,Clear,Daylight,Dry,1,Pedestrian Collisions,Driver,30 to 34,West,Going Ahead,Driving Properly,Normal,Unknown,Unknown,Unknown,Unknown,Yes,No,Cliffcrest,D43
5/21/2021 8:00:00 AM,325,DUNDAS ST E,SHERBOURNE ST,Major Arterial,Toronto and East York,43.658202,-79.371028,Non Intersection,No Control,Clear,"Dark, artificial",Dry,1,Pedestrian Collisions,Pedestrian,55 to 59,South,Unknown,Unknown,Unknown,Pedestrian hit at mid-block,"Crossing, no Traffic Control",Inattentive,Unknown,Yes,No,Moss Park,D51
5/21/2021 8:00:00 AM,325,DUNDAS ST E,SHERBOURNE ST,Major Arterial,Toronto and East York,43.658202,-79.371028,Non Intersection,No Control,Clear,"Dark, artificial",Dry,1,Pedestrian Collisions,Driver,20 to 24,West,Going Ahead,Driving Properly,Normal,Unknown,Unknown,Unknown,Unknown,Yes,No,Moss Park,D51
5/31/2021 8:00:00 AM,2240,DON VALLEY PARKWAY  S,DON MILLS RD,Expressway,North York,43.698252,-79.340442,Non Intersection,No Control,Clear,"Dark, artificial",Dry,1,SMV Other,Motorcycle Passenger,35 to 39,Unknown,Unknown,Unknown,Unknown,Unknown,Unknown,Unknown,Unknown,No,No,Old East York,D55
5/31/2021 8:00:00 AM,2240,DON VALLEY PARKWAY  S,DON MILLS RD,Expressway,North York,43.698252,-79.340442,Non Intersection,No Control,Clear,"Dark, artificial",Dry,1,SMV Other,Motorcycle Driver,35 to 39,South,Changing Lanes,Lost control,Unknown,Unknown,Unknown,Unknown,Unknown,No,No,Old East York,D55
5/31/2021 8:00:00 AM,2240,DON VALLEY PARKWAY  S,DON MILLS RD,Expressway,North York,43.698252,-79.340442,Non Intersection,No Control,Clear,"Dark, artificial",Dry,1,SMV Other,Motorcycle Driver,40 to 44,South,Changing Lanes,Lost control,Unknown,Unknown,Unknown,Unknown,Unknown,No,No,Old East York,D55
6/13/2021 8:00:00 AM,1315,VICTORIA PARK AVE,FINCH AVE E,Major Arterial,Scarborough,43.793036,-79.331371,At Intersection,Traffic Signal,Clear,Daylight,Dry,1,Pedestrian Collisions,Driver,unknown,East,Going Ahead,Other,Unknown,Unknown,Unknown,Unknown,Unknown,Yes,No,L'Amoreaux West,D42
6/13/2021 8:00:00 AM,1315,VICTORIA PARK AVE,FINCH AVE E,Major Arterial,Scarborough,43.793036,-79.331371,At Intersection,Traffic Signal,Clear,Daylight,Dry,1,Pedestrian Collisions,Pedestrian,65 to 69,North,Going Ahead,Unknown,Unknown,Vehicle is going straight thru inter.while ped cross without ROW,Other,Unknown,Unknown,Yes,No,L'Amoreaux West,D42
6/18/2021 8:00:00 AM,1725,720 ARROW RD,Unknown,Minor Arterial,North York,43.747069,-79.529887,Non Intersection,No Control,Clear,Daylight,Dry,1,Approaching,Motorcycle Driver,60 to 64,South,Going Ahead,Improper Passing,Unknown,Unknown,Unknown,Unknown,Unknown,No,No,Humbermede,D31
6/18/2021 8:00:00 AM,1725,720 ARROW RD,Unknown,Minor Arterial,North York,43.747069,-79.529887,Non Intersection,No Control,Clear,Daylight,Dry,1,Approaching,Driver,30 to 34,North,Going Ahead,Driving Properly,Normal,Unknown,Unknown,Unknown,Unknown,No,No,Humbermede,D31
6/18/2021 8:00:00 AM,1725,720 ARROW RD,Unknown,Minor Arterial,North York,43.747069,-79.529887,Non Intersection,No Control,Clear,Daylight,Dry,1,Approaching,Driver,65 to 69,North,Going Ahead,Driving Properly,Normal,Unknown,Unknown,Unknown,Unknown,No,No,Humbermede,D31
6/19/2021 8:00:00 AM,2219,LAKE SHORE BLVD W,FORTY SECOND ST,Major Arterial,Etobicoke York,43.589678,-79.545596,At Intersection,Stop Sign,Clear,"Dark, artificial",Dry,1,Turning Movement,Driver,30 to 34,North,Turning Left,Driving Properly,Normal,Unknown,Unknown,Unknown,Unknown,No,No,Long Branch,D22
6/19/2021 8:00:00 AM,2219,LAKE SHORE BLVD W,FORTY SECOND ST,Major Arterial,Etobicoke York,43.589678,-79.545596,At Intersection,Stop Sign,Clear,"Dark, artificial",Dry,1,Turning Movement,Motorcycle Driver,35 to 39,East,Going Ahead,Other,Unknown,Unknown,Unknown,Unknown,Unknown,No,No,Long Branch,D22
6/21/2021 8:00:00 AM,1842,FINCH AVE E,KENNETH AVE,Major Arterial,North York,43.780165,-79.413295,Non Intersection,No Control,Clear,Daylight,Dry,1,Rear End,Driver,75 to 79,West,Going Ahead,Lost control,Unknown,Unknown,Unknown,Unknown,Unknown,No,No,Yonge-Doris,D32
6/21/2021 8:00:00 AM,1842,FINCH AVE E,KENNETH AVE,Major Arterial,North York,43.780165,-79.413295,Non Intersection,No Control,Clear,Daylight,Dry,1,Rear End,Driver,60 to 64,West,Going Ahead,Driving Properly,Normal,Unknown,Unknown,Unknown,Unknown,No,No,Yonge-Doris,D32
6/21/2021 8:00:00 AM,1842,FINCH AVE E,KENNETH AVE,Major Arterial,North York,43.780165,-79.413295,Non Intersection,No Control,Clear,Daylight,Dry,1,Rear End,Passenger,75 to 79,Unknown,Unknown,Unknown,Unknown,Unknown,Unknown,Unknown,Unknown,No,No,Yonge-Doris,D32
6/21/2021 8:00:00 AM,1842,FINCH AVE E,KENNETH AVE,Major Arterial,North York,43.780165,-79.413295,Non Intersection,No Control,Clear,Daylight,Dry,1,Rear End,Passenger,60 to 64,Unknown,Unknown,Unknown,Unknown,Unknown,Unknown,Unknown,Unknown,No,No,Yonge-Doris,D32
6/26/2021 8:00:00 AM,1004,HUNTINGWOOD DR,COLINAYRE CRES,Minor Arterial,Scarborough,43.794505,-79.295528,At Intersection,No Control,Clear,Daylight,Dry,1,SMV Other,Motorcycle Driver,55 to 59,East,Going Ahead,Lost control,Unknown,Unknown,Unknown,Unknown,Unknown,No,No,Tam O'Shanter-Sullivan,D42
7/3/2021 8:00:00 AM,2233,DON VALLEY PARKWAY  S,GERRARD ST E,Expressway,Toronto and East York,43.662265,-79.355258,Non Intersection,No Control,Clear,"Dark, artificial",Dry,1,Pedestrian Collisions,Pedestrian,15 to 19,West,Unknown,Unknown,Unknown,Pedestrian hit at mid-block,"Crossing, no Traffic Control",Unknown,Unknown,Yes,No,South Riverdale,D55
7/3/2021 8:00:00 AM,2233,DON VALLEY PARKWAY  S,GERRARD ST E,Expressway,Toronto and East York,43.662265,-79.355258,Non Intersection,No Control,Clear,"Dark, artificial",Dry,1,Pedestrian Collisions,Driver,60 to 64,South,Going Ahead,Driving Properly,Normal,Unknown,Unknown,Unknown,Unknown,Yes,No,South Riverdale,D55
7/4/2021 8:00:00 AM,138,KINGSTON RD,SHEPPARD AVE E,Major Arterial,Scarborough,43.79885,-79.14619,At Intersection,Traffic Signal,Clear,"Dark, artificial",Dry,1,Angle,Driver,20 to 24,West,Going Ahead,Disobeyed Traffic Control,Normal,Unknown,Unknown,Unknown,Unknown,No,No,Centennial Scarborough,D42
7/4/2021 8:00:00 AM,138,KINGSTON RD,SHEPPARD AVE E,Major Arterial,Scarborough,43.79885,-79.14619,At Intersection,Traffic Signal,Clear,"Dark, artificial",Dry,1,Angle,Driver,60 to 64,North,Going Ahead,Driving Properly,Normal,Unknown,Unknown,Unknown,Unknown,No,No,Centennial Scarborough,D42
7/4/2021 8:00:00 AM,325,SHEPPARD AVE W,WILLIAM R ALLEN RD,Major Arterial,North York,43.750273,-79.465404,Non Intersection,No Control,Clear,Dark,Dry,1,SMV Other,Motorcycle Driver,30 to 34,East,Going Ahead,Lost control,Inattentive,Unknown,Unknown,Unknown,Unknown,No,No,Downsview,D32
7/10/2021 8:00:00 AM,2147,WINTERTON DR,LLOYD MANOR RD,Collector,Etobicoke York,43.671847,-79.555003,At Intersection,Stop Sign,Clear,"Dark, artificial",Dry,1,SMV Other,Driver,60 to 64,North,Going Ahead,Lost control,"Ability Impaired, Drugs",Unknown,Unknown,Unknown,Unknown,No,Yes,Princess-Rosethorn,D22
7/20/2021 8:00:00 AM,1611,CARLINGVIEW DR,CONSTELLATION CRT,Major Arterial,Etobicoke York,43.690688,-79.597316,At Intersection,No Control,Clear,Daylight,Dry,1,SMV Other,Driver,65 to 69,South,Going Ahead,Lost control,Unknown,Unknown,Unknown,Unknown,Unknown,No,No,West Humber-Clairville,D23
7/20/2021 8:00:00 AM,1611,CARLINGVIEW DR,CONSTELLATION CRT,Major Arterial,Etobicoke York,43.690688,-79.597316,At Intersection,No Control,Clear,Daylight,Dry,1,SMV Other,Passenger,65 to 69,Unknown,Unknown,Unknown,Unknown,Unknown,Unknown,Unknown,Unknown,No,No,West Humber-Clairville,D23
7/21/2021 8:00:00 AM,1937,27 S 427 C S RAMP,HIGHWAY 401 X  E,Expressway Ramp,Etobicoke York,43.677428,-79.577968,Non Intersection,No Control,Clear,Daylight,Dry,1,Rear End,Driver,35 to 39,South,Going Ahead,Exceeding Speed Limit,Normal,Unknown,Unknown,Unknown,Unknown,No,Yes,West Humber-Clairville,D23
7/21/2021 8:00:00 AM,1937,27 S 427 C S RAMP,HIGHWAY 401 X  E,Expressway Ramp,Etobicoke York,43.677428,-79.577968,Non Intersection,No Control,Clear,Daylight,Dry,1,Rear End,Driver,35 to 39,South,Going Ahead,Driving Properly,Normal,Unknown,Unknown,Unknown,Unknown,No,Yes,West Humber-Clairville,D23
7/21/2021 8:00:00 AM,1937,27 S 427 C S RAMP,HIGHWAY 401 X  E,Expressway Ramp,Etobicoke York,43.677428,-79.577968,Non Intersection,No Control,Clear,Daylight,Dry,1,Rear End,Passenger,35 to 39,Unknown,Unknown,Unknown,Unknown,Unknown,Unknown,Unknown,Unknown,No,Yes,West Humber-Clairville,D23
7/21/2021 8:00:00 AM,1937,27 S 427 C S RAMP,HIGHWAY 401 X  E,Expressway Ramp,Etobicoke York,43.677428,-79.577968,Non Intersection,No Control,Clear,Daylight,Dry,1,Rear End,Passenger,35 to 39,Unknown,Unknown,Unknown,Unknown,Unknown,Unknown,Unknown,Unknown,No,Yes,West Humber-Clairville,D23
7/23/2021 8:00:00 AM,2110,2472 KINGSTON RD,Unknown,Major Arterial,Scarborough,43.709796,-79.249019,Non Intersection,Unknown,Clear,"Dark, artificial",Dry,1,Pedestrian Collisions,Pedestrian,70 to 74,Unknown,Unknown,Unknown,Unknown,Pedestrian hit at mid-block,"Crossing, no Traffic Control",Inattentive,Unknown,Yes,Yes,Birchcliffe-Cliffside,D41
7/23/2021 8:00:00 AM,2110,2472 KINGSTON RD,Unknown,Major Arterial,Scarborough,43.709796,-79.249019,Non Intersection,Unknown,Clear,"Dark, artificial",Dry,1,Pedestrian Collisions,Driver,20 to 24,West,Going Ahead,Exceeding Speed Limit,Normal,Unknown,Unknown,Unknown,Unknown,Yes,Yes,Birchcliffe-Cliffside,D41
7/29/2021 8:00:00 AM,1522,751 KIPLING AVE,Unknown,Major Arterial,Etobicoke York,43.627307,-79.529269,At/Near Private Drive,No Control,Clear,Daylight,Dry,1,Turning Movement,Motorcycle Driver,35 to 39,North,Going Ahead,Exceeding Speed Limit,Unknown,Unknown,Unknown,Unknown,Unknown,No,Yes,Etobicoke City Centre,D22
7/29/2021 8:00:00 AM,1522,751 KIPLING AVE,Unknown,Major Arterial,Etobicoke York,43.627307,-79.529269,At/Near Private Drive,No Control,Clear,Daylight,Dry,1,Turning Movement,Driver,15 to 19,West,Turning Left,Failed to Yield Right of Way,Inattentive,Unknown,Unknown,Unknown,Unknown,No,Yes,Etobicoke City Centre,D22
8/5/2021 8:00:00 AM,2302,DUFFERIN ST,RANEE AVE,Major Arterial,North York,43.721545,-79.456371,At Intersection,Traffic Signal,Clear,"Dark, artificial",Dry,1,Turning Movement,Motorcycle Driver,15 to 19,North,Going Ahead,Disobeyed Traffic Control,Unknown,Unknown,Unknown,Unknown,Unknown,No,No,Yorkdale-Glen Park,D32
8/5/2021 8:00:00 AM,2302,DUFFERIN ST,RANEE AVE,Major Arterial,North York,43.721545,-79.456371,At Intersection,Traffic Signal,Clear,"Dark, artificial",Dry,1,Turning Movement,Driver,25 to 29,South,Turning Left,Driving Properly,"Ability Impaired, Alcohol",Unknown,Unknown,Unknown,Unknown,No,No,Yorkdale-Glen Park,D32
8/14/2021 8:00:00 AM,243,BLOOR ST W,EAGLE RD,Major Arterial,Etobicoke York,43.645354,-79.520053,Non Intersection,No Control,Clear,"Dark, artificial",Dry,1,Pedestrian Collisions,Passenger,20 to 24,Unknown,Unknown,Unknown,Unknown,Unknown,Unknown,Unknown,Unknown,No,Yes,Stonegate-Queensway,D22
8/14/2021 8:00:00 AM,243,BLOOR ST W,EAGLE RD,Major Arterial,Etobicoke York,43.645354,-79.520053,Non Intersection,No Control,Clear,"Dark, artificial",Dry,1,Pedestrian Collisions,Driver,20 to 24,West,Going Ahead,Speed too Fast For Condition,Inattentive,Unknown,Unknown,Unknown,Unknown,No,Yes,Stonegate-Queensway,D22
8/15/2021 8:00:00 AM,1415,DON VALLEY PARKWAY  N,BAYVIEW BLOOR DVP N RAMP,Expressway,Scarborough,43.690997,-79.359271,Non Intersection,No Control,Clear,Daylight,Dry,1,Rear End,Motorcycle Driver,20 to 24,North,Going Ahead,Speed too Fast For Condition,Unknown,Unknown,Unknown,Unknown,Unknown,No,Yes,Broadview North,D55
8/15/2021 8:00:00 AM,1415,DON VALLEY PARKWAY  N,BAYVIEW BLOOR DVP N RAMP,Expressway,Scarborough,43.690997,-79.359271,Non Intersection,No Control,Clear,Daylight,Dry,1,Rear End,Truck Driver,20 to 24,North,Going Ahead,Driving Properly,Normal,Unknown,Unknown,Unknown,Unknown,No,Yes,Broadview North,D55
8/15/2021 8:00:00 AM,1415,DON VALLEY PARKWAY  N,BAYVIEW BLOOR DVP N RAMP,Expressway,Scarborough,43.690997,-79.359271,Non Intersection,No Control,Clear,Daylight,Dry,1,Rear End,Passenger,30 to 34,Unknown,Unknown,Unknown,Unknown,Unknown,Unknown,Unknown,Unknown,No,Yes,Broadview North,D55
8/18/2021 8:00:00 AM,1442,YONGE ST,FINCH AVE E,Major Arterial,North York,43.779765,-79.415546,At Intersection,Traffic Signal,Clear,Daylight,Dry,1,Pedestrian Collisions,Pedestrian,80 to 84,East,Unknown,Unknown,Unknown,Vehicle turns left while ped crosses with ROW at inter.,Crossing with right of way,Normal,Unknown,Yes,No,Yonge-Doris,D32
8/18/2021 8:00:00 AM,1442,YONGE ST,FINCH AVE E,Major Arterial,North York,43.779765,-79.415546,At Intersection,Traffic Signal,Clear,Daylight,Dry,1,Pedestrian Collisions,Unknown,55 to 59,Unknown,Unknown,Unknown,Unknown,Unknown,Unknown,Unknown,Unknown,Yes,No,Yonge-Doris,D32
8/18/2021 8:00:00 AM,1810,AVENUE RD,BLOOR ST W,Major Arterial,North York,43.668646,-79.394099,Non Intersection,No Control,Clear,Daylight,Dry,1,Cyclist Collisions,Cyclist,15 to 19,North,Going Ahead,Unknown,Unknown,Unknown,Unknown,Unknown,Cyclist and Driver travelling in same direction. One vehicle rear-ended the other.,No,No,Bay-Cloverhill,D52
8/18/2021 8:00:00 AM,1810,AVENUE RD,BLOOR ST W,Major Arterial,North York,43.668646,-79.394099,Non Intersection,No Control,Clear,Daylight,Dry,1,Cyclist Collisions,Truck Driver,50 to 54,North,Going Ahead,Improper Passing,Inattentive,Unknown,Unknown,Unknown,Unknown,No,No,Bay-Cloverhill,D52
8/20/2021 8:00:00 AM,2020,NEILSON RD,OAKMEADOW BLVD,Minor Arterial,Scarborough,43.79032,-79.212337,Non Intersection,No Control,Clear,Daylight,Dry,1,Pedestrian Collisions,Pedestrian,30 to 34,Unknown,Unknown,Unknown,Unknown,Pedestrian hit at mid-block,Other,Medical or Physical Disability,Unknown,Yes,No,Morningside,D43
8/20/2021 8:00:00 AM,2020,NEILSON RD,OAKMEADOW BLVD,Minor Arterial,Scarborough,43.79032,-79.212337,Non Intersection,No Control,Clear,Daylight,Dry,1,Pedestrian Collisions,Driver,50 to 54,South,Going Ahead,Other,Normal,Unknown,Unknown,Unknown,Unknown,Yes,No,Morningside,D43