DATE,TIME,STREET1,STREET2,ROAD_CLASS,DISTRICT,LATITUDE,LONGITUDE,ACCLOC,TRAFFCTL,VISIBILITY,LIGHT,RDSFCOND,ACCLASS,IMPACTYPE,INVTYPE,INVAGE,INITDIR,MANOEUVER,DRIVACT,DRIVCOND,PEDTYPE,PEDACT,PEDCOND,CYCLISTYPE,PEDESTRIAN,SPEEDING,NEIGHBOURHOOD_158,DIVISION
5/1/2023 8:00:00 AM,1055,BRIMLEY RD,LAWRENCE AVE E,Major Arterial,Scarborough,43.753455,-79.255328,At Intersection,Traffic Signal,Clear,Daylight,Dry,1,Turning Movement,Driver,15 to 19,West,Going Ahead,Exceeding Speed Limit,Normal,Unknown,Unknown,Unknown,Unknown,No,Yes,Bendale South,D43
5/1/2023 8:00:00 AM,1055,BRIMLEY RD,LAWRENCE AVE E,Major Arterial,Scarborough,43.753455,-79.255328,At Intersection,Traffic Signal,Clear,Daylight,Dry,1,Turning Movement,Passenger,15 to 19,West,Unknown,Unknown,Unknown,Unknown,Unknown,Unknown,Unknown,No,Yes,Bendale South,D43
5/1/2023 8:00:00 AM,1055,BRIMLEY RD,LAWRENCE AVE E,Major Arterial,Scarborough,43.753455,-79.255328,At Intersection,Traffic Signal,Clear,Daylight,Dry,1,Turning Movement,Passenger,15 to 19,West,Unknown,Unknown,Unknown,Unknown,Unknown,Unknown,Unknown,No,Yes,Bendale South,D43
5/7/2023 8:00:00 AM,35,MARKHAM RD,SHEPPARD AVE E,Major Arterial,Scarborough,43.793566,-79.239902,Non Intersection,No Control,Clear,Dark,Dry,1,Pedestrian Collisions,Pedestrian,55 to 59,South,Unknown,Unknown,Unknown,Pedestrian hit at mid-block,Crossing without right of way,Other,Unknown,Yes,No,Agincourt South-Malvern West,D42
5/7/2023 8:00:00 AM,35,MARKHAM RD,SHEPPARD AVE E,Major Arterial,Scarborough,43.793566,-79.239902,Non Intersection,No Control,Clear,Dark,Dry,1,Pedestrian Collisions,Driver,20 to 24,West,Going Ahead,Failed to Yield Right of Way,Other,Unknown,Unknown,Unknown,Unknown,Yes,No,Agincourt South-Malvern West,D42
5/13/2023 8:00:00 AM,2212,FINCH AVE W,CHAMPAGNE DR,Major Arterial,North York,43.767756,-79.471439,Intersection Related,Traffic Signal,Clear,"Dark, artificial",Dry,1,Turning Movement,Driver,40 to 44,West,Turning Left,Failed to Yield Right of Way,Normal,Unknown,Unknown,Unknown,Unknown,No,No,York University Heights,D32
5/13/2023 8:00:00 AM,2212,FINCH AVE W,CHAMPAGNE DR,Major Arterial,North York,43.767756,-79.471439,Intersection Related,Traffic Signal,Clear,"Dark, artificial",Dry,1,Turning Movement,Motorcycle Driver,55 to 59,East,Going Ahead,Unknown,Unknown,Unknown,Unknown,Unknown,Unknown,No,No,York University Heights,D32
5/28/2023 8:00:00 AM,1330,GREENHOLM CRCT,LAWRENCE AVE E,Major Arterial,Scarborough,43.760241,-79.222949,At Intersection,Traffic Signal,Clear,Daylight,Dry,1,Turning Movement,Motorcycle Driver,20 to 24,East,Going Ahead,Speed too Fast For Condition,Other,Unknown,Unknown,Unknown,Unknown,No,Yes,Golfdale-Cedarbrae-Woburn,D43
5/28/2023 8:00:00 AM,1330,GREENHOLM CRCT,LAWRENCE AVE E,Major Arterial,Scarborough,43.760241,-79.222949,At Intersection,Traffic Signal,Clear,Daylight,Dry,1,Turning Movement,Driver,50 to 54,West,Turning Left,Failed to Yield Right of Way,Normal,Unknown,Unknown,Unknown,Unknown,No,Yes,Golfdale-Cedarbrae-Woburn,D43
5/28/2023 8:00:00 AM,1927,SCARLETT RD,LOCKHEED BLVD,Major Arterial,Etobicoke York,43.699637,-79.525035,At Intersection,No Control,Clear,Daylight,Dry,1,Cyclist Collisions,Driver,20 to 24,North,Changing Lanes,Other,Normal,Unknown,Unknown,Unknown,Unknown,No,No,Humber Heights-Westmount,D23
5/28/2023 8:00:00 AM,1927,SCARLETT RD,LOCKHEED BLVD,Major Arterial,Etobicoke York,43.699637,-79.525035,At Intersection,No Control,Clear,Daylight,Dry,1,Cyclist Collisions,Passenger,20 to 24,North,Unknown,Unknown,Unknown,Unknown,Unknown,Unknown,Unknown,No,No,Humber Heights-Westmount,D23
5/28/2023 8:00:00 AM,1927,SCARLETT RD,LOCKHEED BLVD,Major Arterial,Etobicoke York,43.699637,-79.525035,At Intersection,No Control,Clear,Daylight,Dry,1,Cyclist Collisions,Cyclist,30 to 34,North,Turning Left,Unknown,Unknown,Unknown,Unknown,Unknown,Cyclist and Driver travelling in same direction. One vehicle sideswipes the other.,No,No,Humber Heights-Westmount,D23
6/6/2023 8:00:00 AM,731,MOUNT PLEASANT BLOOR RAMP,MOUNT PLEASANT RD,Major Arterial,Toronto and East York,43.672358,-79.379527,Other,Stop Sign,Clear,Daylight,Dry,1,Pedestrian Collisions,Pedestrian,25 to 29,North,Unknown,Unknown,Unknown,Vehicle turns right while ped crosses with ROW at inter.,Crossing with right of way,Normal,Unknown,Yes,No,Rosedale-Moore Park,D53
6/6/2023 8:00:00 AM,731,MOUNT PLEASANT BLOOR RAMP,MOUNT PLEASANT RD,Major Arterial,Toronto and East York,43.672358,-79.379527,Other,Stop Sign,Clear,Daylight,Dry,1,Pedestrian Collisions,Driver,25 to 29,West,Merging,Failed to Yield Right of Way,Other,Unknown,Unknown,Unknown,Unknown,Yes,No,Rosedale-Moore Park,D53
6/14/2023 8:00:00 AM,1235,EGLINTON AVE E,MASON RD,Major Arterial,Scarborough,43.741721,-79.225124,Intersection Related,Traffic Signal,Clear,Daylight,Dry,1,Pedestrian Collisions,Pedestrian,65 to 69,North,Unknown,Unknown,Unknown,Vehicle turns right while ped crosses with ROW at inter.,Crossing with right of way,Normal,Unknown,Yes,No,Scarborough Village,D43
6/14/2023 8:00:00 AM,1235,EGLINTON AVE E,MASON RD,Major Arterial,Scarborough,43.741721,-79.225124,Intersection Related,Traffic Signal,Clear,Daylight,Dry,1,Pedestrian Collisions,Driver,65 to 69,East,Turning Right,Failed to Yield Right of Way,Normal,Unknown,Unknown,Unknown,Unknown,Yes,No,Scarborough Village,D43
6/24/2023 8:00:00 AM,31,GARDINER E LOWER JARVIS RAMP,LOWER JARVIS ST,Expressway Ramp,Toronto and East York,43.645449,-79.369914,Non Intersection,No Control,Clear,"Dark, artificial",Dry,1,Pedestrian Collisions,Pedestrian,20 to 24,North,Unknown,Unknown,Unknown,Pedestrian hit at mid-block,Running onto Roadway,Normal,Unknown,Yes,No,St Lawrence-East Bayfront-The Islands,D51
6/24/2023 8:00:00 AM,31,GARDINER E LOWER JARVIS RAMP,LOWER JARVIS ST,Expressway Ramp,Toronto and East York,43.645449,-79.369914,Non Intersection,No Control,Clear,"Dark, artificial",Dry,1,Pedestrian Collisions,Driver,65 to 69,East,Going Ahead,Driving Properly,Normal,Unknown,Unknown,Unknown,Unknown,Yes,No,St Lawrence-East Bayfront-The Islands,D51
7/3/2023 8:00:00 AM,26,MORNINGSIDE AVE,MORNINGVIEW TRL,Minor Arterial,Scarborough,43.812186,-79.204555,Non Intersection,No Control,Clear,"Dark, artificial",Dry,1,Pedestrian Collisions,Pedestrian,35 to 39,West,Unknown,Unknown,Unknown,Pedestrian hit at mid-block,Crossing without right of way,Other,Unknown,Yes,No,Malvern East,D42
7/3/2023 8:00:00 AM,26,MORNINGSIDE AVE,MORNINGVIEW TRL,Minor Arterial,Scarborough,43.812186,-79.204555,Non Intersection,No Control,Clear,"Dark, artificial",Dry,1,Pedestrian Collisions,Driver,25 to 29,North,Going Ahead,Driving Properly,"Ability Impaired, Alcohol Over .08",Unknown,Unknown,Unknown,Unknown,Yes,No,Malvern East,D42
7/5/2023 8:00:00 AM,1625,DUNDAS ST W,HIGH PARK AVE,Major Arterial,Toronto and East York,43.665408,-79.470348,Intersection Related,Traffic Signal,Clear,Daylight,Dry,1,Pedestrian Collisions,Pedestrian,5 to 9,South,Unknown,Unknown,Unknown,Vehicle is going straight thru inter.while ped cross without ROW,Running onto Roadway,Normal,Unknown,Yes,No,Junction Area,D11
7/5/2023 8:00:00 AM,1625,DUNDAS ST W,HIGH PARK AVE,Major Arterial,Toronto and East York,43.665408,-79.470348,Intersection Related,Traffic Signal,Clear,Daylight,Dry,1,Pedestrian Collisions,Driver,40 to 44,West,Going Ahead,Driving Properly,Normal,Unknown,Unknown,Unknown,Unknown,Yes,No,Junction Area,D11
7/11/2023 8:00:00 AM,1353,HORNER AVE,THIRTIETH ST,Minor Arterial,Etobicoke York,43.604193,-79.533695,Intersection Related,Traffic Signal,Clear,Daylight,Dry,1,Pedestrian Collisions,Pedestrian,65 to 69,South,Unknown,Unknown,Unknown,Vehicle turns left while ped crosses with ROW at inter.,Crossing with right of way,Normal,Unknown,Yes,No,Alderwood,D22
7/11/2023 8:00:00 AM,1353,HORNER AVE,THIRTIETH ST,Minor Arterial,Etobicoke York,43.604193,-79.533695,Intersection Related,Traffic Signal,Clear,Daylight,Dry,1,Pedestrian Collisions,Driver,45 to 49,North,Turning Left,Improper Turn,Normal,Unknown,Unknown,Unknown,Unknown,Yes,No,Alderwood,D22
7/19/2023 8:00:00 AM,2037,VICTORIA PARK AVE,CLINTWOOD GT,Major Arterial,North York,43.748763,-79.312076,Intersection Related,Stop Sign,Clear,Daylight,Dry,1,SMV Other,Motorcycle Driver,35 to 39,South,Going Ahead,Exceeding Speed Limit,Unknown,Unknown,Unknown,Unknown,Unknown,No,Yes,Wexford/Maryvale,D41
7/28/2023 8:00:00 AM,2218,WARDEN AVE,ELLESMERE RD,Major Arterial,Scarborough,43.761122,-79.300716,Non Intersection,No Control,Clear,Dark,Dry,1,Pedestrian Collisions,Pedestrian,50 to 54,West,Unknown,Unknown,Unknown,Pedestrian hit at mid-block,"Crossing, no Traffic Control",Normal,Unknown,Yes,No,Wexford/Maryvale,D41
7/28/2023 8:00:00 AM,2218,WARDEN AVE,ELLESMERE RD,Major Arterial,Scarborough,43.761122,-79.300716,Non Intersection,No Control,Clear,Dark,Dry,1,Pedestrian Collisions,Driver,30 to 34,South,Going Ahead,Driving Properly,Normal,Unknown,Unknown,Unknown,Unknown,Yes,No,Wexford/Maryvale,D41
7/29/2023 8:00:00 AM,1407,DIXON RD,MARTIN GROVE RD,Major Arterial,Etobicoke York,43.691519,-79.570796,Non Intersection,Traffic Signal,Rain,Daylight,Wet,1,SMV Other,Driver,30 to 34,North,Going Ahead,Other,Other,Unknown,Unknown,Unknown,Unknown,No,No,West Humber-Clairville,D23
8/4/2023 8:00:00 AM,1848,VAUGHAN RD,ATLAS AVE,Minor Arterial,Toronto and East York,43.689055,-79.433704,Non Intersection,No Control,Clear,Daylight,Dry,1,Pedestrian Collisions,Pedestrian,80 to 84,Unknown,Unknown,Unknown,Unknown,Pedestrian hit at mid-block,"Crossing, no Traffic Control",Other,Unknown,Yes,No,Oakwood Village,D13
8/4/2023 8:00:00 AM,1848,VAUGHAN RD,ATLAS AVE,Minor Arterial,Toronto and East York,43.689055,-79.433704,Non Intersection,No Control,Clear,Daylight,Dry,1,Pedestrian Collisions,Driver,65 to 69,West,Going Ahead,Driving Properly,Normal,Unknown,Unknown,Unknown,Unknown,Yes,No,Oakwood Village,D13
9/17/2023 8:00:00 AM,1938,690 GLENCAIRN AVE,Unknown,Minor Arterial,North York,43.710311,-79.437297,Non Intersection,No Control,Clear,Dark,Dry,1,Rear End,Driver,unknown,West,Going Ahead,Unknown,Unknown,Unknown,Unknown,Unknown,Unknown,No,No,Englemount-Lawrence,D13
9/17/2023 8:00:00 AM,1938,690 GLENCAIRN AVE,Unknown,Minor Arterial,North York,43.710311,-79.437297,Non Intersection,No Control,Clear,Dark,Dry,1,Rear End,Vehicle Owner,unknown,West,Going Ahead,Unknown,Unknown,Unknown,Unknown,Unknown,Unknown,No,No,Englemount-Lawrence,D13
9/17/2023 8:00:00 AM,1938,690 GLENCAIRN AVE,Unknown,Minor Arterial,North York,43.710311,-79.437297,Non Intersection,No Control,Clear,Dark,Dry,1,Rear End,Driver,90 to 94,West,Going Ahead,Driving Properly,Normal,Unknown,Unknown,Unknown,Unknown,No,No,Englemount-Lawrence,D13
9/19/2023 8:00:00 AM,2302,KINGSTON RD,BRIMLEY RD S,Major Arterial,Scarborough,43.718154,-79.240329,At Intersection,Traffic Signal,Clear,"Dark, artificial",Dry,1,Turning Movement,Driver,40 to 44,West,Going Ahead,Improper Turn,Other,Unknown,Unknown,Unknown,Unknown,No,No,Cliffcrest,D43
9/19/2023 8:00:00 AM,2302,KINGSTON RD,BRIMLEY RD S,Major Arterial,Scarborough,43.718154,-79.240329,At Intersection,Traffic Signal,Clear,"Dark, artificial",Dry,1,Turning Movement,Motorcycle Driver,30 to 34,East,Turning Left,Driving Properly,Normal,Unknown,Unknown,Unknown,Unknown,No,No,Cliffcrest,D43
10/6/2023 8:00:00 AM,411,BURNHAMTHORPE RD,THE WEST MALL,Major Arterial,Etobicoke York,43.64448,-79.567203,At Intersection,Traffic Signal,Unknown,Unknown,Unknown,1,Pedestrian Collisions,Pedestrian,25 to 29,West,Unknown,Unknown,Unknown,Unknown,Crossing without right of way,Normal,Unknown,Yes,No,Etobicoke West Mall,D22
10/6/2023 8:00:00 AM,411,BURNHAMTHORPE RD,THE WEST MALL,Major Arterial,Etobicoke York,43.64448,-79.567203,At Intersection,Traffic Signal,Unknown,Unknown,Unknown,1,Pedestrian Collisions,Driver,40 to 44,South,Going Ahead,Driving Properly,Normal,Unknown,Unknown,Unknown,Unknown,Yes,No,Etobicoke West Mall,D22
10/6/2023 8:00:00 AM,1544,BROWNS LINE,JELLICOE AVE,Major Arterial,Etobicoke York,43.596335,-79.542819,Non Intersection,No Control,Clear,Daylight,Dry,1,Pedestrian Collisions,Pedestrian,20 to 24,West,Unknown,Unknown,Unknown,Pedestrian hit a PXO/ped. Mid-block signal,"Crossing, Pedestrian Crossover",Other,Unknown,Yes,No,Alderwood,D22
10/6/2023 8:00:00 AM,1544,BROWNS LINE,JELLICOE AVE,Major Arterial,Etobicoke York,43.596335,-79.542819,Non Intersection,No Control,Clear,Daylight,Dry,1,Pedestrian Collisions,Driver,35 to 39,North,Going Ahead,Driving Properly,Normal,Unknown,Unknown,Unknown,Unknown,Yes,No,Alderwood,D22
10/12/2023 8:00:00 AM,647,STEELES AVE E,KELVIN GROVE AVE,Major Arterial,Scarborough,43.822402,-79.312221,At Intersection,Traffic Signal,Clear,"Dark, artificial",Dry,1,Pedestrian Collisions,Pedestrian,85 to 89,North,Unknown,Unknown,Unknown,Pedestrian hit a PXO/ped. Mid-block signal,Crossing marked crosswalk without ROW,Normal,Unknown,Yes,No,Steeles,D42
10/12/2023 8:00:00 AM,647,STEELES AVE E,KELVIN GROVE AVE,Major Arterial,Scarborough,43.822402,-79.312221,At Intersection,Traffic Signal,Clear,"Dark, artificial",Dry,1,Pedestrian Collisions,Driver,55 to 59,West,Going Ahead,Driving Properly,Normal,Unknown,Unknown,Unknown,Unknown,Yes,No,Steeles,D42
10/16/2023 8:00:00 AM,1040,DAVISVILLE AVE,MOUNT PLEASANT RD,Major Arterial,Toronto and East York,43.700228,-79.386943,At Intersection,Traffic Signal,Clear,Daylight,Dry,1,Pedestrian Collisions,Pedestrian,85 to 89,East,Unknown,Unknown,Unknown,Vehicle turns right while ped crosses with ROW at inter.,Crossing with right of way,Unknown,Unknown,Yes,No,Mount Pleasant East,D53
10/16/2023 8:00:00 AM,1040,DAVISVILLE AVE,MOUNT PLEASANT RD,Major Arterial,Toronto and East York,43.700228,-79.386943,At Intersection,Traffic Signal,Clear,Daylight,Dry,1,Pedestrian Collisions,Truck Driver,25 to 29,East,Turning Right,Unknown,Unknown,Unknown,Unknown,Unknown,Unknown,Yes,No,Mount Pleasant East,D53
10/27/2023 8:00:00 AM,1944,150 WYNFORD DR,Unknown,Minor Arterial,North York,43.727255,-79.327731,Intersection Related,Traffic Signal,Rain,"Dark, artificial",Wet,1,Pedestrian Collisions,Driver,25 to 29,East,Going Ahead,Driving Properly,Normal,Unknown,Unknown,Unknown,Unknown,Yes,No,Banbury-Don Mills,D33
10/27/2023 8:00:00 AM,1944,150 WYNFORD DR,Unknown,Minor Arterial,North York,43.727255,-79.327731,Intersection Related,Traffic Signal,Rain,"Dark, artificial",Wet,1,Pedestrian Collisions,Pedestrian,70 to 74,North,Unknown,Unknown,Unknown,Vehicle is going straight thru inter.while ped cross without ROW,Crossing without right of way,Fatigue,Unknown,Yes,No,Banbury-Don Mills,D33
10/30/2023 8:00:00 AM,1014,DUFFERIN ST,RIDELLE AV,Major Arterial,Toronto and East York,43.70148,-79.4519,Intersection Related,Stop Sign,Rain,Daylight,Wet,1,Pedestrian Collisions,Pedestrian,85 to 89,Unknown,Unknown,Unknown,Unknown,Vehicle turns left while ped crosses without ROW at inter.,Crossing without right of way,Normal,Unknown,Yes,No,Briar Hill-Belgravia,D13
10/30/2023 8:00:00 AM,1014,DUFFERIN ST,RIDELLE AV,Major Arterial,Toronto and East York,43.70148,-79.4519,Intersection Related,Stop Sign,Rain,Daylight,Wet,1,Pedestrian Collisions,Pedestrian,75 to 79,Unknown,Unknown,Unknown,Unknown,Vehicle turns left while ped crosses without ROW at inter.,Crossing without right of way,Normal,Unknown,Yes,No,Briar Hill-Belgravia,D13
10/30/2023 8:00:00 AM,1014,DUFFERIN ST,RIDELLE AV,Major Arterial,Toronto and East York,43.70148,-79.4519,Intersection Related,Stop Sign,Rain,Daylight,Wet,1,Pedestrian Collisions,Driver,65 to 69,South,Turning Left,Improper Turn,Normal,Unknown,Unknown,Unknown,Unknown,Yes,No,Briar Hill-Belgravia,D13
11/7/2023 10:00:00 AM,620,KIPLING AVE,RONSON DR,Major Arterial,Etobicoke York,43.702521,-79.562328,Intersection Related,Traffic Signal,Clear,Daylight,Dry,1,Pedestrian Collisions,Driver,55 to 59,South,Going Ahead,Driving Properly,Normal,Unknown,Unknown,Unknown,Unknown,Yes,No,West Humber-Clairville,D23
11/7/2023 10:00:00 AM,620,KIPLING AVE,RONSON DR,Major Arterial,Etobicoke York,43.702521,-79.562328,Intersection Related,Traffic Signal,Clear,Daylight,Dry,1,Pedestrian Collisions,Pedestrian,30 to 34,West,Unknown,Unknown,Unknown,Vehicle is going straight thru inter.while ped cross without ROW,Crossing without right of way,Normal,Unknown,Yes,No,West Humber-Clairville,D23
11/11/2023 10:00:00 AM,303,FGX W,B AMD DUNN AV,Expressway,Etobicoke York,43.632697,-79.433368,Non Intersection,No Control,Clear,"Dark, artificial",Dry,1,SMV Other,Driver,20 to 24,West,Going Ahead,Exceeding Speed Limit,"Ability Impaired, Alcohol Over .08",Unknown,Unknown,Unknown,Unknown,No,Yes,South Parkdale,D14
11/11/2023 10:00:00 AM,303,FGX W,B AMD DUNN AV,Expressway,Etobicoke York,43.632697,-79.433368,Non Intersection,No Control,Clear,"Dark, artificial",Dry,1,SMV Other,Passenger,20 to 24,Unknown,Unknown,Unknown,Unknown,Unknown,Unknown,Unknown,Unknown,No,Yes,South Parkdale,D14
11/11/2023 10:00:00 AM,303,FGX W,B AMD DUNN AV,Expressway,Etobicoke York,43.632697,-79.433368,Non Intersection,No Control,Clear,"Dark, artificial",Dry,1,SMV Other,Passenger,20 to 24,Unknown,Unknown,Unknown,Unknown,Unknown,Unknown,Unknown,Unknown,No,Yes,South Parkdale,D14
11/11/2023 10:00:00 AM,303,FGX W,B AMD DUNN AV,Expressway,Etobicoke York,43.632697,-79.433368,Non Intersection,No Control,Clear,"Dark, artificial",Dry,1,SMV Other,Passenger,25 to 29,Unknown,Unknown,Unknown,Unknown,Unknown,Unknown,Unknown,Unknown,No,Yes,South Parkdale,D14
11/13/2023 10:00:00 AM,1033,DUFFERIN ST,EGLINTON AVE W,Major Arterial,North York,43.69562,-79.450237,Intersection Related,Traffic Signal,Unknown,Unknown,Unknown,1,Pedestrian Collisions,Truck Driver,30 to 34,West,Unknown,Failed to Yield Right of Way,Unknown,Unknown,Unknown,Unknown,Unknown,Yes,No,Oakwood Village,D13
11/13/2023 10:00:00 AM,1033,DUFFERIN ST,EGLINTON AVE W,Major Arterial,North York,43.69562,-79.450237,Intersection Related,Traffic Signal,Unknown,Unknown,Unknown,1,Pedestrian Collisions,Pedestrian,50 to 54,East,Unknown,Unknown,Unknown,Vehicle turns left while ped crosses with ROW at inter.,Crossing with right of way,Normal,Unknown,Yes,No,Oakwood Village,D13
11/13/2023 10:00:00 AM,1330,FINCH AVE E,WARDEN AVE,Major Arterial,Scarborough,43.796702,-79.315723,Unknown,Traffic Signal,Clear,Daylight,Dry,1,Turning Movement,Driver,50 to 54,North,Making U Turn,Failed to Yield Right of Way,Inattentive,Unknown,Unknown,Unknown,Unknown,No,No,East L'Amoreaux,D42
11/13/2023 10:00:00 AM,1330,FINCH AVE E,WARDEN AVE,Major Arterial,Scarborough,43.796702,-79.315723,Unknown,Traffic Signal,Clear,Daylight,Dry,1,Turning Movement,Motorcycle Driver,30 to 34,North,Going Ahead,Driving Properly,Normal,Unknown,Unknown,Unknown,Unknown,No,No,East L'Amoreaux,D42
11/14/2023 10:00:00 AM,642,WELLINGTON ST E,SCOTT ST,Minor Arterial,Scarborough,43.648081,-79.37601,Intersection Related,Traffic Signal,Clear,"Dark, artificial",Dry,1,Pedestrian Collisions,Passenger,30 to 34,Unknown,Unknown,Unknown,Unknown,Unknown,Unknown,Unknown,Unknown,Yes,No,Downtown Yonge East,D51
11/14/2023 10:00:00 AM,642,WELLINGTON ST E,SCOTT ST,Minor Arterial,Scarborough,43.648081,-79.37601,Intersection Related,Traffic Signal,Clear,"Dark, artificial",Dry,1,Pedestrian Collisions,Pedestrian,55 to 59,Unknown,Unknown,Unknown,Unknown,Unknown,Other,Fatigue,Unknown,Yes,No,Downtown Yonge East,D51
11/14/2023 10:00:00 AM,642,WELLINGTON ST E,SCOTT ST,Minor Arterial,Scarborough,43.648081,-79.37601,Intersection Related,Traffic Signal,Clear,"Dark, artificial",Dry,1,Pedestrian Collisions,Passenger,25 to 29,Unknown,Unknown,Unknown,Unknown,Unknown,Unknown,Unknown,Unknown,Yes,No,Downtown Yonge East,D51
11/14/2023 10:00:00 AM,642,WELLINGTON ST E,SCOTT ST,Minor Arterial,Scarborough,43.648081,-79.37601,Intersection Related,Traffic Signal,Clear,"Dark, artificial",Dry,1,Pedestrian Collisions,Passenger,45 to 49,Unknown,Unknown,Unknown,Unknown,Unknown,Unknown,Unknown,Unknown,Yes,No,Downtown Yonge East,D51
11/14/2023 10:00:00 AM,642,WELLINGTON ST E,SCOTT ST,Minor Arterial,Scarborough,43.648081,-79.37601,Intersection Related,Traffic Signal,Clear,"Dark, artificial",Dry,1,Pedestrian Collisions,Passenger,30 to 34,Unknown,Unknown,Unknown,Unknown,Unknown,Unknown,Unknown,Unknown,Yes,No,Downtown Yonge East,D51
11/14/2023 10:00:00 AM,642,WELLINGTON ST E,SCOTT ST,Minor Arterial,Scarborough,43.648081,-79.37601,Intersection Related,Traffic Signal,Clear,"Dark, artificial",Dry,1,Pedestrian Collisions,Driver,60 to 64,North,Going Ahead,Other,Unknown,Unknown,Unknown,Unknown,Unknown,Yes,No,Downtown Yonge East,D51
11/28/2023 10:00:00 AM,1025,YONGE ST,HILLSDALE AVE E,Major Arterial,Etobicoke York,43.703326,-79.397647,Intersection Related,Stop Sign,Clear,Daylight,Dry,1,Pedestrian Collisions,Pedestrian,75 to 79,North,Unknown,Unknown,Unknown,Vehicle turns left while ped crosses with ROW at inter.,Crossing with right of way,Normal,Unknown,Yes,No,South Eglinton-Davisville,D53
11/28/2023 10:00:00 AM,1025,YONGE ST,HILLSDALE AVE E,Major Arterial,Etobicoke York,43.703326,-79.397647,Intersection Related,Stop Sign,Clear,Daylight,Dry,1,Pedestrian Collisions,Truck Driver,40 to 44,South,Turning Left,Improper Turn,Normal,Unknown,Unknown,Unknown,Unknown,Yes,No,South Eglinton-Davisville,D53
12/2/2023 10:00:00 AM,328,176 CHERRY ST,Unknown,Collector,Toronto and East York,43.641585,-79.349551,Non Intersection,No Control,Rain,"Dark, artificial",Wet,1,SMV Other,Passenger,20 to 24,Unknown,Unknown,Unknown,Unknown,Unknown,Unknown,Unknown,Unknown,No,No,South Riverdale,NSA
12/2/2023 10:00:00 AM,328,176 CHERRY ST,Unknown,Collector,Toronto and East York,43.641585,-79.349551,Non Intersection,No Control,Rain,"Dark, artificial",Wet,1,SMV Other,Driver,20 to 24,South,Other,Lost control,Other,Unknown,Unknown,Unknown,Unknown,No,No,South Riverdale,NSA
12/7/2023 10:00:00 AM,1246,ST CLAIR AVE W,WINONA DR,Major Arterial,Toronto and East York,43.680205,-79.43246,Intersection Related,Traffic Signal,Clear,Daylight,Dry,1,Pedestrian Collisions,Pedestrian,70 to 74,West,Unknown,Unknown,Unknown,Vehicle turns right while ped crosses with ROW at inter.,"Crossing, no Traffic Control",Normal,Unknown,Yes,No,Wychwood,D13
12/7/2023 10:00:00 AM,1246,ST CLAIR AVE W,WINONA DR,Major Arterial,Toronto and East York,43.680205,-79.43246,Intersection Related,Traffic Signal,Clear,Daylight,Dry,1,Pedestrian Collisions,Truck Driver,40 to 44,West,Turning Right,Failed to Yield Right of Way,Normal,Unknown,Unknown,Unknown,Unknown,Yes,No,Wychwood,D13
12/9/2023 10:00:00 AM,2040,256 EPSOM DOWNS DR,Unknown,Local,North York,43.722567,-79.503848,Non Intersection,No Control,Rain,"Dark, artificial",Wet,1,Pedestrian Collisions,Pedestrian,50 to 54,East,Unknown,Unknown,Unknown,Pedestrian hit at mid-block,Walking on Roadway with Traffic,Normal,Unknown,Yes,Yes,Oakdale-Beverley Heights,D31
12/9/2023 10:00:00 AM,2040,256 EPSOM DOWNS DR,Unknown,Local,North York,43.722567,-79.503848,Non Intersection,No Control,Rain,"Dark, artificial",Wet,1,Pedestrian Collisions,Driver,40 to 44,East,Going Ahead,Exceeding Speed Limit,Normal,Unknown,Unknown,Unknown,Unknown,Yes,Yes,Oakdale-Beverley Heights,D31
12/21/2023 10:00:00 AM,1842,CUMMER AVE,FLEMING DR,Collector,North York,43.794005,-79.385844,Intersection Related,No Control,Clear,"Dark, artificial",Dry,1,SMV Other,Driver,45 to 49,East,Going Ahead,Lost control,Other,Unknown,Unknown,Unknown,Unknown,No,No,Bayview Woods-Steeles,D33
12/28/2023 10:00:00 AM,1911,DUFFERIN ST,FISHER ST,Minor Arterial,Toronto and East York,43.650847,-79.431903,Intersection Related,No Control,Rain,Dark,Wet,1,Pedestrian Collisions,Pedestrian,80 to 84,East,Unknown,Unknown,Unknown,Vehicle is going straight thru inter.while ped cross without ROW,Crossing without right of way,Normal,Unknown,Yes,No,Little Portugal,D14
12/28/2023 10:00:00 AM,1911,DUFFERIN ST,FISHER ST,Minor Arterial,Toronto and East York,43.650847,-79.431903,Intersection Related,No Control,Rain,Dark,Wet,1,Pedestrian Collisions,Driver,20 to 24,North,Going Ahead,Driving Properly,Normal,Unknown,Unknown,Unknown,Unknown,Yes,No,Little Portugal,D14